configuration,status,condition,target_modality_group,nominal_supported_window_fraction,position,random_replicates,eligible_count,total_count,coverage,CLEAN_ONCE_fallback_count,completed_seeds,macro_F1_mean,macro_F1_seed_sd_ddof1,MAE_mean,MAE_seed_sd_ddof1
B-A-identity,ALL_THREE_PRESPECIFIED_SEEDS_COMPLETED,T:0.1:front,T,0.1,front,1,728,728,1.0,0,17;29;43,0.3075648432142088,0.013329465583855662,0.8187109196658593,0.03590099958842725
B-A-identity,ALL_THREE_PRESPECIFIED_SEEDS_COMPLETED,T:0.1:middle,T,0.1,middle,1,728,728,1.0,0,17;29;43,0.3075648432142088,0.013329465583855662,0.8187109196658593,0.03590099958842725
B-A-identity,ALL_THREE_PRESPECIFIED_SEEDS_COMPLETED,T:0.1:back,T,0.1,back,1,728,728,1.0,0,17;29;43,0.3075648432142088,0.013329465583855662,0.8187109196658593,0.03590099958842725
B-A-identity,ALL_THREE_PRESPECIFIED_SEEDS_COMPLETED,T:0.1:random,T,0.1,random,3,728,728,1.0,0,17;29;43,0.3075648432142088,0.013329465583855662,0.8187109196658593,0.03590099958842725
B-A-identity,ALL_THREE_PRESPECIFIED_SEEDS_COMPLETED,T:0.3:front,T,0.3,front,1,728,728,1.0,0,17;29;43,0.3075648432142088,0.013329465583855662,0.8187109196658593,0.03590099958842725
B-A-identity,ALL_THREE_PRESPECIFIED_SEEDS_COMPLETED,T:0.3:middle,T,0.3,middle,1,728,728,1.0,0,17;29;43,0.3075648432142088,0.013329465583855662,0.8187109196658593,0.03590099958842725
B-A-identity,ALL_THREE_PRESPECIFIED_SEEDS_COMPLETED,T:0.3:back,T,0.3,back,1,728,728,1.0,0,17;29;43,0.3075648432142088,0.013329465583855662,0.8187109196658593,0.03590099958842725
B-A-identity,ALL_THREE_PRESPECIFIED_SEEDS_COMPLETED,T:0.3:random,T,0.3,random,3,728,728,1.0,0,17;29;43,0.3075648432142088,0.013329465583855662,0.8187109196658593,0.03590099958842725
B-A-identity,ALL_THREE_PRESPECIFIED_SEEDS_COMPLETED,T:0.5:front,T,0.5,front,1,728,728,1.0,0,17;29;43,0.3075648432142088,0.013329465583855662,0.8187109196658593,0.03590099958842725
B-A-identity,ALL_THREE_PRESPECIFIED_SEEDS_COMPLETED,T:0.5:middle,T,0.5,middle,1,728,728,1.0,0,17;29;43,0.3075648432142088,0.013329465583855662,0.8187109196658593,0.03590099958842725
B-A-identity,ALL_THREE_PRESPECIFIED_SEEDS_COMPLETED,T:0.5:back,T,0.5,back,1,728,728,1.0,0,17;29;43,0.3075648432142088,0.013329465583855662,0.8187109196658593,0.03590099958842725
B-A-identity,ALL_THREE_PRESPECIFIED_SEEDS_COMPLETED,T:0.5:random,T,0.5,random,3,728,728,1.0,0,17;29;43,0.3075648432142088,0.013329465583855662,0.8187109196658593,0.03590099958842725
B-A-identity,ALL_THREE_PRESPECIFIED_SEEDS_COMPLETED,T:0.7:front,T,0.7,front,1,728,728,1.0,0,17;29;43,0.3075648432142088,0.013329465583855662,0.8187109196658593,0.03590099958842725
B-A-identity,ALL_THREE_PRESPECIFIED_SEEDS_COMPLETED,T:0.7:middle,T,0.7,middle,1,728,728,1.0,0,17;29;43,0.3075648432142088,0.013329465583855662,0.8187109196658593,0.03590099958842725
B-A-identity,ALL_THREE_PRESPECIFIED_SEEDS_COMPLETED,T:0.7:back,T,0.7,back,1,728,728,1.0,0,17;29;43,0.3075648432142088,0.013329465583855662,0.8187109196658593,0.03590099958842725
B-A-identity,ALL_THREE_PRESPECIFIED_SEEDS_COMPLETED,T:0.7:random,T,0.7,random,3,728,728,1.0,0,17;29;43,0.3075648432142088,0.013329465583855662,0.8187109196658593,0.03590099958842725
B-A-identity,ALL_THREE_PRESPECIFIED_SEEDS_COMPLETED,A:0.1:front,A,0.1,front,1,724,728,0.9945054945054945,4,17;29;43,0.3060426365133548,0.019239893187058415,0.8192420759679764,0.03658969324478811
B-A-identity,ALL_THREE_PRESPECIFIED_SEEDS_COMPLETED,A:0.1:middle,A,0.1,middle,1,724,728,0.9945054945054945,4,17;29;43,0.2969823657033621,0.010263426211396368,0.8185576926568231,0.03610885159458368
B-A-identity,ALL_THREE_PRESPECIFIED_SEEDS_COMPLETED,A:0.1:back,A,0.1,back,1,724,728,0.9945054945054945,4,17;29;43,0.30435511599914383,0.014065811927594728,0.8197268086101565,0.036428009018812296
B-A-identity,ALL_THREE_PRESPECIFIED_SEEDS_COMPLETED,A:0.1:random,A,0.1,random,3,724,728,0.9945054945054945,4,17;29;43,0.3009328354643686,0.01723532622865561,0.8196218903796053,0.036158292842394434
B-A-identity,ALL_THREE_PRESPECIFIED_SEEDS_COMPLETED,A:0.3:front,A,0.3,front,1,724,728,0.9945054945054945,4,17;29;43,0.3011033129956346,0.018467207666340767,0.8222366909659277,0.038381214558874964
B-A-identity,ALL_THREE_PRESPECIFIED_SEEDS_COMPLETED,A:0.3:middle,A,0.3,middle,1,724,728,0.9945054945054945,4,17;29;43,0.30022070126449296,0.006869904576585005,0.8184854558240682,0.035116416105440494
B-A-identity,ALL_THREE_PRESPECIFIED_SEEDS_COMPLETED,A:0.3:back,A,0.3,back,1,724,728,0.9945054945054945,4,17;29;43,0.3079465240396309,0.021405105966088515,0.8211699476514728,0.035538535092687354
B-A-identity,ALL_THREE_PRESPECIFIED_SEEDS_COMPLETED,A:0.3:random,A,0.3,random,3,724,728,0.9945054945054945,4,17;29;43,0.3006185271723873,0.01433065057129658,0.8225963375785857,0.03688467270457805
B-A-identity,ALL_THREE_PRESPECIFIED_SEEDS_COMPLETED,A:0.5:front,A,0.5,front,1,724,728,0.9945054945054945,4,17;29;43,0.30064940224505216,0.022737649925327164,0.8246690225377554,0.038670967772653414
B-A-identity,ALL_THREE_PRESPECIFIED_SEEDS_COMPLETED,A:0.5:middle,A,0.5,middle,1,724,728,0.9945054945054945,4,17;29;43,0.2988451215638541,0.007772519258216766,0.8198433246965872,0.03569986680625045
B-A-identity,ALL_THREE_PRESPECIFIED_SEEDS_COMPLETED,A:0.5:back,A,0.5,back,1,724,728,0.9945054945054945,4,17;29;43,0.30508644179567507,0.015991984628873007,0.822773024216096,0.033386009662907376
B-A-identity,ALL_THREE_PRESPECIFIED_SEEDS_COMPLETED,A:0.5:random,A,0.5,random,3,724,728,0.9945054945054945,4,17;29;43,0.30590460706689515,0.015274138035370047,0.8200246733960497,0.03670833345626914
B-A-identity,ALL_THREE_PRESPECIFIED_SEEDS_COMPLETED,A:0.7:front,A,0.7,front,1,718,728,0.9862637362637363,10,17;29;43,0.2965091609376749,0.027611724889468604,0.8335389737619749,0.04104471165545466
B-A-identity,ALL_THREE_PRESPECIFIED_SEEDS_COMPLETED,A:0.7:middle,A,0.7,middle,1,718,728,0.9862637362637363,10,17;29;43,0.29788174116058813,0.016695380478102914,0.8247028724394906,0.037907020769998925
B-A-identity,ALL_THREE_PRESPECIFIED_SEEDS_COMPLETED,A:0.7:back,A,0.7,back,1,718,728,0.9862637362637363,10,17;29;43,0.29781215705524816,0.005995457528285778,0.8251657816753598,0.03387083318181916
B-A-identity,ALL_THREE_PRESPECIFIED_SEEDS_COMPLETED,A:0.7:random,A,0.7,random,3,718,728,0.9862637362637363,10,17;29;43,0.297457200777021,0.01697197319832367,0.828434055432917,0.03871797041238635
B-A-identity,ALL_THREE_PRESPECIFIED_SEEDS_COMPLETED,V:0.1:front,V,0.1,front,1,703,728,0.9656593406593407,25,17;29;43,0.3075648432142088,0.013329465583855662,0.8187109196658593,0.03590099958842725
B-A-identity,ALL_THREE_PRESPECIFIED_SEEDS_COMPLETED,V:0.1:middle,V,0.1,middle,1,703,728,0.9656593406593407,25,17;29;43,0.3075648432142088,0.013329465583855662,0.8187109196658593,0.03590099958842725
B-A-identity,ALL_THREE_PRESPECIFIED_SEEDS_COMPLETED,V:0.1:back,V,0.1,back,1,703,728,0.9656593406593407,25,17;29;43,0.3075648432142088,0.013329465583855662,0.8187109196658593,0.03590099958842725
B-A-identity,ALL_THREE_PRESPECIFIED_SEEDS_COMPLETED,V:0.1:random,V,0.1,random,3,703,728,0.9656593406593407,25,17;29;43,0.3075648432142088,0.013329465583855662,0.8187109196658593,0.03590099958842725
B-A-identity,ALL_THREE_PRESPECIFIED_SEEDS_COMPLETED,V:0.3:front,V,0.3,front,1,703,728,0.9656593406593407,25,17;29;43,0.3075648432142088,0.013329465583855662,0.8187109196658593,0.03590099958842725
B-A-identity,ALL_THREE_PRESPECIFIED_SEEDS_COMPLETED,V:0.3:middle,V,0.3,middle,1,703,728,0.9656593406593407,25,17;29;43,0.3075648432142088,0.013329465583855662,0.8187109196658593,0.03590099958842725
B-A-identity,ALL_THREE_PRESPECIFIED_SEEDS_COMPLETED,V:0.3:back,V,0.3,back,1,703,728,0.9656593406593407,25,17;29;43,0.3075648432142088,0.013329465583855662,0.8187109196658593,0.03590099958842725
B-A-identity,ALL_THREE_PRESPECIFIED_SEEDS_COMPLETED,V:0.3:random,V,0.3,random,3,703,728,0.9656593406593407,25,17;29;43,0.3075648432142088,0.013329465583855662,0.8187109196658593,0.03590099958842725
B-A-identity,ALL_THREE_PRESPECIFIED_SEEDS_COMPLETED,V:0.5:front,V,0.5,front,1,703,728,0.9656593406593407,25,17;29;43,0.3075648432142088,0.013329465583855662,0.8187109196658593,0.03590099958842725
B-A-identity,ALL_THREE_PRESPECIFIED_SEEDS_COMPLETED,V:0.5:middle,V,0.5,middle,1,703,728,0.9656593406593407,25,17;29;43,0.3075648432142088,0.013329465583855662,0.8187109196658593,0.03590099958842725
B-A-identity,ALL_THREE_PRESPECIFIED_SEEDS_COMPLETED,V:0.5:back,V,0.5,back,1,703,728,0.9656593406593407,25,17;29;43,0.3075648432142088,0.013329465583855662,0.8187109196658593,0.03590099958842725
B-A-identity,ALL_THREE_PRESPECIFIED_SEEDS_COMPLETED,V:0.5:random,V,0.5,random,3,703,728,0.9656593406593407,25,17;29;43,0.3075648432142088,0.013329465583855662,0.8187109196658593,0.03590099958842725
B-A-identity,ALL_THREE_PRESPECIFIED_SEEDS_COMPLETED,V:0.7:front,V,0.7,front,1,694,728,0.9532967032967034,34,17;29;43,0.3075648432142088,0.013329465583855662,0.8187109196658593,0.03590099958842725
B-A-identity,ALL_THREE_PRESPECIFIED_SEEDS_COMPLETED,V:0.7:middle,V,0.7,middle,1,694,728,0.9532967032967034,34,17;29;43,0.3075648432142088,0.013329465583855662,0.8187109196658593,0.03590099958842725
B-A-identity,ALL_THREE_PRESPECIFIED_SEEDS_COMPLETED,V:0.7:back,V,0.7,back,1,694,728,0.9532967032967034,34,17;29;43,0.3075648432142088,0.013329465583855662,0.8187109196658593,0.03590099958842725
B-A-identity,ALL_THREE_PRESPECIFIED_SEEDS_COMPLETED,V:0.7:random,V,0.7,random,3,694,728,0.9532967032967034,34,17;29;43,0.3075648432142088,0.013329465583855662,0.8187109196658593,0.03590099958842725
B-A-identity,ALL_THREE_PRESPECIFIED_SEEDS_COMPLETED,TA:0.1:front,TA,0.1,front,1,724,728,0.9945054945054945,4,17;29;43,0.3060426365133548,0.019239893187058415,0.8192420759679764,0.03658969324478811
B-A-identity,ALL_THREE_PRESPECIFIED_SEEDS_COMPLETED,TA:0.1:middle,TA,0.1,middle,1,724,728,0.9945054945054945,4,17;29;43,0.2969823657033621,0.010263426211396368,0.8185576926568231,0.03610885159458368
B-A-identity,ALL_THREE_PRESPECIFIED_SEEDS_COMPLETED,TA:0.1:back,TA,0.1,back,1,724,728,0.9945054945054945,4,17;29;43,0.30435511599914383,0.014065811927594728,0.8197268086101565,0.036428009018812296
B-A-identity,ALL_THREE_PRESPECIFIED_SEEDS_COMPLETED,TA:0.1:random,TA,0.1,random,3,724,728,0.9945054945054945,4,17;29;43,0.3029688598059164,0.018310413521759508,0.8190540204764952,0.036082378502918074
B-A-identity,ALL_THREE_PRESPECIFIED_SEEDS_COMPLETED,TA:0.3:front,TA,0.3,front,1,724,728,0.9945054945054945,4,17;29;43,0.3011033129956346,0.018467207666340767,0.8222366909659277,0.038381214558874964
B-A-identity,ALL_THREE_PRESPECIFIED_SEEDS_COMPLETED,TA:0.3:middle,TA,0.3,middle,1,724,728,0.9945054945054945,4,17;29;43,0.30022070126449296,0.006869904576585005,0.8184854558240682,0.035116416105440494
B-A-identity,ALL_THREE_PRESPECIFIED_SEEDS_COMPLETED,TA:0.3:back,TA,0.3,back,1,724,728,0.9945054945054945,4,17;29;43,0.3079465240396309,0.021405105966088515,0.8211699476514728,0.035538535092687354
B-A-identity,ALL_THREE_PRESPECIFIED_SEEDS_COMPLETED,TA:0.3:random,TA,0.3,random,3,724,728,0.9945054945054945,4,17;29;43,0.29752796274144505,0.013709138175127585,0.820075851810814,0.034556575827911086
B-A-identity,ALL_THREE_PRESPECIFIED_SEEDS_COMPLETED,TA:0.5:front,TA,0.5,front,1,724,728,0.9945054945054945,4,17;29;43,0.30064940224505216,0.022737649925327164,0.8246690225377554,0.038670967772653414
B-A-identity,ALL_THREE_PRESPECIFIED_SEEDS_COMPLETED,TA:0.5:middle,TA,0.5,middle,1,724,728,0.9945054945054945,4,17;29;43,0.2988451215638541,0.007772519258216766,0.8198433246965872,0.03569986680625045
B-A-identity,ALL_THREE_PRESPECIFIED_SEEDS_COMPLETED,TA:0.5:back,TA,0.5,back,1,724,728,0.9945054945054945,4,17;29;43,0.30508644179567507,0.015991984628873007,0.822773024216096,0.033386009662907376
B-A-identity,ALL_THREE_PRESPECIFIED_SEEDS_COMPLETED,TA:0.5:random,TA,0.5,random,3,724,728,0.9945054945054945,4,17;29;43,0.2939865443989395,0.01264544116681029,0.8246299602380823,0.03642261000776825
B-A-identity,ALL_THREE_PRESPECIFIED_SEEDS_COMPLETED,TA:0.7:front,TA,0.7,front,1,718,728,0.9862637362637363,10,17;29;43,0.2965091609376749,0.027611724889468604,0.8335389737619749,0.04104471165545466
B-A-identity,ALL_THREE_PRESPECIFIED_SEEDS_COMPLETED,TA:0.7:middle,TA,0.7,middle,1,718,728,0.9862637362637363,10,17;29;43,0.29788174116058813,0.016695380478102914,0.8247028724394906,0.037907020769998925
B-A-identity,ALL_THREE_PRESPECIFIED_SEEDS_COMPLETED,TA:0.7:back,TA,0.7,back,1,718,728,0.9862637362637363,10,17;29;43,0.29781215705524816,0.005995457528285778,0.8251657816753598,0.03387083318181916
B-A-identity,ALL_THREE_PRESPECIFIED_SEEDS_COMPLETED,TA:0.7:random,TA,0.7,random,3,718,728,0.9862637362637363,10,17;29;43,0.30404760912018075,0.013768226916071429,0.8263182756677568,0.03771007800520653
B-A-identity,ALL_THREE_PRESPECIFIED_SEEDS_COMPLETED,TV:0.1:front,TV,0.1,front,1,703,728,0.9656593406593407,25,17;29;43,0.3075648432142088,0.013329465583855662,0.8187109196658593,0.03590099958842725
B-A-identity,ALL_THREE_PRESPECIFIED_SEEDS_COMPLETED,TV:0.1:middle,TV,0.1,middle,1,703,728,0.9656593406593407,25,17;29;43,0.3075648432142088,0.013329465583855662,0.8187109196658593,0.03590099958842725
B-A-identity,ALL_THREE_PRESPECIFIED_SEEDS_COMPLETED,TV:0.1:back,TV,0.1,back,1,703,728,0.9656593406593407,25,17;29;43,0.3075648432142088,0.013329465583855662,0.8187109196658593,0.03590099958842725
B-A-identity,ALL_THREE_PRESPECIFIED_SEEDS_COMPLETED,TV:0.1:random,TV,0.1,random,3,703,728,0.9656593406593407,25,17;29;43,0.3075648432142088,0.013329465583855662,0.8187109196658593,0.03590099958842725
B-A-identity,ALL_THREE_PRESPECIFIED_SEEDS_COMPLETED,TV:0.3:front,TV,0.3,front,1,703,728,0.9656593406593407,25,17;29;43,0.3075648432142088,0.013329465583855662,0.8187109196658593,0.03590099958842725
B-A-identity,ALL_THREE_PRESPECIFIED_SEEDS_COMPLETED,TV:0.3:middle,TV,0.3,middle,1,703,728,0.9656593406593407,25,17;29;43,0.3075648432142088,0.013329465583855662,0.8187109196658593,0.03590099958842725
B-A-identity,ALL_THREE_PRESPECIFIED_SEEDS_COMPLETED,TV:0.3:back,TV,0.3,back,1,703,728,0.9656593406593407,25,17;29;43,0.3075648432142088,0.013329465583855662,0.8187109196658593,0.03590099958842725
B-A-identity,ALL_THREE_PRESPECIFIED_SEEDS_COMPLETED,TV:0.3:random,TV,0.3,random,3,703,728,0.9656593406593407,25,17;29;43,0.3075648432142088,0.013329465583855662,0.8187109196658593,0.03590099958842725
B-A-identity,ALL_THREE_PRESPECIFIED_SEEDS_COMPLETED,TV:0.5:front,TV,0.5,front,1,703,728,0.9656593406593407,25,17;29;43,0.3075648432142088,0.013329465583855662,0.8187109196658593,0.03590099958842725
B-A-identity,ALL_THREE_PRESPECIFIED_SEEDS_COMPLETED,TV:0.5:middle,TV,0.5,middle,1,703,728,0.9656593406593407,25,17;29;43,0.3075648432142088,0.013329465583855662,0.8187109196658593,0.03590099958842725
B-A-identity,ALL_THREE_PRESPECIFIED_SEEDS_COMPLETED,TV:0.5:back,TV,0.5,back,1,703,728,0.9656593406593407,25,17;29;43,0.3075648432142088,0.013329465583855662,0.8187109196658593,0.03590099958842725
B-A-identity,ALL_THREE_PRESPECIFIED_SEEDS_COMPLETED,TV:0.5:random,TV,0.5,random,3,703,728,0.9656593406593407,25,17;29;43,0.3075648432142088,0.013329465583855662,0.8187109196658593,0.03590099958842725
B-A-identity,ALL_THREE_PRESPECIFIED_SEEDS_COMPLETED,TV:0.7:front,TV,0.7,front,1,694,728,0.9532967032967034,34,17;29;43,0.3075648432142088,0.013329465583855662,0.8187109196658593,0.03590099958842725
B-A-identity,ALL_THREE_PRESPECIFIED_SEEDS_COMPLETED,TV:0.7:middle,TV,0.7,middle,1,694,728,0.9532967032967034,34,17;29;43,0.3075648432142088,0.013329465583855662,0.8187109196658593,0.03590099958842725
B-A-identity,ALL_THREE_PRESPECIFIED_SEEDS_COMPLETED,TV:0.7:back,TV,0.7,back,1,694,728,0.9532967032967034,34,17;29;43,0.3075648432142088,0.013329465583855662,0.8187109196658593,0.03590099958842725
B-A-identity,ALL_THREE_PRESPECIFIED_SEEDS_COMPLETED,TV:0.7:random,TV,0.7,random,3,694,728,0.9532967032967034,34,17;29;43,0.3075648432142088,0.013329465583855662,0.8187109196658593,0.03590099958842725
B-A-identity,ALL_THREE_PRESPECIFIED_SEEDS_COMPLETED,AV:0.1:front,AV,0.1,front,1,703,728,0.9656593406593407,25,17;29;43,0.3054728164046788,0.019630214336274914,0.8189381423874629,0.03648069889137124
B-A-identity,ALL_THREE_PRESPECIFIED_SEEDS_COMPLETED,AV:0.1:middle,AV,0.1,middle,1,703,728,0.9656593406593407,25,17;29;43,0.2974551757366773,0.00993872239896784,0.8182281119069433,0.035722399662203905
B-A-identity,ALL_THREE_PRESPECIFIED_SEEDS_COMPLETED,AV:0.1:back,AV,0.1,back,1,703,728,0.9656593406593407,25,17;29;43,0.30461788853208566,0.014414439561843857,0.8191592605705006,0.036252330889074806
B-A-identity,ALL_THREE_PRESPECIFIED_SEEDS_COMPLETED,AV:0.1:random,AV,0.1,random,3,703,728,0.9656593406593407,25,17;29;43,0.30079276284313283,0.013833340261214647,0.8189514281047271,0.0364960723570134
B-A-identity,ALL_THREE_PRESPECIFIED_SEEDS_COMPLETED,AV:0.3:front,AV,0.3,front,1,703,728,0.9656593406593407,25,17;29;43,0.30175224234820236,0.01839973561880857,0.8216011326417524,0.038259289894785845
B-A-identity,ALL_THREE_PRESPECIFIED_SEEDS_COMPLETED,AV:0.3:middle,AV,0.3,middle,1,703,728,0.9656593406593407,25,17;29;43,0.30144555404050755,0.007727775354747897,0.8175142632775826,0.03457808584753668
B-A-identity,ALL_THREE_PRESPECIFIED_SEEDS_COMPLETED,AV:0.3:back,AV,0.3,back,1,703,728,0.9656593406593407,25,17;29;43,0.3074283319468333,0.02075514036489748,0.8210352192848308,0.035742016343996215
B-A-identity,ALL_THREE_PRESPECIFIED_SEEDS_COMPLETED,AV:0.3:random,AV,0.3,random,3,703,728,0.9656593406593407,25,17;29;43,0.30109546067569326,0.01971045124448499,0.8214037395776961,0.03595638188358334
B-A-identity,ALL_THREE_PRESPECIFIED_SEEDS_COMPLETED,AV:0.5:front,AV,0.5,front,1,703,728,0.9656593406593407,25,17;29;43,0.30354398684514367,0.02408289583956128,0.8234321703074561,0.03852980905730829
B-A-identity,ALL_THREE_PRESPECIFIED_SEEDS_COMPLETED,AV:0.5:middle,AV,0.5,middle,1,703,728,0.9656593406593407,25,17;29;43,0.30034185223368176,0.008559881132660216,0.8190954716969111,0.03540796547248585
B-A-identity,ALL_THREE_PRESPECIFIED_SEEDS_COMPLETED,AV:0.5:back,AV,0.5,back,1,703,728,0.9656593406593407,25,17;29;43,0.30535098472462147,0.01611884671752719,0.8228064236542335,0.0332572709182293
B-A-identity,ALL_THREE_PRESPECIFIED_SEEDS_COMPLETED,AV:0.5:random,AV,0.5,random,3,703,728,0.9656593406593407,25,17;29;43,0.2998021779444307,0.01594024367314983,0.8240059743736384,0.03430531762806881
B-A-identity,ALL_THREE_PRESPECIFIED_SEEDS_COMPLETED,AV:0.7:front,AV,0.7,front,1,694,728,0.9532967032967034,34,17;29;43,0.29904400623243826,0.027784678928443548,0.8327351123668746,0.04168270037173705
B-A-identity,ALL_THREE_PRESPECIFIED_SEEDS_COMPLETED,AV:0.7:middle,AV,0.7,middle,1,694,728,0.9532967032967034,34,17;29;43,0.30008842714227674,0.015978934729581673,0.824678759841332,0.03858632229921885
B-A-identity,ALL_THREE_PRESPECIFIED_SEEDS_COMPLETED,AV:0.7:back,AV,0.7,back,1,694,728,0.9532967032967034,34,17;29;43,0.2999609432885717,0.006335718213884218,0.8253939539057543,0.03363828198243231
B-A-identity,ALL_THREE_PRESPECIFIED_SEEDS_COMPLETED,AV:0.7:random,AV,0.7,random,3,694,728,0.9532967032967034,34,17;29;43,0.2996595226263606,0.016251619737341724,0.8284305250460849,0.03870298038734488
B-A-zscore,ALL_THREE_PRESPECIFIED_SEEDS_COMPLETED,T:0.1:front,T,0.1,front,1,728,728,1.0,0,17;29;43,0.3654756438740783,0.009693623980381887,0.8450225580143278,0.006929744568220537
B-A-zscore,ALL_THREE_PRESPECIFIED_SEEDS_COMPLETED,T:0.1:middle,T,0.1,middle,1,728,728,1.0,0,17;29;43,0.3654756438740783,0.009693623980381887,0.8450225580143278,0.006929744568220537
B-A-zscore,ALL_THREE_PRESPECIFIED_SEEDS_COMPLETED,T:0.1:back,T,0.1,back,1,728,728,1.0,0,17;29;43,0.3654756438740783,0.009693623980381887,0.8450225580143278,0.006929744568220537
B-A-zscore,ALL_THREE_PRESPECIFIED_SEEDS_COMPLETED,T:0.1:random,T,0.1,random,3,728,728,1.0,0,17;29;43,0.3654756438740783,0.009693623980381887,0.8450225580143278,0.006929744568220543
B-A-zscore,ALL_THREE_PRESPECIFIED_SEEDS_COMPLETED,T:0.3:front,T,0.3,front,1,728,728,1.0,0,17;29;43,0.3654756438740783,0.009693623980381887,0.8450225580143278,0.006929744568220537
B-A-zscore,ALL_THREE_PRESPECIFIED_SEEDS_COMPLETED,T:0.3:middle,T,0.3,middle,1,728,728,1.0,0,17;29;43,0.3654756438740783,0.009693623980381887,0.8450225580143278,0.006929744568220537
B-A-zscore,ALL_THREE_PRESPECIFIED_SEEDS_COMPLETED,T:0.3:back,T,0.3,back,1,728,728,1.0,0,17;29;43,0.3654756438740783,0.009693623980381887,0.8450225580143278,0.006929744568220537
B-A-zscore,ALL_THREE_PRESPECIFIED_SEEDS_COMPLETED,T:0.3:random,T,0.3,random,3,728,728,1.0,0,17;29;43,0.3654756438740783,0.009693623980381887,0.8450225580143278,0.006929744568220543
B-A-zscore,ALL_THREE_PRESPECIFIED_SEEDS_COMPLETED,T:0.5:front,T,0.5,front,1,728,728,1.0,0,17;29;43,0.3654756438740783,0.009693623980381887,0.8450225580143278,0.006929744568220537
B-A-zscore,ALL_THREE_PRESPECIFIED_SEEDS_COMPLETED,T:0.5:middle,T,0.5,middle,1,728,728,1.0,0,17;29;43,0.3654756438740783,0.009693623980381887,0.8450225580143278,0.006929744568220537
B-A-zscore,ALL_THREE_PRESPECIFIED_SEEDS_COMPLETED,T:0.5:back,T,0.5,back,1,728,728,1.0,0,17;29;43,0.3654756438740783,0.009693623980381887,0.8450225580143278,0.006929744568220537
B-A-zscore,ALL_THREE_PRESPECIFIED_SEEDS_COMPLETED,T:0.5:random,T,0.5,random,3,728,728,1.0,0,17;29;43,0.3654756438740783,0.009693623980381887,0.8450225580143278,0.006929744568220543
B-A-zscore,ALL_THREE_PRESPECIFIED_SEEDS_COMPLETED,T:0.7:front,T,0.7,front,1,728,728,1.0,0,17;29;43,0.3654756438740783,0.009693623980381887,0.8450225580143278,0.006929744568220537
B-A-zscore,ALL_THREE_PRESPECIFIED_SEEDS_COMPLETED,T:0.7:middle,T,0.7,middle,1,728,728,1.0,0,17;29;43,0.3654756438740783,0.009693623980381887,0.8450225580143278,0.006929744568220537
B-A-zscore,ALL_THREE_PRESPECIFIED_SEEDS_COMPLETED,T:0.7:back,T,0.7,back,1,728,728,1.0,0,17;29;43,0.3654756438740783,0.009693623980381887,0.8450225580143278,0.006929744568220537
B-A-zscore,ALL_THREE_PRESPECIFIED_SEEDS_COMPLETED,T:0.7:random,T,0.7,random,3,728,728,1.0,0,17;29;43,0.3654756438740783,0.009693623980381887,0.8450225580143278,0.006929744568220543
B-A-zscore,ALL_THREE_PRESPECIFIED_SEEDS_COMPLETED,A:0.1:front,A,0.1,front,1,724,728,0.9945054945054945,4,17;29;43,0.34942949946220175,0.011630215791950928,0.8508157789236086,0.009749327861120611
B-A-zscore,ALL_THREE_PRESPECIFIED_SEEDS_COMPLETED,A:0.1:middle,A,0.1,middle,1,724,728,0.9945054945054945,4,17;29;43,0.35162817343528685,0.013200299578031493,0.8458740124779037,0.010056071567760753
B-A-zscore,ALL_THREE_PRESPECIFIED_SEEDS_COMPLETED,A:0.1:back,A,0.1,back,1,724,728,0.9945054945054945,4,17;29;43,0.35956838614271835,0.004678384048585332,0.8444195170674133,0.009480608079523587
B-A-zscore,ALL_THREE_PRESPECIFIED_SEEDS_COMPLETED,A:0.1:random,A,0.1,random,3,724,728,0.9945054945054945,4,17;29;43,0.35315409947022175,0.01382067817967821,0.8500343093308511,0.008627881560441298
B-A-zscore,ALL_THREE_PRESPECIFIED_SEEDS_COMPLETED,A:0.3:front,A,0.3,front,1,724,728,0.9945054945054945,4,17;29;43,0.3607147544386935,0.004805098682220624,0.860702257491096,0.011602339782505735
B-A-zscore,ALL_THREE_PRESPECIFIED_SEEDS_COMPLETED,A:0.3:middle,A,0.3,middle,1,724,728,0.9945054945054945,4,17;29;43,0.3496182816807889,0.02099505911372576,0.8560197911545723,0.01745963660683194
B-A-zscore,ALL_THREE_PRESPECIFIED_SEEDS_COMPLETED,A:0.3:back,A,0.3,back,1,724,728,0.9945054945054945,4,17;29;43,0.3612067866949668,0.003930767536427532,0.8590334699754735,0.00931374993210074
B-A-zscore,ALL_THREE_PRESPECIFIED_SEEDS_COMPLETED,A:0.3:random,A,0.3,random,3,724,728,0.9945054945054945,4,17;29;43,0.35387273968163085,0.008978888928592933,0.8593513680230661,0.014092304079771814
B-A-zscore,ALL_THREE_PRESPECIFIED_SEEDS_COMPLETED,A:0.5:front,A,0.5,front,1,724,728,0.9945054945054945,4,17;29;43,0.3591581832259337,0.011279533657611645,0.8713102901120217,0.01475986831264383
B-A-zscore,ALL_THREE_PRESPECIFIED_SEEDS_COMPLETED,A:0.5:middle,A,0.5,middle,1,724,728,0.9945054945054945,4,17;29;43,0.3452026509818306,0.017319521402909557,0.8712734175091627,0.022584412340521016
B-A-zscore,ALL_THREE_PRESPECIFIED_SEEDS_COMPLETED,A:0.5:back,A,0.5,back,1,724,728,0.9945054945054945,4,17;29;43,0.3396831807368533,0.020486010830493572,0.8824066499188127,0.015917550945109906
B-A-zscore,ALL_THREE_PRESPECIFIED_SEEDS_COMPLETED,A:0.5:random,A,0.5,random,3,724,728,0.9945054945054945,4,17;29;43,0.3486935380722087,0.00572748947281942,0.8705027843652638,0.020735289763917027
B-A-zscore,ALL_THREE_PRESPECIFIED_SEEDS_COMPLETED,A:0.7:front,A,0.7,front,1,718,728,0.9862637362637363,10,17;29;43,0.3394308260519885,0.003813948170688181,0.9155914125809571,0.02803169199253187
B-A-zscore,ALL_THREE_PRESPECIFIED_SEEDS_COMPLETED,A:0.7:middle,A,0.7,middle,1,718,728,0.9862637362637363,10,17;29;43,0.3519431450591924,0.015036331670814664,0.889680060610845,0.02089718288778684
B-A-zscore,ALL_THREE_PRESPECIFIED_SEEDS_COMPLETED,A:0.7:back,A,0.7,back,1,718,728,0.9862637362637363,10,17;29;43,0.3391601527809042,0.012473610936979488,0.9065974567431659,0.008334540892982344
B-A-zscore,ALL_THREE_PRESPECIFIED_SEEDS_COMPLETED,A:0.7:random,A,0.7,random,3,718,728,0.9862637362637363,10,17;29;43,0.3425401649132773,0.008449590548666211,0.9123293807725031,0.019860869000623418
B-A-zscore,ALL_THREE_PRESPECIFIED_SEEDS_COMPLETED,V:0.1:front,V,0.1,front,1,703,728,0.9656593406593407,25,17;29;43,0.3654756438740783,0.009693623980381887,0.8450225580143278,0.006929744568220537
B-A-zscore,ALL_THREE_PRESPECIFIED_SEEDS_COMPLETED,V:0.1:middle,V,0.1,middle,1,703,728,0.9656593406593407,25,17;29;43,0.3654756438740783,0.009693623980381887,0.8450225580143278,0.006929744568220537
B-A-zscore,ALL_THREE_PRESPECIFIED_SEEDS_COMPLETED,V:0.1:back,V,0.1,back,1,703,728,0.9656593406593407,25,17;29;43,0.3654756438740783,0.009693623980381887,0.8450225580143278,0.006929744568220537
B-A-zscore,ALL_THREE_PRESPECIFIED_SEEDS_COMPLETED,V:0.1:random,V,0.1,random,3,703,728,0.9656593406593407,25,17;29;43,0.3654756438740783,0.009693623980381887,0.8450225580143278,0.006929744568220543
B-A-zscore,ALL_THREE_PRESPECIFIED_SEEDS_COMPLETED,V:0.3:front,V,0.3,front,1,703,728,0.9656593406593407,25,17;29;43,0.3654756438740783,0.009693623980381887,0.8450225580143278,0.006929744568220537
B-A-zscore,ALL_THREE_PRESPECIFIED_SEEDS_COMPLETED,V:0.3:middle,V,0.3,middle,1,703,728,0.9656593406593407,25,17;29;43,0.3654756438740783,0.009693623980381887,0.8450225580143278,0.006929744568220537
B-A-zscore,ALL_THREE_PRESPECIFIED_SEEDS_COMPLETED,V:0.3:back,V,0.3,back,1,703,728,0.9656593406593407,25,17;29;43,0.3654756438740783,0.009693623980381887,0.8450225580143278,0.006929744568220537
B-A-zscore,ALL_THREE_PRESPECIFIED_SEEDS_COMPLETED,V:0.3:random,V,0.3,random,3,703,728,0.9656593406593407,25,17;29;43,0.3654756438740783,0.009693623980381887,0.8450225580143278,0.006929744568220543
B-A-zscore,ALL_THREE_PRESPECIFIED_SEEDS_COMPLETED,V:0.5:front,V,0.5,front,1,703,728,0.9656593406593407,25,17;29;43,0.3654756438740783,0.009693623980381887,0.8450225580143278,0.006929744568220537
B-A-zscore,ALL_THREE_PRESPECIFIED_SEEDS_COMPLETED,V:0.5:middle,V,0.5,middle,1,703,728,0.9656593406593407,25,17;29;43,0.3654756438740783,0.009693623980381887,0.8450225580143278,0.006929744568220537
B-A-zscore,ALL_THREE_PRESPECIFIED_SEEDS_COMPLETED,V:0.5:back,V,0.5,back,1,703,728,0.9656593406593407,25,17;29;43,0.3654756438740783,0.009693623980381887,0.8450225580143278,0.006929744568220537
B-A-zscore,ALL_THREE_PRESPECIFIED_SEEDS_COMPLETED,V:0.5:random,V,0.5,random,3,703,728,0.9656593406593407,25,17;29;43,0.3654756438740783,0.009693623980381887,0.8450225580143278,0.006929744568220543
B-A-zscore,ALL_THREE_PRESPECIFIED_SEEDS_COMPLETED,V:0.7:front,V,0.7,front,1,694,728,0.9532967032967034,34,17;29;43,0.3654756438740783,0.009693623980381887,0.8450225580143278,0.006929744568220537
B-A-zscore,ALL_THREE_PRESPECIFIED_SEEDS_COMPLETED,V:0.7:middle,V,0.7,middle,1,694,728,0.9532967032967034,34,17;29;43,0.3654756438740783,0.009693623980381887,0.8450225580143278,0.006929744568220537
B-A-zscore,ALL_THREE_PRESPECIFIED_SEEDS_COMPLETED,V:0.7:back,V,0.7,back,1,694,728,0.9532967032967034,34,17;29;43,0.3654756438740783,0.009693623980381887,0.8450225580143278,0.006929744568220537
B-A-zscore,ALL_THREE_PRESPECIFIED_SEEDS_COMPLETED,V:0.7:random,V,0.7,random,3,694,728,0.9532967032967034,34,17;29;43,0.3654756438740783,0.009693623980381887,0.8450225580143278,0.006929744568220543
B-A-zscore,ALL_THREE_PRESPECIFIED_SEEDS_COMPLETED,TA:0.1:front,TA,0.1,front,1,724,728,0.9945054945054945,4,17;29;43,0.34942949946220175,0.011630215791950928,0.8508157789236086,0.009749327861120611
B-A-zscore,ALL_THREE_PRESPECIFIED_SEEDS_COMPLETED,TA:0.1:middle,TA,0.1,middle,1,724,728,0.9945054945054945,4,17;29;43,0.35162817343528685,0.013200299578031493,0.8458740124779037,0.010056071567760753
B-A-zscore,ALL_THREE_PRESPECIFIED_SEEDS_COMPLETED,TA:0.1:back,TA,0.1,back,1,724,728,0.9945054945054945,4,17;29;43,0.35956838614271835,0.004678384048585332,0.8444195170674133,0.009480608079523587
B-A-zscore,ALL_THREE_PRESPECIFIED_SEEDS_COMPLETED,TA:0.1:random,TA,0.1,random,3,724,728,0.9945054945054945,4,17;29;43,0.35109463310397215,0.0017220137487308463,0.8481745118094515,0.008575202754718278
B-A-zscore,ALL_THREE_PRESPECIFIED_SEEDS_COMPLETED,TA:0.3:front,TA,0.3,front,1,724,728,0.9945054945054945,4,17;29;43,0.3607147544386935,0.004805098682220624,0.860702257491096,0.011602339782505735
B-A-zscore,ALL_THREE_PRESPECIFIED_SEEDS_COMPLETED,TA:0.3:middle,TA,0.3,middle,1,724,728,0.9945054945054945,4,17;29;43,0.3496182816807889,0.02099505911372576,0.8560197911545723,0.01745963660683194
B-A-zscore,ALL_THREE_PRESPECIFIED_SEEDS_COMPLETED,TA:0.3:back,TA,0.3,back,1,724,728,0.9945054945054945,4,17;29;43,0.3612067866949668,0.003930767536427532,0.8590334699754735,0.00931374993210074
B-A-zscore,ALL_THREE_PRESPECIFIED_SEEDS_COMPLETED,TA:0.3:random,TA,0.3,random,3,724,728,0.9945054945054945,4,17;29;43,0.3538584677062277,0.006205858065063529,0.859243773573239,0.01068713387117239
B-A-zscore,ALL_THREE_PRESPECIFIED_SEEDS_COMPLETED,TA:0.5:front,TA,0.5,front,1,724,728,0.9945054945054945,4,17;29;43,0.3591581832259337,0.011279533657611645,0.8713102901120217,0.01475986831264383
B-A-zscore,ALL_THREE_PRESPECIFIED_SEEDS_COMPLETED,TA:0.5:middle,TA,0.5,middle,1,724,728,0.9945054945054945,4,17;29;43,0.3452026509818306,0.017319521402909557,0.8712734175091627,0.022584412340521016
B-A-zscore,ALL_THREE_PRESPECIFIED_SEEDS_COMPLETED,TA:0.5:back,TA,0.5,back,1,724,728,0.9945054945054945,4,17;29;43,0.3396831807368533,0.020486010830493572,0.8824066499188127,0.015917550945109906
B-A-zscore,ALL_THREE_PRESPECIFIED_SEEDS_COMPLETED,TA:0.5:random,TA,0.5,random,3,724,728,0.9945054945054945,4,17;29;43,0.3448946233981487,0.010519413714288764,0.8679416558858573,0.013098572901499217
B-A-zscore,ALL_THREE_PRESPECIFIED_SEEDS_COMPLETED,TA:0.7:front,TA,0.7,front,1,718,728,0.9862637362637363,10,17;29;43,0.3394308260519885,0.003813948170688181,0.9155914125809571,0.02803169199253187
B-A-zscore,ALL_THREE_PRESPECIFIED_SEEDS_COMPLETED,TA:0.7:middle,TA,0.7,middle,1,718,728,0.9862637362637363,10,17;29;43,0.3519431450591924,0.015036331670814664,0.889680060610845,0.02089718288778684
B-A-zscore,ALL_THREE_PRESPECIFIED_SEEDS_COMPLETED,TA:0.7:back,TA,0.7,back,1,718,728,0.9862637362637363,10,17;29;43,0.3391601527809042,0.012473610936979488,0.9065974567431659,0.008334540892982344
B-A-zscore,ALL_THREE_PRESPECIFIED_SEEDS_COMPLETED,TA:0.7:random,TA,0.7,random,3,718,728,0.9862637362637363,10,17;29;43,0.34160678571638914,0.01202349584641346,0.9161127767796325,0.022742456459142597
B-A-zscore,ALL_THREE_PRESPECIFIED_SEEDS_COMPLETED,TV:0.1:front,TV,0.1,front,1,703,728,0.9656593406593407,25,17;29;43,0.3654756438740783,0.009693623980381887,0.8450225580143278,0.006929744568220537
B-A-zscore,ALL_THREE_PRESPECIFIED_SEEDS_COMPLETED,TV:0.1:middle,TV,0.1,middle,1,703,728,0.9656593406593407,25,17;29;43,0.3654756438740783,0.009693623980381887,0.8450225580143278,0.006929744568220537
B-A-zscore,ALL_THREE_PRESPECIFIED_SEEDS_COMPLETED,TV:0.1:back,TV,0.1,back,1,703,728,0.9656593406593407,25,17;29;43,0.3654756438740783,0.009693623980381887,0.8450225580143278,0.006929744568220537
B-A-zscore,ALL_THREE_PRESPECIFIED_SEEDS_COMPLETED,TV:0.1:random,TV,0.1,random,3,703,728,0.9656593406593407,25,17;29;43,0.3654756438740783,0.009693623980381887,0.8450225580143278,0.006929744568220543
B-A-zscore,ALL_THREE_PRESPECIFIED_SEEDS_COMPLETED,TV:0.3:front,TV,0.3,front,1,703,728,0.9656593406593407,25,17;29;43,0.3654756438740783,0.009693623980381887,0.8450225580143278,0.006929744568220537
B-A-zscore,ALL_THREE_PRESPECIFIED_SEEDS_COMPLETED,TV:0.3:middle,TV,0.3,middle,1,703,728,0.9656593406593407,25,17;29;43,0.3654756438740783,0.009693623980381887,0.8450225580143278,0.006929744568220537
B-A-zscore,ALL_THREE_PRESPECIFIED_SEEDS_COMPLETED,TV:0.3:back,TV,0.3,back,1,703,728,0.9656593406593407,25,17;29;43,0.3654756438740783,0.009693623980381887,0.8450225580143278,0.006929744568220537
B-A-zscore,ALL_THREE_PRESPECIFIED_SEEDS_COMPLETED,TV:0.3:random,TV,0.3,random,3,703,728,0.9656593406593407,25,17;29;43,0.3654756438740783,0.009693623980381887,0.8450225580143278,0.006929744568220543
B-A-zscore,ALL_THREE_PRESPECIFIED_SEEDS_COMPLETED,TV:0.5:front,TV,0.5,front,1,703,728,0.9656593406593407,25,17;29;43,0.3654756438740783,0.009693623980381887,0.8450225580143278,0.006929744568220537
B-A-zscore,ALL_THREE_PRESPECIFIED_SEEDS_COMPLETED,TV:0.5:middle,TV,0.5,middle,1,703,728,0.9656593406593407,25,17;29;43,0.3654756438740783,0.009693623980381887,0.8450225580143278,0.006929744568220537
B-A-zscore,ALL_THREE_PRESPECIFIED_SEEDS_COMPLETED,TV:0.5:back,TV,0.5,back,1,703,728,0.9656593406593407,25,17;29;43,0.3654756438740783,0.009693623980381887,0.8450225580143278,0.006929744568220537
B-A-zscore,ALL_THREE_PRESPECIFIED_SEEDS_COMPLETED,TV:0.5:random,TV,0.5,random,3,703,728,0.9656593406593407,25,17;29;43,0.3654756438740783,0.009693623980381887,0.8450225580143278,0.006929744568220543
B-A-zscore,ALL_THREE_PRESPECIFIED_SEEDS_COMPLETED,TV:0.7:front,TV,0.7,front,1,694,728,0.9532967032967034,34,17;29;43,0.3654756438740783,0.009693623980381887,0.8450225580143278,0.006929744568220537
B-A-zscore,ALL_THREE_PRESPECIFIED_SEEDS_COMPLETED,TV:0.7:middle,TV,0.7,middle,1,694,728,0.9532967032967034,34,17;29;43,0.3654756438740783,0.009693623980381887,0.8450225580143278,0.006929744568220537
B-A-zscore,ALL_THREE_PRESPECIFIED_SEEDS_COMPLETED,TV:0.7:back,TV,0.7,back,1,694,728,0.9532967032967034,34,17;29;43,0.3654756438740783,0.009693623980381887,0.8450225580143278,0.006929744568220537
B-A-zscore,ALL_THREE_PRESPECIFIED_SEEDS_COMPLETED,TV:0.7:random,TV,0.7,random,3,694,728,0.9532967032967034,34,17;29;43,0.3654756438740783,0.009693623980381887,0.8450225580143278,0.006929744568220543
B-A-zscore,ALL_THREE_PRESPECIFIED_SEEDS_COMPLETED,AV:0.1:front,AV,0.1,front,1,703,728,0.9656593406593407,25,17;29;43,0.3496435440547143,0.012923534121789105,0.8506310375010973,0.009382655319580727
B-A-zscore,ALL_THREE_PRESPECIFIED_SEEDS_COMPLETED,AV:0.1:middle,AV,0.1,middle,1,703,728,0.9656593406593407,25,17;29;43,0.35228712718557453,0.011510228967147582,0.8460270560970944,0.010349667190053861
B-A-zscore,ALL_THREE_PRESPECIFIED_SEEDS_COMPLETED,AV:0.1:back,AV,0.1,back,1,703,728,0.9656593406593407,25,17;29;43,0.3582118575338813,0.005735979837384301,0.8435699340197939,0.007714559916919472
B-A-zscore,ALL_THREE_PRESPECIFIED_SEEDS_COMPLETED,AV:0.1:random,AV,0.1,random,3,703,728,0.9656593406593407,25,17;29;43,0.35524306439565256,0.010247878163361328,0.8484906693243358,0.008592783989588364
B-A-zscore,ALL_THREE_PRESPECIFIED_SEEDS_COMPLETED,AV:0.3:front,AV,0.3,front,1,703,728,0.9656593406593407,25,17;29;43,0.3602501310249601,0.005723164492846497,0.8590596634378097,0.010376755941485715
B-A-zscore,ALL_THREE_PRESPECIFIED_SEEDS_COMPLETED,AV:0.3:middle,AV,0.3,middle,1,703,728,0.9656593406593407,25,17;29;43,0.350665539758868,0.02084612225233537,0.8568039873472374,0.018116995519895717
B-A-zscore,ALL_THREE_PRESPECIFIED_SEEDS_COMPLETED,AV:0.3:back,AV,0.3,back,1,703,728,0.9656593406593407,25,17;29;43,0.3593772282022902,0.0034790128041654496,0.8589235333118254,0.0087464694548021
B-A-zscore,ALL_THREE_PRESPECIFIED_SEEDS_COMPLETED,AV:0.3:random,AV,0.3,random,3,703,728,0.9656593406593407,25,17;29;43,0.35256216387049005,0.009742438522118743,0.8601536280833936,0.01168114366826621
B-A-zscore,ALL_THREE_PRESPECIFIED_SEEDS_COMPLETED,AV:0.5:front,AV,0.5,front,1,703,728,0.9656593406593407,25,17;29;43,0.3600186326338375,0.009785473769539676,0.8677156714681683,0.013139835305547277
B-A-zscore,ALL_THREE_PRESPECIFIED_SEEDS_COMPLETED,AV:0.5:middle,AV,0.5,middle,1,703,728,0.9656593406593407,25,17;29;43,0.34628507714108175,0.020093256108087185,0.8716707826002915,0.022952782613866237
B-A-zscore,ALL_THREE_PRESPECIFIED_SEEDS_COMPLETED,AV:0.5:back,AV,0.5,back,1,703,728,0.9656593406593407,25,17;29;43,0.33866906916391065,0.017506528538558913,0.881968675835786,0.015022693797944155
B-A-zscore,ALL_THREE_PRESPECIFIED_SEEDS_COMPLETED,AV:0.5:random,AV,0.5,random,3,703,728,0.9656593406593407,25,17;29;43,0.3475343040179158,0.006210763722051493,0.8727656742893165,0.017939963939304224
B-A-zscore,ALL_THREE_PRESPECIFIED_SEEDS_COMPLETED,AV:0.7:front,AV,0.7,front,1,694,728,0.9532967032967034,34,17;29;43,0.3433135959442361,0.0017062678091761627,0.9126519012920437,0.02652431889638657
B-A-zscore,ALL_THREE_PRESPECIFIED_SEEDS_COMPLETED,AV:0.7:middle,AV,0.7,middle,1,694,728,0.9532967032967034,34,17;29;43,0.35345829716905525,0.014703687198929283,0.8891111987135173,0.019918414912979382
B-A-zscore,ALL_THREE_PRESPECIFIED_SEEDS_COMPLETED,AV:0.7:back,AV,0.7,back,1,694,728,0.9532967032967034,34,17;29;43,0.33666171428029873,0.010734393841954949,0.9057818495377113,0.007951638101498296
B-A-zscore,ALL_THREE_PRESPECIFIED_SEEDS_COMPLETED,AV:0.7:random,AV,0.7,random,3,694,728,0.9532967032967034,34,17;29;43,0.3432026939480193,0.004290395008374644,0.9059466432014728,0.02250021316679081
B-CAT-identity,ALL_THREE_PRESPECIFIED_SEEDS_COMPLETED,T:0.1:front,T,0.1,front,1,728,728,1.0,0,17;29;43,0.599828580607834,0.015926673793672675,0.6781255245814032,0.03690331525532195
B-CAT-identity,ALL_THREE_PRESPECIFIED_SEEDS_COMPLETED,T:0.1:middle,T,0.1,middle,1,728,728,1.0,0,17;29;43,0.5979669520825764,0.006942407092598853,0.6739893917508928,0.030429761128504297
B-CAT-identity,ALL_THREE_PRESPECIFIED_SEEDS_COMPLETED,T:0.1:back,T,0.1,back,1,728,728,1.0,0,17;29;43,0.600457368633055,0.011747789001241104,0.6844834242645567,0.046840033234597005
B-CAT-identity,ALL_THREE_PRESPECIFIED_SEEDS_COMPLETED,T:0.1:random,T,0.1,random,3,728,728,1.0,0,17;29;43,0.604061420770883,0.015144724597304562,0.676978195743613,0.03289093912468252
B-CAT-identity,ALL_THREE_PRESPECIFIED_SEEDS_COMPLETED,T:0.3:front,T,0.3,front,1,728,728,1.0,0,17;29;43,0.5950587363723594,0.017743207148563332,0.6923643222422277,0.03536866662189943
B-CAT-identity,ALL_THREE_PRESPECIFIED_SEEDS_COMPLETED,T:0.3:middle,T,0.3,middle,1,728,728,1.0,0,17;29;43,0.5967150533232776,0.0162505675485741,0.6743427250476621,0.02718750264875927
B-CAT-identity,ALL_THREE_PRESPECIFIED_SEEDS_COMPLETED,T:0.3:back,T,0.3,back,1,728,728,1.0,0,17;29;43,0.5935480706281396,0.015980414582759398,0.6900908584337749,0.04439195930122525
B-CAT-identity,ALL_THREE_PRESPECIFIED_SEEDS_COMPLETED,T:0.3:random,T,0.3,random,3,728,728,1.0,0,17;29;43,0.5862095097764529,0.013027817486366756,0.684306368681007,0.028708460922903405
B-CAT-identity,ALL_THREE_PRESPECIFIED_SEEDS_COMPLETED,T:0.5:front,T,0.5,front,1,728,728,1.0,0,17;29;43,0.5880624956346207,0.012874829106593216,0.7058523769000346,0.030567518077756546
B-CAT-identity,ALL_THREE_PRESPECIFIED_SEEDS_COMPLETED,T:0.5:middle,T,0.5,middle,1,728,728,1.0,0,17;29;43,0.589031629422219,0.008864659016437933,0.680622262235551,0.033032858729568536
B-CAT-identity,ALL_THREE_PRESPECIFIED_SEEDS_COMPLETED,T:0.5:back,T,0.5,back,1,728,728,1.0,0,17;29;43,0.5824179525282179,0.013604637577701991,0.6969606833755901,0.04295722456497756
B-CAT-identity,ALL_THREE_PRESPECIFIED_SEEDS_COMPLETED,T:0.5:random,T,0.5,random,3,728,728,1.0,0,17;29;43,0.5847703161382709,0.013318921693897546,0.6909717068662943,0.030618648825174486
B-CAT-identity,ALL_THREE_PRESPECIFIED_SEEDS_COMPLETED,T:0.7:front,T,0.7,front,1,728,728,1.0,0,17;29;43,0.581229556817936,0.013550141400155855,0.7182040261305658,0.04237328506338327
B-CAT-identity,ALL_THREE_PRESPECIFIED_SEEDS_COMPLETED,T:0.7:middle,T,0.7,middle,1,728,728,1.0,0,17;29;43,0.5789890695022593,0.010787457216225212,0.7080189476775306,0.05722923263863409
B-CAT-identity,ALL_THREE_PRESPECIFIED_SEEDS_COMPLETED,T:0.7:back,T,0.7,back,1,728,728,1.0,0,17;29;43,0.5626882066450739,0.012073023266453676,0.7099143499932797,0.02521226600205497
B-CAT-identity,ALL_THREE_PRESPECIFIED_SEEDS_COMPLETED,T:0.7:random,T,0.7,random,3,728,728,1.0,0,17;29;43,0.5816531929034919,0.00496305226095907,0.7063459952383061,0.043722551339761155
B-CAT-identity,ALL_THREE_PRESPECIFIED_SEEDS_COMPLETED,A:0.1:front,A,0.1,front,1,724,728,0.9945054945054945,4,17;29;43,0.6027160604305918,0.011630192687768336,0.6752642550935964,0.033655198404967265
B-CAT-identity,ALL_THREE_PRESPECIFIED_SEEDS_COMPLETED,A:0.1:middle,A,0.1,middle,1,724,728,0.9945054945054945,4,17;29;43,0.6009565334027611,0.012976238225472662,0.6736637800627033,0.033957045463587146
B-CAT-identity,ALL_THREE_PRESPECIFIED_SEEDS_COMPLETED,A:0.1:back,A,0.1,back,1,724,728,0.9945054945054945,4,17;29;43,0.6036945394943664,0.00887890232874938,0.6748149409304793,0.03356664936114652
B-CAT-identity,ALL_THREE_PRESPECIFIED_SEEDS_COMPLETED,A:0.1:random,A,0.1,random,3,724,728,0.9945054945054945,4,17;29;43,0.6004895788691952,0.010102793133980775,0.6747254590566486,0.03337339238731395
B-CAT-identity,ALL_THREE_PRESPECIFIED_SEEDS_COMPLETED,A:0.3:front,A,0.3,front,1,724,728,0.9945054945054945,4,17;29;43,0.5996619414011962,0.012018266127135347,0.6776224875848462,0.03505137911274818
B-CAT-identity,ALL_THREE_PRESPECIFIED_SEEDS_COMPLETED,A:0.3:middle,A,0.3,middle,1,724,728,0.9945054945054945,4,17;29;43,0.5970912908991146,0.012406551612803492,0.6731642319980146,0.03465895019226392
B-CAT-identity,ALL_THREE_PRESPECIFIED_SEEDS_COMPLETED,A:0.3:back,A,0.3,back,1,724,728,0.9945054945054945,4,17;29;43,0.5999534676565575,0.007311150262758538,0.6757494686888214,0.032265135355221394
B-CAT-identity,ALL_THREE_PRESPECIFIED_SEEDS_COMPLETED,A:0.3:random,A,0.3,random,3,724,728,0.9945054945054945,4,17;29;43,0.5961811505302542,0.006957535199686634,0.6749170331465467,0.03362841784398816
B-CAT-identity,ALL_THREE_PRESPECIFIED_SEEDS_COMPLETED,A:0.5:front,A,0.5,front,1,724,728,0.9945054945054945,4,17;29;43,0.5990332617119516,0.00839868191896794,0.6796797910758006,0.03787036624036602
B-CAT-identity,ALL_THREE_PRESPECIFIED_SEEDS_COMPLETED,A:0.5:middle,A,0.5,middle,1,724,728,0.9945054945054945,4,17;29;43,0.5982734929055847,0.015044797999478771,0.6730066181781286,0.03613442394492966
B-CAT-identity,ALL_THREE_PRESPECIFIED_SEEDS_COMPLETED,A:0.5:back,A,0.5,back,1,724,728,0.9945054945054945,4,17;29;43,0.5973607628299339,0.01400587464227099,0.6754410668244427,0.03215553869028788
B-CAT-identity,ALL_THREE_PRESPECIFIED_SEEDS_COMPLETED,A:0.5:random,A,0.5,random,3,724,728,0.9945054945054945,4,17;29;43,0.5935010717890795,0.01247259845963394,0.6744761665565827,0.03516605124886618
B-CAT-identity,ALL_THREE_PRESPECIFIED_SEEDS_COMPLETED,A:0.7:front,A,0.7,front,1,718,728,0.9862637362637363,10,17;29;43,0.5941299903919535,0.013717729531505504,0.6796365380751447,0.040043737832716246
B-CAT-identity,ALL_THREE_PRESPECIFIED_SEEDS_COMPLETED,A:0.7:middle,A,0.7,middle,1,718,728,0.9862637362637363,10,17;29;43,0.5967183002447288,0.01948628603268883,0.6736976534543212,0.037832189930385056
B-CAT-identity,ALL_THREE_PRESPECIFIED_SEEDS_COMPLETED,A:0.7:back,A,0.7,back,1,718,728,0.9862637362637363,10,17;29;43,0.5963355697077911,0.006930512531619366,0.6756012456290849,0.03374104079665838
B-CAT-identity,ALL_THREE_PRESPECIFIED_SEEDS_COMPLETED,A:0.7:random,A,0.7,random,3,718,728,0.9862637362637363,10,17;29;43,0.5953835133928941,0.014077216716263536,0.679448369786367,0.03765759902898501
B-CAT-identity,ALL_THREE_PRESPECIFIED_SEEDS_COMPLETED,V:0.1:front,V,0.1,front,1,703,728,0.9656593406593407,25,17;29;43,0.603579564646484,0.011829807369962305,0.6739822620329372,0.03404405352799269
B-CAT-identity,ALL_THREE_PRESPECIFIED_SEEDS_COMPLETED,V:0.1:middle,V,0.1,middle,1,703,728,0.9656593406593407,25,17;29;43,0.5996378107785315,0.0086419365573727,0.6741125196713256,0.033556979189384877
B-CAT-identity,ALL_THREE_PRESPECIFIED_SEEDS_COMPLETED,V:0.1:back,V,0.1,back,1,703,728,0.9656593406593407,25,17;29;43,0.6023578550623712,0.008838319696927888,0.673948015492687,0.03323628805000769
B-CAT-identity,ALL_THREE_PRESPECIFIED_SEEDS_COMPLETED,V:0.1:random,V,0.1,random,3,703,728,0.9656593406593407,25,17;29;43,0.6022465782677392,0.010685847056485781,0.6739655694058216,0.033647331475409346
B-CAT-identity,ALL_THREE_PRESPECIFIED_SEEDS_COMPLETED,V:0.3:front,V,0.3,front,1,703,728,0.9656593406593407,25,17;29;43,0.6022130269987035,0.011050403398192767,0.6736705445394201,0.035651528570286514
B-CAT-identity,ALL_THREE_PRESPECIFIED_SEEDS_COMPLETED,V:0.3:middle,V,0.3,middle,1,703,728,0.9656593406593407,25,17;29;43,0.5961641676750493,0.009854898432616027,0.674102749278986,0.0334415833950281
B-CAT-identity,ALL_THREE_PRESPECIFIED_SEEDS_COMPLETED,V:0.3:back,V,0.3,back,1,703,728,0.9656593406593407,25,17;29;43,0.6023067499350871,0.010570898579579697,0.6754872798628107,0.03178233858745852
B-CAT-identity,ALL_THREE_PRESPECIFIED_SEEDS_COMPLETED,V:0.3:random,V,0.3,random,3,703,728,0.9656593406593407,25,17;29;43,0.5994519690855963,0.009708612429427546,0.6743733225235663,0.03334277085656919
B-CAT-identity,ALL_THREE_PRESPECIFIED_SEEDS_COMPLETED,V:0.5:front,V,0.5,front,1,703,728,0.9656593406593407,25,17;29;43,0.5996122828470892,0.008468609195062728,0.6742690831143814,0.03704752845361355
B-CAT-identity,ALL_THREE_PRESPECIFIED_SEEDS_COMPLETED,V:0.5:middle,V,0.5,middle,1,703,728,0.9656593406593407,25,17;29;43,0.5978004146843001,0.009131250872563416,0.673971812266525,0.033133440055135244
B-CAT-identity,ALL_THREE_PRESPECIFIED_SEEDS_COMPLETED,V:0.5:back,V,0.5,back,1,703,728,0.9656593406593407,25,17;29;43,0.5982444546704776,0.00800365619791136,0.676208612254813,0.030151361227917575
B-CAT-identity,ALL_THREE_PRESPECIFIED_SEEDS_COMPLETED,V:0.5:random,V,0.5,random,3,703,728,0.9656593406593407,25,17;29;43,0.5967988847923033,0.005758350697140511,0.6748201083867551,0.032853375652967365
B-CAT-identity,ALL_THREE_PRESPECIFIED_SEEDS_COMPLETED,V:0.7:front,V,0.7,front,1,694,728,0.9532967032967034,34,17;29;43,0.5966289049395793,0.007050485468970678,0.6728192195936998,0.037494281133887315
B-CAT-identity,ALL_THREE_PRESPECIFIED_SEEDS_COMPLETED,V:0.7:middle,V,0.7,middle,1,694,728,0.9532967032967034,34,17;29;43,0.5981682159036538,0.008664654560043438,0.6742436383407812,0.03305915402936394
B-CAT-identity,ALL_THREE_PRESPECIFIED_SEEDS_COMPLETED,V:0.7:back,V,0.7,back,1,694,728,0.9532967032967034,34,17;29;43,0.5909176594819139,0.009402648082182857,0.6779399672170804,0.02952695042963773
B-CAT-identity,ALL_THREE_PRESPECIFIED_SEEDS_COMPLETED,V:0.7:random,V,0.7,random,3,694,728,0.9532967032967034,34,17;29;43,0.5982191938612916,0.00789003711087718,0.6763148169559052,0.033039278931789866
B-CAT-identity,ALL_THREE_PRESPECIFIED_SEEDS_COMPLETED,TA:0.1:front,TA,0.1,front,1,724,728,0.9945054945054945,4,17;29;43,0.6014015632552488,0.014478787789127725,0.6789158927672244,0.036852597924098035
B-CAT-identity,ALL_THREE_PRESPECIFIED_SEEDS_COMPLETED,TA:0.1:middle,TA,0.1,middle,1,724,728,0.9945054945054945,4,17;29;43,0.5947294868133878,0.0043817064269600975,0.6726028386031401,0.031397740840107075
B-CAT-identity,ALL_THREE_PRESPECIFIED_SEEDS_COMPLETED,TA:0.1:back,TA,0.1,back,1,724,728,0.9945054945054945,4,17;29;43,0.5980435864743799,0.012428727828072689,0.6834674249377594,0.045576876311280795
B-CAT-identity,ALL_THREE_PRESPECIFIED_SEEDS_COMPLETED,TA:0.1:random,TA,0.1,random,3,724,728,0.9945054945054945,4,17;29;43,0.5981515607522956,0.014651921354872434,0.6754739122004146,0.03276075877597246
B-CAT-identity,ALL_THREE_PRESPECIFIED_SEEDS_COMPLETED,TA:0.3:front,TA,0.3,front,1,724,728,0.9945054945054945,4,17;29;43,0.5985369722020671,0.01858572398381294,0.6956294364864224,0.038194685645420084
B-CAT-identity,ALL_THREE_PRESPECIFIED_SEEDS_COMPLETED,TA:0.3:middle,TA,0.3,middle,1,724,728,0.9945054945054945,4,17;29;43,0.5979961933841386,0.01132906899780614,0.6714077546298457,0.02866559828683322
B-CAT-identity,ALL_THREE_PRESPECIFIED_SEEDS_COMPLETED,TA:0.3:back,TA,0.3,back,1,724,728,0.9945054945054945,4,17;29;43,0.594105101218397,0.011383219780510668,0.6906353848559471,0.04322422291140164
B-CAT-identity,ALL_THREE_PRESPECIFIED_SEEDS_COMPLETED,TA:0.3:random,TA,0.3,random,3,724,728,0.9945054945054945,4,17;29;43,0.6059386154753253,0.015061299822990055,0.6844691499546783,0.03114650737329021
B-CAT-identity,ALL_THREE_PRESPECIFIED_SEEDS_COMPLETED,TA:0.5:front,TA,0.5,front,1,724,728,0.9945054945054945,4,17;29;43,0.5846617614989488,0.016662811893584678,0.7096402443149956,0.035707641680268576
B-CAT-identity,ALL_THREE_PRESPECIFIED_SEEDS_COMPLETED,TA:0.5:middle,TA,0.5,middle,1,724,728,0.9945054945054945,4,17;29;43,0.5863771222437983,0.008915971643046493,0.6763900022416127,0.032765434869639315
B-CAT-identity,ALL_THREE_PRESPECIFIED_SEEDS_COMPLETED,TA:0.5:back,TA,0.5,back,1,724,728,0.9945054945054945,4,17;29;43,0.5822205686100596,0.017086736124838804,0.6959122162861705,0.04254361854568439
B-CAT-identity,ALL_THREE_PRESPECIFIED_SEEDS_COMPLETED,TA:0.5:random,TA,0.5,random,3,724,728,0.9945054945054945,4,17;29;43,0.5730849604932574,0.010625589354664289,0.6942462726620727,0.03306200512622025
B-CAT-identity,ALL_THREE_PRESPECIFIED_SEEDS_COMPLETED,TA:0.7:front,TA,0.7,front,1,718,728,0.9862637362637363,10,17;29;43,0.5665527171950847,0.009699395795636173,0.7199514647183518,0.044598302315645585
B-CAT-identity,ALL_THREE_PRESPECIFIED_SEEDS_COMPLETED,TA:0.7:middle,TA,0.7,middle,1,718,728,0.9862637362637363,10,17;29;43,0.5732957689064369,0.009714394093760242,0.6995032385217973,0.05441154736829695
B-CAT-identity,ALL_THREE_PRESPECIFIED_SEEDS_COMPLETED,TA:0.7:back,TA,0.7,back,1,718,728,0.9862637362637363,10,17;29;43,0.5550035310220975,0.01097463401943196,0.7085344026105277,0.025599509952444057
B-CAT-identity,ALL_THREE_PRESPECIFIED_SEEDS_COMPLETED,TA:0.7:random,TA,0.7,random,3,718,728,0.9862637362637363,10,17;29;43,0.5530725879494827,0.005248634467302773,0.7179231343186272,0.03525819913215286
B-CAT-identity,ALL_THREE_PRESPECIFIED_SEEDS_COMPLETED,TV:0.1:front,TV,0.1,front,1,703,728,0.9656593406593407,25,17;29;43,0.5958968726591042,0.016498100977974422,0.677623106139802,0.0367911732115441
B-CAT-identity,ALL_THREE_PRESPECIFIED_SEEDS_COMPLETED,TV:0.1:middle,TV,0.1,middle,1,703,728,0.9656593406593407,25,17;29;43,0.5974114218936478,0.006599938113566151,0.6727916672975597,0.03071232498231365
B-CAT-identity,ALL_THREE_PRESPECIFIED_SEEDS_COMPLETED,TV:0.1:back,TV,0.1,back,1,703,728,0.9656593406593407,25,17;29;43,0.5980640276055857,0.013728614414113946,0.6830609300175126,0.044194555953907796
B-CAT-identity,ALL_THREE_PRESPECIFIED_SEEDS_COMPLETED,TV:0.1:random,TV,0.1,random,3,703,728,0.9656593406593407,25,17;29;43,0.5973273162502117,0.013043414904760828,0.673290142283844,0.03179254790749084
B-CAT-identity,ALL_THREE_PRESPECIFIED_SEEDS_COMPLETED,TV:0.3:front,TV,0.3,front,1,703,728,0.9656593406593407,25,17;29;43,0.5954627158302038,0.014254100398920232,0.6916215639091569,0.03644453271437907
B-CAT-identity,ALL_THREE_PRESPECIFIED_SEEDS_COMPLETED,TV:0.3:middle,TV,0.3,middle,1,703,728,0.9656593406593407,25,17;29;43,0.6012653855511133,0.007801022016133227,0.6736463603924926,0.02728468608953882
B-CAT-identity,ALL_THREE_PRESPECIFIED_SEEDS_COMPLETED,TV:0.3:back,TV,0.3,back,1,703,728,0.9656593406593407,25,17;29;43,0.5941249162474199,0.016350291501786456,0.6903123347604782,0.04067261511234294
B-CAT-identity,ALL_THREE_PRESPECIFIED_SEEDS_COMPLETED,TV:0.3:random,TV,0.3,random,3,703,728,0.9656593406593407,25,17;29;43,0.595569533289217,0.014598748956383032,0.6774932201656796,0.030538863785261505
B-CAT-identity,ALL_THREE_PRESPECIFIED_SEEDS_COMPLETED,TV:0.5:front,TV,0.5,front,1,703,728,0.9656593406593407,25,17;29;43,0.5874156450716573,0.012054089889993989,0.7042420470632337,0.03114997605685966
B-CAT-identity,ALL_THREE_PRESPECIFIED_SEEDS_COMPLETED,TV:0.5:middle,TV,0.5,middle,1,703,728,0.9656593406593407,25,17;29;43,0.5879901828440127,0.010981947489609236,0.6806192324040685,0.031188150718328984
B-CAT-identity,ALL_THREE_PRESPECIFIED_SEEDS_COMPLETED,TV:0.5:back,TV,0.5,back,1,703,728,0.9656593406593407,25,17;29;43,0.585966932222503,0.011973612915147239,0.6936811426058895,0.03791871840758751
B-CAT-identity,ALL_THREE_PRESPECIFIED_SEEDS_COMPLETED,TV:0.5:random,TV,0.5,random,3,703,728,0.9656593406593407,25,17;29;43,0.583600409775583,0.013341628216569756,0.6865126641720859,0.02951188395748036
B-CAT-identity,ALL_THREE_PRESPECIFIED_SEEDS_COMPLETED,TV:0.7:front,TV,0.7,front,1,694,728,0.9532967032967034,34,17;29;43,0.5763211716773727,0.011806273654119346,0.7128284714783995,0.03787440720984131
B-CAT-identity,ALL_THREE_PRESPECIFIED_SEEDS_COMPLETED,TV:0.7:middle,TV,0.7,middle,1,694,728,0.9532967032967034,34,17;29;43,0.5712835675509096,0.02441223317842496,0.7022991264218965,0.04929462539607752
B-CAT-identity,ALL_THREE_PRESPECIFIED_SEEDS_COMPLETED,TV:0.7:back,TV,0.7,back,1,694,728,0.9532967032967034,34,17;29;43,0.5603487944729711,0.00784399111177494,0.7084306595700319,0.024704602932409166
B-CAT-identity,ALL_THREE_PRESPECIFIED_SEEDS_COMPLETED,TV:0.7:random,TV,0.7,random,3,694,728,0.9532967032967034,34,17;29;43,0.5630227936335171,0.013335279095153346,0.712185993114682,0.03809395060173962
B-CAT-identity,ALL_THREE_PRESPECIFIED_SEEDS_COMPLETED,AV:0.1:front,AV,0.1,front,1,703,728,0.9656593406593407,25,17;29;43,0.6043199666309196,0.012473990651322079,0.6751798498920262,0.03429399988207006
B-CAT-identity,ALL_THREE_PRESPECIFIED_SEEDS_COMPLETED,AV:0.1:middle,AV,0.1,middle,1,703,728,0.9656593406593407,25,17;29;43,0.5982974181093323,0.01112097272464381,0.6736397326774336,0.03357936592196682
B-CAT-identity,ALL_THREE_PRESPECIFIED_SEEDS_COMPLETED,AV:0.1:back,AV,0.1,back,1,703,728,0.9656593406593407,25,17;29;43,0.603392512355918,0.008671008767328365,0.6744608427562082,0.03281316754595288
B-CAT-identity,ALL_THREE_PRESPECIFIED_SEEDS_COMPLETED,AV:0.1:random,AV,0.1,random,3,703,728,0.9656593406593407,25,17;29;43,0.6013587012961191,0.01094418174604978,0.6743161456076968,0.033567431117105834
B-CAT-identity,ALL_THREE_PRESPECIFIED_SEEDS_COMPLETED,AV:0.3:front,AV,0.3,front,1,703,728,0.9656593406593407,25,17;29;43,0.598463630465338,0.008277150851580551,0.677372967733084,0.0376645132270109
B-CAT-identity,ALL_THREE_PRESPECIFIED_SEEDS_COMPLETED,AV:0.3:middle,AV,0.3,middle,1,703,728,0.9656593406593407,25,17;29;43,0.5939630554302677,0.01046923293765082,0.6729514155247558,0.033882971798526576
B-CAT-identity,ALL_THREE_PRESPECIFIED_SEEDS_COMPLETED,AV:0.3:back,AV,0.3,back,1,703,728,0.9656593406593407,25,17;29;43,0.6010885164440706,0.0036261466800130994,0.6771883248105678,0.030371858461554827
B-CAT-identity,ALL_THREE_PRESPECIFIED_SEEDS_COMPLETED,AV:0.3:random,AV,0.3,random,3,703,728,0.9656593406593407,25,17;29;43,0.5971234946000434,0.007434021120006275,0.6761355188064755,0.03364422227142384
B-CAT-identity,ALL_THREE_PRESPECIFIED_SEEDS_COMPLETED,AV:0.5:front,AV,0.5,front,1,703,728,0.9656593406593407,25,17;29;43,0.5944101125933408,0.008849413074696074,0.6792230283077089,0.04116546960235789
B-CAT-identity,ALL_THREE_PRESPECIFIED_SEEDS_COMPLETED,AV:0.5:middle,AV,0.5,middle,1,703,728,0.9656593406593407,25,17;29;43,0.5892737740505204,0.00578776087061515,0.6729467157381093,0.03484514345503284
B-CAT-identity,ALL_THREE_PRESPECIFIED_SEEDS_COMPLETED,AV:0.5:back,AV,0.5,back,1,703,728,0.9656593406593407,25,17;29;43,0.6021942313627551,0.007951969126220008,0.6777654554945491,0.02888278458688281
B-CAT-identity,ALL_THREE_PRESPECIFIED_SEEDS_COMPLETED,AV:0.5:random,AV,0.5,random,3,703,728,0.9656593406593407,25,17;29;43,0.5949158605913644,0.0045022866607035555,0.6764280767619842,0.036531408304558866
B-CAT-identity,ALL_THREE_PRESPECIFIED_SEEDS_COMPLETED,AV:0.7:front,AV,0.7,front,1,694,728,0.9532967032967034,34,17;29;43,0.58613209738933,0.007196107479806486,0.6776184654199658,0.0429891483647406
B-CAT-identity,ALL_THREE_PRESPECIFIED_SEEDS_COMPLETED,AV:0.7:middle,AV,0.7,middle,1,694,728,0.9532967032967034,34,17;29;43,0.5934316208663789,0.009820439857946858,0.674742294369122,0.03609011273694998
B-CAT-identity,ALL_THREE_PRESPECIFIED_SEEDS_COMPLETED,AV:0.7:back,AV,0.7,back,1,694,728,0.9532967032967034,34,17;29;43,0.5919664101052051,0.014513418475391955,0.6795153474475614,0.02974059491519755
B-CAT-identity,ALL_THREE_PRESPECIFIED_SEEDS_COMPLETED,AV:0.7:random,AV,0.7,random,3,694,728,0.9532967032967034,34,17;29;43,0.5866120212352598,0.006468024020423221,0.679713719931395,0.03643725617610576
B-CAT-zscore,ALL_THREE_PRESPECIFIED_SEEDS_COMPLETED,T:0.1:front,T,0.1,front,1,728,728,1.0,0,17;29;43,0.5838927604848051,0.010158568160473228,0.6494352349921598,0.031654224736510084
B-CAT-zscore,ALL_THREE_PRESPECIFIED_SEEDS_COMPLETED,T:0.1:middle,T,0.1,middle,1,728,728,1.0,0,17;29;43,0.6014067298964031,0.004451078577927018,0.6433067463231554,0.026958960366877966
B-CAT-zscore,ALL_THREE_PRESPECIFIED_SEEDS_COMPLETED,T:0.1:back,T,0.1,back,1,728,728,1.0,0,17;29;43,0.5842800346244218,0.004266436289265108,0.6558120158334022,0.03366598799578092
B-CAT-zscore,ALL_THREE_PRESPECIFIED_SEEDS_COMPLETED,T:0.1:random,T,0.1,random,3,728,728,1.0,0,17;29;43,0.5963171781866677,0.0047385810841059865,0.6453195115128405,0.030813424487016603
B-CAT-zscore,ALL_THREE_PRESPECIFIED_SEEDS_COMPLETED,T:0.3:front,T,0.3,front,1,728,728,1.0,0,17;29;43,0.5713978536896954,0.01027219083096793,0.6680509587504643,0.03202383211302792
B-CAT-zscore,ALL_THREE_PRESPECIFIED_SEEDS_COMPLETED,T:0.3:middle,T,0.3,middle,1,728,728,1.0,0,17;29;43,0.5930371050464439,0.02219992680169101,0.6454140860705161,0.029420914375117787
B-CAT-zscore,ALL_THREE_PRESPECIFIED_SEEDS_COMPLETED,T:0.3:back,T,0.3,back,1,728,728,1.0,0,17;29;43,0.5768537222442432,0.004403412739517088,0.6599336286690431,0.032505930004389755
B-CAT-zscore,ALL_THREE_PRESPECIFIED_SEEDS_COMPLETED,T:0.3:random,T,0.3,random,3,728,728,1.0,0,17;29;43,0.581303552031616,0.009326612471196373,0.6551079567804959,0.02992002827101459
B-CAT-zscore,ALL_THREE_PRESPECIFIED_SEEDS_COMPLETED,T:0.5:front,T,0.5,front,1,728,728,1.0,0,17;29;43,0.5719724567400902,0.011026503355311208,0.6815789438575278,0.024606329097206378
B-CAT-zscore,ALL_THREE_PRESPECIFIED_SEEDS_COMPLETED,T:0.5:middle,T,0.5,middle,1,728,728,1.0,0,17;29;43,0.5796885157097046,0.020471339950537196,0.6530826779047451,0.03195353491128258
B-CAT-zscore,ALL_THREE_PRESPECIFIED_SEEDS_COMPLETED,T:0.5:back,T,0.5,back,1,728,728,1.0,0,17;29;43,0.5621251367347572,0.011674973165526214,0.6685460298804006,0.035350366919713855
B-CAT-zscore,ALL_THREE_PRESPECIFIED_SEEDS_COMPLETED,T:0.5:random,T,0.5,random,3,728,728,1.0,0,17;29;43,0.5679867451250414,0.01228710295548516,0.6606606001796835,0.030445070811194175
B-CAT-zscore,ALL_THREE_PRESPECIFIED_SEEDS_COMPLETED,T:0.7:front,T,0.7,front,1,728,728,1.0,0,17;29;43,0.5566573215386086,0.02330038039494617,0.7021269975725289,0.024299085071100946
B-CAT-zscore,ALL_THREE_PRESPECIFIED_SEEDS_COMPLETED,T:0.7:middle,T,0.7,middle,1,728,728,1.0,0,17;29;43,0.5651207370812846,0.010458193294174231,0.6788338738734128,0.028622605852763047
B-CAT-zscore,ALL_THREE_PRESPECIFIED_SEEDS_COMPLETED,T:0.7:back,T,0.7,back,1,728,728,1.0,0,17;29;43,0.5517714531066565,0.004990340942912742,0.6889682001697693,0.03727216449542106
B-CAT-zscore,ALL_THREE_PRESPECIFIED_SEEDS_COMPLETED,T:0.7:random,T,0.7,random,3,728,728,1.0,0,17;29;43,0.5664309596317665,0.012995559001297138,0.6826073801822021,0.02417295086605239
B-CAT-zscore,ALL_THREE_PRESPECIFIED_SEEDS_COMPLETED,A:0.1:front,A,0.1,front,1,724,728,0.9945054945054945,4,17;29;43,0.5986053565623869,0.0070939569834972405,0.6429481268780445,0.029498293011855494
B-CAT-zscore,ALL_THREE_PRESPECIFIED_SEEDS_COMPLETED,A:0.1:middle,A,0.1,middle,1,724,728,0.9945054945054945,4,17;29;43,0.5989786741237041,0.003132593611870308,0.6409840440928114,0.030177128251427567
B-CAT-zscore,ALL_THREE_PRESPECIFIED_SEEDS_COMPLETED,A:0.1:back,A,0.1,back,1,724,728,0.9945054945054945,4,17;29;43,0.6005734177582941,0.00764355253217207,0.6440499245619078,0.03204038535202391
B-CAT-zscore,ALL_THREE_PRESPECIFIED_SEEDS_COMPLETED,A:0.1:random,A,0.1,random,3,724,728,0.9945054945054945,4,17;29;43,0.5981481013959776,0.004160430733947916,0.642830462672083,0.031039638671541466
B-CAT-zscore,ALL_THREE_PRESPECIFIED_SEEDS_COMPLETED,A:0.3:front,A,0.3,front,1,724,728,0.9945054945054945,4,17;29;43,0.5950305024607557,0.0060682875715373326,0.6457062317518988,0.028978114261122234
B-CAT-zscore,ALL_THREE_PRESPECIFIED_SEEDS_COMPLETED,A:0.3:middle,A,0.3,middle,1,724,728,0.9945054945054945,4,17;29;43,0.5996089281638061,0.005380105255895281,0.6411658657366438,0.03145444274238544
B-CAT-zscore,ALL_THREE_PRESPECIFIED_SEEDS_COMPLETED,A:0.3:back,A,0.3,back,1,724,728,0.9945054945054945,4,17;29;43,0.597745184775836,0.00839701519498855,0.6446147123763198,0.03379102606389746
B-CAT-zscore,ALL_THREE_PRESPECIFIED_SEEDS_COMPLETED,A:0.3:random,A,0.3,random,3,724,728,0.9945054945054945,4,17;29;43,0.5989592329241638,0.006872537583836849,0.6432726979663094,0.03201911000496198
B-CAT-zscore,ALL_THREE_PRESPECIFIED_SEEDS_COMPLETED,A:0.5:front,A,0.5,front,1,724,728,0.9945054945054945,4,17;29;43,0.5932151328939467,0.0028725571702790014,0.6483797910367395,0.02735569420889472
B-CAT-zscore,ALL_THREE_PRESPECIFIED_SEEDS_COMPLETED,A:0.5:middle,A,0.5,middle,1,724,728,0.9945054945054945,4,17;29;43,0.6005824775763555,0.010305612966969328,0.6406610347464895,0.03250829315183567
B-CAT-zscore,ALL_THREE_PRESPECIFIED_SEEDS_COMPLETED,A:0.5:back,A,0.5,back,1,724,728,0.9945054945054945,4,17;29;43,0.590210432042133,0.013686862184005754,0.6444076551698003,0.03518916276374856
B-CAT-zscore,ALL_THREE_PRESPECIFIED_SEEDS_COMPLETED,A:0.5:random,A,0.5,random,3,724,728,0.9945054945054945,4,17;29;43,0.595241850768438,0.009468775674706416,0.6449129125404521,0.03055144680972303
B-CAT-zscore,ALL_THREE_PRESPECIFIED_SEEDS_COMPLETED,A:0.7:front,A,0.7,front,1,718,728,0.9862637362637363,10,17;29;43,0.5941940008282602,0.011303547717089687,0.6508094643983259,0.027016767596498757
B-CAT-zscore,ALL_THREE_PRESPECIFIED_SEEDS_COMPLETED,A:0.7:middle,A,0.7,middle,1,718,728,0.9862637362637363,10,17;29;43,0.594200886458267,0.004573044190620273,0.6464403714349701,0.031369012393187214
B-CAT-zscore,ALL_THREE_PRESPECIFIED_SEEDS_COMPLETED,A:0.7:back,A,0.7,back,1,718,728,0.9862637362637363,10,17;29;43,0.5922174855691622,0.010353307864027834,0.6459498383356288,0.03648092330777379
B-CAT-zscore,ALL_THREE_PRESPECIFIED_SEEDS_COMPLETED,A:0.7:random,A,0.7,random,3,718,728,0.9862637362637363,10,17;29;43,0.5925685837883555,0.0072862612705366404,0.6463769283244811,0.03101978480124208
B-CAT-zscore,ALL_THREE_PRESPECIFIED_SEEDS_COMPLETED,V:0.1:front,V,0.1,front,1,703,728,0.9656593406593407,25,17;29;43,0.5992103378341679,0.004172378924456939,0.6430017662831286,0.03118457145867334
B-CAT-zscore,ALL_THREE_PRESPECIFIED_SEEDS_COMPLETED,V:0.1:middle,V,0.1,middle,1,703,728,0.9656593406593407,25,17;29;43,0.5991524653660316,0.006152441160902212,0.6424499131506095,0.031267152772405715
B-CAT-zscore,ALL_THREE_PRESPECIFIED_SEEDS_COMPLETED,V:0.1:back,V,0.1,back,1,703,728,0.9656593406593407,25,17;29;43,0.6030818163577224,0.00460440017556683,0.6424423802597959,0.03063682090123094
B-CAT-zscore,ALL_THREE_PRESPECIFIED_SEEDS_COMPLETED,V:0.1:random,V,0.1,random,3,703,728,0.9656593406593407,25,17;29;43,0.6015513394081555,0.00345584432763787,0.6423317121933992,0.03110445893769205
B-CAT-zscore,ALL_THREE_PRESPECIFIED_SEEDS_COMPLETED,V:0.3:front,V,0.3,front,1,703,728,0.9656593406593407,25,17;29;43,0.5978704079443758,0.0056855129404016925,0.6439018075995321,0.03186921501275648
B-CAT-zscore,ALL_THREE_PRESPECIFIED_SEEDS_COMPLETED,V:0.3:middle,V,0.3,middle,1,703,728,0.9656593406593407,25,17;29;43,0.5981229459026779,0.004521802283626008,0.6419626850996852,0.031234498691249536
B-CAT-zscore,ALL_THREE_PRESPECIFIED_SEEDS_COMPLETED,V:0.3:back,V,0.3,back,1,703,728,0.9656593406593407,25,17;29;43,0.6046184720061741,0.002383753131169309,0.6432188536930017,0.02942715639391253
B-CAT-zscore,ALL_THREE_PRESPECIFIED_SEEDS_COMPLETED,V:0.3:random,V,0.3,random,3,703,728,0.9656593406593407,25,17;29;43,0.601261950952973,0.00509795357069833,0.6436750502857921,0.03080164905154327
B-CAT-zscore,ALL_THREE_PRESPECIFIED_SEEDS_COMPLETED,V:0.5:front,V,0.5,front,1,703,728,0.9656593406593407,25,17;29;43,0.5967534833973058,0.009451665519085708,0.6449325905801816,0.03302239308500985
B-CAT-zscore,ALL_THREE_PRESPECIFIED_SEEDS_COMPLETED,V:0.5:middle,V,0.5,middle,1,703,728,0.9656593406593407,25,17;29;43,0.5977966821520765,0.003720385741525956,0.641489512534303,0.031082220469967444
B-CAT-zscore,ALL_THREE_PRESPECIFIED_SEEDS_COMPLETED,V:0.5:back,V,0.5,back,1,703,728,0.9656593406593407,25,17;29;43,0.604623786686287,0.008450539957066964,0.6425445333769035,0.028384063496525457
B-CAT-zscore,ALL_THREE_PRESPECIFIED_SEEDS_COMPLETED,V:0.5:random,V,0.5,random,3,703,728,0.9656593406593407,25,17;29;43,0.598192324720256,0.007947075382896879,0.643358026095794,0.0306102269523688
B-CAT-zscore,ALL_THREE_PRESPECIFIED_SEEDS_COMPLETED,V:0.7:front,V,0.7,front,1,694,728,0.9532967032967034,34,17;29;43,0.5893348719092087,0.0019555580395710787,0.6421459594296591,0.03317739050115573
B-CAT-zscore,ALL_THREE_PRESPECIFIED_SEEDS_COMPLETED,V:0.7:middle,V,0.7,middle,1,694,728,0.9532967032967034,34,17;29;43,0.5971706667491475,0.005029734748802715,0.6422796109452462,0.03287201791246255
B-CAT-zscore,ALL_THREE_PRESPECIFIED_SEEDS_COMPLETED,V:0.7:back,V,0.7,back,1,694,728,0.9532967032967034,34,17;29;43,0.5980578721210431,0.0026097284059066477,0.642561358662903,0.027836624592425502
B-CAT-zscore,ALL_THREE_PRESPECIFIED_SEEDS_COMPLETED,V:0.7:random,V,0.7,random,3,694,728,0.9532967032967034,34,17;29;43,0.5977391028601139,0.004367127346597006,0.6433331157045897,0.03163607489520475
B-CAT-zscore,ALL_THREE_PRESPECIFIED_SEEDS_COMPLETED,TA:0.1:front,TA,0.1,front,1,724,728,0.9945054945054945,4,17;29;43,0.5825413346181042,0.010434978435948549,0.648682849481915,0.030010616807220315
B-CAT-zscore,ALL_THREE_PRESPECIFIED_SEEDS_COMPLETED,TA:0.1:middle,TA,0.1,middle,1,724,728,0.9945054945054945,4,17;29;43,0.6003581259026408,0.0040423908325931245,0.641602017368457,0.02658085605567011
B-CAT-zscore,ALL_THREE_PRESPECIFIED_SEEDS_COMPLETED,TA:0.1:back,TA,0.1,back,1,724,728,0.9945054945054945,4,17;29;43,0.5789846660959307,0.0035048518566607634,0.6550525325373812,0.03402203297717008
B-CAT-zscore,ALL_THREE_PRESPECIFIED_SEEDS_COMPLETED,TA:0.1:random,TA,0.1,random,3,724,728,0.9945054945054945,4,17;29;43,0.5930739902222188,0.008665765482465506,0.6468394462710946,0.03218926500810682
B-CAT-zscore,ALL_THREE_PRESPECIFIED_SEEDS_COMPLETED,TA:0.3:front,TA,0.3,front,1,724,728,0.9945054945054945,4,17;29;43,0.5739740336103597,0.008282280332434798,0.671258547639256,0.030207279775543872
B-CAT-zscore,ALL_THREE_PRESPECIFIED_SEEDS_COMPLETED,TA:0.3:middle,TA,0.3,middle,1,724,728,0.9945054945054945,4,17;29;43,0.59397782483915,0.01794963823562714,0.6444558010631366,0.030530431757833883
B-CAT-zscore,ALL_THREE_PRESPECIFIED_SEEDS_COMPLETED,TA:0.3:back,TA,0.3,back,1,724,728,0.9945054945054945,4,17;29;43,0.5704990245421664,0.00794926382353742,0.6613158190939763,0.034475132130168215
B-CAT-zscore,ALL_THREE_PRESPECIFIED_SEEDS_COMPLETED,TA:0.3:random,TA,0.3,random,3,724,728,0.9945054945054945,4,17;29;43,0.5888481855177936,0.00887562040553196,0.6524706277216469,0.02908114161521305
B-CAT-zscore,ALL_THREE_PRESPECIFIED_SEEDS_COMPLETED,TA:0.5:front,TA,0.5,front,1,724,728,0.9945054945054945,4,17;29;43,0.5687004459587399,0.008728721165799869,0.6866394343122098,0.0192758921380563
B-CAT-zscore,ALL_THREE_PRESPECIFIED_SEEDS_COMPLETED,TA:0.5:middle,TA,0.5,middle,1,724,728,0.9945054945054945,4,17;29;43,0.5805303638946911,0.01865082130632089,0.6521175552486086,0.030973743458251005
B-CAT-zscore,ALL_THREE_PRESPECIFIED_SEEDS_COMPLETED,TA:0.5:back,TA,0.5,back,1,724,728,0.9945054945054945,4,17;29;43,0.5589307424589024,0.020531905148595743,0.6722230873896438,0.039178294861318345
B-CAT-zscore,ALL_THREE_PRESPECIFIED_SEEDS_COMPLETED,TA:0.5:random,TA,0.5,random,3,724,728,0.9945054945054945,4,17;29;43,0.5682032536222966,0.01673252824963246,0.6641033855114954,0.02653531684234919
B-CAT-zscore,ALL_THREE_PRESPECIFIED_SEEDS_COMPLETED,TA:0.7:front,TA,0.7,front,1,718,728,0.9862637362637363,10,17;29;43,0.5562400120434146,0.017429676295789377,0.711107711348002,0.02295292822084999
B-CAT-zscore,ALL_THREE_PRESPECIFIED_SEEDS_COMPLETED,TA:0.7:middle,TA,0.7,middle,1,718,728,0.9862637362637363,10,17;29;43,0.5753853515583481,0.0066131838074991465,0.6791300603032182,0.02655103615043389
B-CAT-zscore,ALL_THREE_PRESPECIFIED_SEEDS_COMPLETED,TA:0.7:back,TA,0.7,back,1,718,728,0.9862637362637363,10,17;29;43,0.545598273699527,0.01348824071850035,0.6924389983648256,0.03941529695943436
B-CAT-zscore,ALL_THREE_PRESPECIFIED_SEEDS_COMPLETED,TA:0.7:random,TA,0.7,random,3,718,728,0.9862637362637363,10,17;29;43,0.5495516539090198,0.012022395764191805,0.7001026514570604,0.029829348087803992
B-CAT-zscore,ALL_THREE_PRESPECIFIED_SEEDS_COMPLETED,TV:0.1:front,TV,0.1,front,1,703,728,0.9656593406593407,25,17;29;43,0.5827082828803615,0.007120609808444686,0.6488821722538617,0.03193369716571709
B-CAT-zscore,ALL_THREE_PRESPECIFIED_SEEDS_COMPLETED,TV:0.1:middle,TV,0.1,middle,1,703,728,0.9656593406593407,25,17;29;43,0.6040723340150858,0.010860641445279423,0.6429065011023594,0.028774879597592815
B-CAT-zscore,ALL_THREE_PRESPECIFIED_SEEDS_COMPLETED,TV:0.1:back,TV,0.1,back,1,703,728,0.9656593406593407,25,17;29;43,0.58514140310638,0.001441772820532488,0.6537995512889686,0.03243129961752222
B-CAT-zscore,ALL_THREE_PRESPECIFIED_SEEDS_COMPLETED,TV:0.1:random,TV,0.1,random,3,703,728,0.9656593406593407,25,17;29;43,0.594064940133925,0.008665872091984337,0.6416097722451126,0.031120584618535677
B-CAT-zscore,ALL_THREE_PRESPECIFIED_SEEDS_COMPLETED,TV:0.3:front,TV,0.3,front,1,703,728,0.9656593406593407,25,17;29;43,0.5759506540364231,0.011329849017517884,0.6694123439310949,0.03299330191749717
B-CAT-zscore,ALL_THREE_PRESPECIFIED_SEEDS_COMPLETED,TV:0.3:middle,TV,0.3,middle,1,703,728,0.9656593406593407,25,17;29;43,0.5984836545022721,0.011539377734905973,0.6441030561137858,0.029778014701974196
B-CAT-zscore,ALL_THREE_PRESPECIFIED_SEEDS_COMPLETED,TV:0.3:back,TV,0.3,back,1,703,728,0.9656593406593407,25,17;29;43,0.5764228994066597,0.002394548197743328,0.6596233483947939,0.030239698365689963
B-CAT-zscore,ALL_THREE_PRESPECIFIED_SEEDS_COMPLETED,TV:0.3:random,TV,0.3,random,3,703,728,0.9656593406593407,25,17;29;43,0.5894133826821355,0.010024563789497544,0.6492211699643878,0.024864794516108426
B-CAT-zscore,ALL_THREE_PRESPECIFIED_SEEDS_COMPLETED,TV:0.5:front,TV,0.5,front,1,703,728,0.9656593406593407,25,17;29;43,0.5690126547513142,0.008643994966210905,0.6816674867258881,0.026230933576118234
B-CAT-zscore,ALL_THREE_PRESPECIFIED_SEEDS_COMPLETED,TV:0.5:middle,TV,0.5,middle,1,703,728,0.9656593406593407,25,17;29;43,0.5805474874356105,0.017661438909996007,0.651952060864803,0.03020511776611656
B-CAT-zscore,ALL_THREE_PRESPECIFIED_SEEDS_COMPLETED,TV:0.5:back,TV,0.5,back,1,703,728,0.9656593406593407,25,17;29;43,0.5668941465021744,0.00818626855082067,0.6659288222262091,0.03423458426454505
B-CAT-zscore,ALL_THREE_PRESPECIFIED_SEEDS_COMPLETED,TV:0.5:random,TV,0.5,random,3,703,728,0.9656593406593407,25,17;29;43,0.5730581500881274,0.009543534404749256,0.6604247087693343,0.0247817733084023
B-CAT-zscore,ALL_THREE_PRESPECIFIED_SEEDS_COMPLETED,TV:0.7:front,TV,0.7,front,1,694,728,0.9532967032967034,34,17;29;43,0.5510016453328345,0.013046633601413176,0.6966063913672497,0.019493501230777664
B-CAT-zscore,ALL_THREE_PRESPECIFIED_SEEDS_COMPLETED,TV:0.7:middle,TV,0.7,middle,1,694,728,0.9532967032967034,34,17;29;43,0.5724681248166101,0.005630842912823462,0.6710892926723332,0.023087944390738645
B-CAT-zscore,ALL_THREE_PRESPECIFIED_SEEDS_COMPLETED,TV:0.7:back,TV,0.7,back,1,694,728,0.9532967032967034,34,17;29;43,0.5466611748030615,0.005655122819201744,0.6859853155009602,0.03751448552366606
B-CAT-zscore,ALL_THREE_PRESPECIFIED_SEEDS_COMPLETED,TV:0.7:random,TV,0.7,random,3,694,728,0.9532967032967034,34,17;29;43,0.5559522164981067,0.012108229577875905,0.6807835839012496,0.020965492857468966
B-CAT-zscore,ALL_THREE_PRESPECIFIED_SEEDS_COMPLETED,AV:0.1:front,AV,0.1,front,1,703,728,0.9656593406593407,25,17;29;43,0.5993160860030927,0.005118836773721928,0.6433003001544993,0.02975253569391109
B-CAT-zscore,ALL_THREE_PRESPECIFIED_SEEDS_COMPLETED,AV:0.1:middle,AV,0.1,middle,1,703,728,0.9656593406593407,25,17;29;43,0.6003744632755996,0.0038031787922296655,0.6409472557499125,0.03044134391443964
B-CAT-zscore,ALL_THREE_PRESPECIFIED_SEEDS_COMPLETED,AV:0.1:back,AV,0.1,back,1,703,728,0.9656593406593407,25,17;29;43,0.600928173600432,0.005607490494956266,0.6436601197054941,0.03173040749270637
B-CAT-zscore,ALL_THREE_PRESPECIFIED_SEEDS_COMPLETED,AV:0.1:random,AV,0.1,random,3,703,728,0.9656593406593407,25,17;29;43,0.5995735417302864,0.003954216965710594,0.6421001529954075,0.031518790181435184
B-CAT-zscore,ALL_THREE_PRESPECIFIED_SEEDS_COMPLETED,AV:0.3:front,AV,0.3,front,1,703,728,0.9656593406593407,25,17;29;43,0.5931018733883985,0.004928695875205571,0.6467170723086123,0.029721261715295526
B-CAT-zscore,ALL_THREE_PRESPECIFIED_SEEDS_COMPLETED,AV:0.3:middle,AV,0.3,middle,1,703,728,0.9656593406593407,25,17;29;43,0.5991659727037802,0.003135210198060597,0.6401243412959085,0.031232617754156946
B-CAT-zscore,ALL_THREE_PRESPECIFIED_SEEDS_COMPLETED,AV:0.3:back,AV,0.3,back,1,703,728,0.9656593406593407,25,17;29;43,0.5987985995528274,0.006021532330800488,0.6448759255531963,0.03225369257496624
B-CAT-zscore,ALL_THREE_PRESPECIFIED_SEEDS_COMPLETED,AV:0.3:random,AV,0.3,random,3,703,728,0.9656593406593407,25,17;29;43,0.6012658551676558,0.005440521907431031,0.6452112386525477,0.032042033314091355
B-CAT-zscore,ALL_THREE_PRESPECIFIED_SEEDS_COMPLETED,AV:0.5:front,AV,0.5,front,1,703,728,0.9656593406593407,25,17;29;43,0.5934381833430574,0.0069598120107462495,0.6497423347900622,0.02904452214223212
B-CAT-zscore,ALL_THREE_PRESPECIFIED_SEEDS_COMPLETED,AV:0.5:middle,AV,0.5,middle,1,703,728,0.9656593406593407,25,17;29;43,0.5975101571708993,0.008711032217209409,0.6396806730834733,0.032807858969587086
B-CAT-zscore,ALL_THREE_PRESPECIFIED_SEEDS_COMPLETED,AV:0.5:back,AV,0.5,back,1,703,728,0.9656593406593407,25,17;29;43,0.5977227675467705,0.009432453632336342,0.6443233184143091,0.032481410031290826
B-CAT-zscore,ALL_THREE_PRESPECIFIED_SEEDS_COMPLETED,AV:0.5:random,AV,0.5,random,3,703,728,0.9656593406593407,25,17;29;43,0.5948499615774185,0.00382412484374379,0.6426241986924169,0.03256683113323361
B-CAT-zscore,ALL_THREE_PRESPECIFIED_SEEDS_COMPLETED,AV:0.7:front,AV,0.7,front,1,694,728,0.9532967032967034,34,17;29;43,0.5873987618351707,0.007419818488818198,0.649227698273115,0.029117687400256546
B-CAT-zscore,ALL_THREE_PRESPECIFIED_SEEDS_COMPLETED,AV:0.7:middle,AV,0.7,middle,1,694,728,0.9532967032967034,34,17;29;43,0.585722792708082,0.009209112730122726,0.6470382706628475,0.03337310382199543
B-CAT-zscore,ALL_THREE_PRESPECIFIED_SEEDS_COMPLETED,AV:0.7:back,AV,0.7,back,1,694,728,0.9532967032967034,34,17;29;43,0.5917829149786337,0.011825802733168465,0.6463252465625403,0.03498632901634476
B-CAT-zscore,ALL_THREE_PRESPECIFIED_SEEDS_COMPLETED,AV:0.7:random,AV,0.7,random,3,694,728,0.9532967032967034,34,17;29;43,0.5939097092986207,0.00729849875184128,0.6483693547924858,0.03739173291822598
B-T-identity,ALL_THREE_PRESPECIFIED_SEEDS_COMPLETED,T:0.1:front,T,0.1,front,1,728,728,1.0,0,17;29;43,0.5874528932474389,0.004121194756125394,0.6224194485326907,0.009748817934559829
B-T-identity,ALL_THREE_PRESPECIFIED_SEEDS_COMPLETED,T:0.1:middle,T,0.1,middle,1,728,728,1.0,0,17;29;43,0.5893645845050903,0.0083631719083897,0.6120229149568824,0.0031556237795049313
B-T-identity,ALL_THREE_PRESPECIFIED_SEEDS_COMPLETED,T:0.1:back,T,0.1,back,1,728,728,1.0,0,17;29;43,0.5856878007054309,0.00885477429726776,0.6336480331155787,0.006533567359422907
B-T-identity,ALL_THREE_PRESPECIFIED_SEEDS_COMPLETED,T:0.1:random,T,0.1,random,3,728,728,1.0,0,17;29;43,0.5930815566625487,0.007827732067236403,0.6184921486341625,0.003754547787610151
B-T-identity,ALL_THREE_PRESPECIFIED_SEEDS_COMPLETED,T:0.3:front,T,0.3,front,1,728,728,1.0,0,17;29;43,0.5691589073499218,0.01079450158614621,0.6358406832141588,0.006997464413095288
B-T-identity,ALL_THREE_PRESPECIFIED_SEEDS_COMPLETED,T:0.3:middle,T,0.3,middle,1,728,728,1.0,0,17;29;43,0.5955555010792883,0.012338607236142154,0.6128009461871652,0.0038040555560995915
B-T-identity,ALL_THREE_PRESPECIFIED_SEEDS_COMPLETED,T:0.3:back,T,0.3,back,1,728,728,1.0,0,17;29;43,0.5838259904816002,0.013162665647287368,0.6394582055647681,0.006189662478397995
B-T-identity,ALL_THREE_PRESPECIFIED_SEEDS_COMPLETED,T:0.3:random,T,0.3,random,3,728,728,1.0,0,17;29;43,0.5888791724116033,0.005164189320488312,0.6239999356139723,0.0033362928013317707
B-T-identity,ALL_THREE_PRESPECIFIED_SEEDS_COMPLETED,T:0.5:front,T,0.5,front,1,728,728,1.0,0,17;29;43,0.5682982586542425,0.006426416228485945,0.649901412722728,0.0018938784394914323
B-T-identity,ALL_THREE_PRESPECIFIED_SEEDS_COMPLETED,T:0.5:middle,T,0.5,middle,1,728,728,1.0,0,17;29;43,0.5910570028213776,0.017707992926046374,0.6252589019418088,0.01135314224849376
B-T-identity,ALL_THREE_PRESPECIFIED_SEEDS_COMPLETED,T:0.5:back,T,0.5,back,1,728,728,1.0,0,17;29;43,0.5728014465777567,0.015273134178081118,0.6445635684351493,0.007684350470455219
B-T-identity,ALL_THREE_PRESPECIFIED_SEEDS_COMPLETED,T:0.5:random,T,0.5,random,3,728,728,1.0,0,17;29;43,0.5797671642542489,0.01740143795747218,0.6333090849705462,0.006975627016750131
B-T-identity,ALL_THREE_PRESPECIFIED_SEEDS_COMPLETED,T:0.7:front,T,0.7,front,1,728,728,1.0,0,17;29;43,0.568220933553917,0.003884345892356751,0.6817548985958365,0.015359286691466766
B-T-identity,ALL_THREE_PRESPECIFIED_SEEDS_COMPLETED,T:0.7:middle,T,0.7,middle,1,728,728,1.0,0,17;29;43,0.5783312732726352,0.011785913018016559,0.6788174766610503,0.027993620382310225
B-T-identity,ALL_THREE_PRESPECIFIED_SEEDS_COMPLETED,T:0.7:back,T,0.7,back,1,728,728,1.0,0,17;29;43,0.5571481570509157,0.028549070168420596,0.6590393702132838,0.007988069187866619
B-T-identity,ALL_THREE_PRESPECIFIED_SEEDS_COMPLETED,T:0.7:random,T,0.7,random,3,728,728,1.0,0,17;29;43,0.5784089241263995,0.009763726056655693,0.6719848260476821,0.019383174825417262
B-T-identity,ALL_THREE_PRESPECIFIED_SEEDS_COMPLETED,A:0.1:front,A,0.1,front,1,724,728,0.9945054945054945,4,17;29;43,0.595557651429924,0.0032629108715427554,0.6139217321270025,0.004132739372869209
B-T-identity,ALL_THREE_PRESPECIFIED_SEEDS_COMPLETED,A:0.1:middle,A,0.1,middle,1,724,728,0.9945054945054945,4,17;29;43,0.595557651429924,0.0032629108715427554,0.6139217321270025,0.004132739372869209
B-T-identity,ALL_THREE_PRESPECIFIED_SEEDS_COMPLETED,A:0.1:back,A,0.1,back,1,724,728,0.9945054945054945,4,17;29;43,0.595557651429924,0.0032629108715427554,0.6139217321270025,0.004132739372869209
B-T-identity,ALL_THREE_PRESPECIFIED_SEEDS_COMPLETED,A:0.1:random,A,0.1,random,3,724,728,0.9945054945054945,4,17;29;43,0.595557651429924,0.0032629108715427554,0.6139217321270025,0.004132739372869209
B-T-identity,ALL_THREE_PRESPECIFIED_SEEDS_COMPLETED,A:0.3:front,A,0.3,front,1,724,728,0.9945054945054945,4,17;29;43,0.595557651429924,0.0032629108715427554,0.6139217321270025,0.004132739372869209
B-T-identity,ALL_THREE_PRESPECIFIED_SEEDS_COMPLETED,A:0.3:middle,A,0.3,middle,1,724,728,0.9945054945054945,4,17;29;43,0.595557651429924,0.0032629108715427554,0.6139217321270025,0.004132739372869209
B-T-identity,ALL_THREE_PRESPECIFIED_SEEDS_COMPLETED,A:0.3:back,A,0.3,back,1,724,728,0.9945054945054945,4,17;29;43,0.595557651429924,0.0032629108715427554,0.6139217321270025,0.004132739372869209
B-T-identity,ALL_THREE_PRESPECIFIED_SEEDS_COMPLETED,A:0.3:random,A,0.3,random,3,724,728,0.9945054945054945,4,17;29;43,0.595557651429924,0.0032629108715427554,0.6139217321270025,0.004132739372869209
B-T-identity,ALL_THREE_PRESPECIFIED_SEEDS_COMPLETED,A:0.5:front,A,0.5,front,1,724,728,0.9945054945054945,4,17;29;43,0.595557651429924,0.0032629108715427554,0.6139217321270025,0.004132739372869209
B-T-identity,ALL_THREE_PRESPECIFIED_SEEDS_COMPLETED,A:0.5:middle,A,0.5,middle,1,724,728,0.9945054945054945,4,17;29;43,0.595557651429924,0.0032629108715427554,0.6139217321270025,0.004132739372869209
B-T-identity,ALL_THREE_PRESPECIFIED_SEEDS_COMPLETED,A:0.5:back,A,0.5,back,1,724,728,0.9945054945054945,4,17;29;43,0.595557651429924,0.0032629108715427554,0.6139217321270025,0.004132739372869209
B-T-identity,ALL_THREE_PRESPECIFIED_SEEDS_COMPLETED,A:0.5:random,A,0.5,random,3,724,728,0.9945054945054945,4,17;29;43,0.595557651429924,0.0032629108715427554,0.6139217321270025,0.004132739372869209
B-T-identity,ALL_THREE_PRESPECIFIED_SEEDS_COMPLETED,A:0.7:front,A,0.7,front,1,718,728,0.9862637362637363,10,17;29;43,0.595557651429924,0.0032629108715427554,0.6139217323197488,0.004132739130899595
B-T-identity,ALL_THREE_PRESPECIFIED_SEEDS_COMPLETED,A:0.7:middle,A,0.7,middle,1,718,728,0.9862637362637363,10,17;29;43,0.595557651429924,0.0032629108715427554,0.6139217323197488,0.004132739130899595
B-T-identity,ALL_THREE_PRESPECIFIED_SEEDS_COMPLETED,A:0.7:back,A,0.7,back,1,718,728,0.9862637362637363,10,17;29;43,0.595557651429924,0.0032629108715427554,0.6139217323197488,0.004132739130899595
B-T-identity,ALL_THREE_PRESPECIFIED_SEEDS_COMPLETED,A:0.7:random,A,0.7,random,3,718,728,0.9862637362637363,10,17;29;43,0.595557651429924,0.0032629108715427554,0.6139217323197488,0.004132739130899595
B-T-identity,ALL_THREE_PRESPECIFIED_SEEDS_COMPLETED,V:0.1:front,V,0.1,front,1,703,728,0.9656593406593407,25,17;29;43,0.595557651429924,0.0032629108715427554,0.6139217321270025,0.004132739372869209
B-T-identity,ALL_THREE_PRESPECIFIED_SEEDS_COMPLETED,V:0.1:middle,V,0.1,middle,1,703,728,0.9656593406593407,25,17;29;43,0.595557651429924,0.0032629108715427554,0.6139217321270025,0.004132739372869209
B-T-identity,ALL_THREE_PRESPECIFIED_SEEDS_COMPLETED,V:0.1:back,V,0.1,back,1,703,728,0.9656593406593407,25,17;29;43,0.595557651429924,0.0032629108715427554,0.6139217321270025,0.004132739372869209
B-T-identity,ALL_THREE_PRESPECIFIED_SEEDS_COMPLETED,V:0.1:random,V,0.1,random,3,703,728,0.9656593406593407,25,17;29;43,0.595557651429924,0.0032629108715427554,0.6139217321270025,0.004132739372869209
B-T-identity,ALL_THREE_PRESPECIFIED_SEEDS_COMPLETED,V:0.3:front,V,0.3,front,1,703,728,0.9656593406593407,25,17;29;43,0.595557651429924,0.0032629108715427554,0.6139217321270025,0.004132739372869209
B-T-identity,ALL_THREE_PRESPECIFIED_SEEDS_COMPLETED,V:0.3:middle,V,0.3,middle,1,703,728,0.9656593406593407,25,17;29;43,0.595557651429924,0.0032629108715427554,0.6139217321270025,0.004132739372869209
B-T-identity,ALL_THREE_PRESPECIFIED_SEEDS_COMPLETED,V:0.3:back,V,0.3,back,1,703,728,0.9656593406593407,25,17;29;43,0.595557651429924,0.0032629108715427554,0.6139217321270025,0.004132739372869209
B-T-identity,ALL_THREE_PRESPECIFIED_SEEDS_COMPLETED,V:0.3:random,V,0.3,random,3,703,728,0.9656593406593407,25,17;29;43,0.595557651429924,0.0032629108715427554,0.6139217321270025,0.004132739372869209
B-T-identity,ALL_THREE_PRESPECIFIED_SEEDS_COMPLETED,V:0.5:front,V,0.5,front,1,703,728,0.9656593406593407,25,17;29;43,0.595557651429924,0.0032629108715427554,0.6139217321270025,0.004132739372869209
B-T-identity,ALL_THREE_PRESPECIFIED_SEEDS_COMPLETED,V:0.5:middle,V,0.5,middle,1,703,728,0.9656593406593407,25,17;29;43,0.595557651429924,0.0032629108715427554,0.6139217321270025,0.004132739372869209
B-T-identity,ALL_THREE_PRESPECIFIED_SEEDS_COMPLETED,V:0.5:back,V,0.5,back,1,703,728,0.9656593406593407,25,17;29;43,0.595557651429924,0.0032629108715427554,0.6139217321270025,0.004132739372869209
B-T-identity,ALL_THREE_PRESPECIFIED_SEEDS_COMPLETED,V:0.5:random,V,0.5,random,3,703,728,0.9656593406593407,25,17;29;43,0.595557651429924,0.0032629108715427554,0.6139217321270025,0.004132739372869209
B-T-identity,ALL_THREE_PRESPECIFIED_SEEDS_COMPLETED,V:0.7:front,V,0.7,front,1,694,728,0.9532967032967034,34,17;29;43,0.595557651429924,0.0032629108715427554,0.6139217321270025,0.004132739372869209
B-T-identity,ALL_THREE_PRESPECIFIED_SEEDS_COMPLETED,V:0.7:middle,V,0.7,middle,1,694,728,0.9532967032967034,34,17;29;43,0.595557651429924,0.0032629108715427554,0.6139217321270025,0.004132739372869209
B-T-identity,ALL_THREE_PRESPECIFIED_SEEDS_COMPLETED,V:0.7:back,V,0.7,back,1,694,728,0.9532967032967034,34,17;29;43,0.595557651429924,0.0032629108715427554,0.6139217321270025,0.004132739372869209
B-T-identity,ALL_THREE_PRESPECIFIED_SEEDS_COMPLETED,V:0.7:random,V,0.7,random,3,694,728,0.9532967032967034,34,17;29;43,0.595557651429924,0.0032629108715427554,0.6139217321270025,0.004132739372869209
B-T-identity,ALL_THREE_PRESPECIFIED_SEEDS_COMPLETED,TA:0.1:front,TA,0.1,front,1,724,728,0.9945054945054945,4,17;29;43,0.5849970677127371,0.005018970204133856,0.6211820361964023,0.010010513161898242
B-T-identity,ALL_THREE_PRESPECIFIED_SEEDS_COMPLETED,TA:0.1:middle,TA,0.1,middle,1,724,728,0.9945054945054945,4,17;29;43,0.5914098640113313,0.00637649344863042,0.6116091778186097,0.0027208757560227255
B-T-identity,ALL_THREE_PRESPECIFIED_SEEDS_COMPLETED,TA:0.1:back,TA,0.1,back,1,724,728,0.9945054945054945,4,17;29;43,0.5849687600051272,0.009472988453598523,0.6314960066539332,0.007257098962655865
B-T-identity,ALL_THREE_PRESPECIFIED_SEEDS_COMPLETED,TA:0.1:random,TA,0.1,random,3,724,728,0.9945054945054945,4,17;29;43,0.5938921998391364,0.0016359277816314563,0.6164740184836203,0.0043639498584153195
B-T-identity,ALL_THREE_PRESPECIFIED_SEEDS_COMPLETED,TA:0.3:front,TA,0.3,front,1,724,728,0.9945054945054945,4,17;29;43,0.5713853793747631,0.010796832616996863,0.6353881453864226,0.007251478041857482
B-T-identity,ALL_THREE_PRESPECIFIED_SEEDS_COMPLETED,TA:0.3:middle,TA,0.3,middle,1,724,728,0.9945054945054945,4,17;29;43,0.5989300014741169,0.010157411862213441,0.612318804862471,0.0037343421626580427
B-T-identity,ALL_THREE_PRESPECIFIED_SEEDS_COMPLETED,TA:0.3:back,TA,0.3,back,1,724,728,0.9945054945054945,4,17;29;43,0.5838259904816002,0.013162665647287368,0.63946671500924,0.006092491524696764
B-T-identity,ALL_THREE_PRESPECIFIED_SEEDS_COMPLETED,TA:0.3:random,TA,0.3,random,3,724,728,0.9945054945054945,4,17;29;43,0.5930198425407757,0.008004497456265842,0.6244606638796811,0.0032254279540610245
B-T-identity,ALL_THREE_PRESPECIFIED_SEEDS_COMPLETED,TA:0.5:front,TA,0.5,front,1,724,728,0.9945054945054945,4,17;29;43,0.5704189140286614,0.00453930645139409,0.6476752163261096,0.0019286024798059603
B-T-identity,ALL_THREE_PRESPECIFIED_SEEDS_COMPLETED,TA:0.5:middle,TA,0.5,middle,1,724,728,0.9945054945054945,4,17;29;43,0.5934321851956209,0.017202126840716175,0.6226565925353365,0.009821157868820433
B-T-identity,ALL_THREE_PRESPECIFIED_SEEDS_COMPLETED,TA:0.5:back,TA,0.5,back,1,724,728,0.9945054945054945,4,17;29;43,0.5746682627548411,0.012898125424535712,0.6438301583433174,0.00734748329492816
B-T-identity,ALL_THREE_PRESPECIFIED_SEEDS_COMPLETED,TA:0.5:random,TA,0.5,random,3,724,728,0.9945054945054945,4,17;29;43,0.5786422589550957,0.00896108360267589,0.636273818475411,0.00597590811669188
B-T-identity,ALL_THREE_PRESPECIFIED_SEEDS_COMPLETED,TA:0.7:front,TA,0.7,front,1,718,728,0.9862637362637363,10,17;29;43,0.57184515202594,0.0021726899231130983,0.6751762460279189,0.012262971058068456
B-T-identity,ALL_THREE_PRESPECIFIED_SEEDS_COMPLETED,TA:0.7:middle,TA,0.7,middle,1,718,728,0.9862637362637363,10,17;29;43,0.5831045658118953,0.009570005148066293,0.6729127787573402,0.026945966278187353
B-T-identity,ALL_THREE_PRESPECIFIED_SEEDS_COMPLETED,TA:0.7:back,TA,0.7,back,1,718,728,0.9862637362637363,10,17;29;43,0.5619641971728031,0.023876947307430386,0.6573962625983895,0.009276789245286484
B-T-identity,ALL_THREE_PRESPECIFIED_SEEDS_COMPLETED,TA:0.7:random,TA,0.7,random,3,718,728,0.9862637362637363,10,17;29;43,0.5667690290947864,0.013124534100445924,0.673865231756412,0.014121327785604177
B-T-identity,ALL_THREE_PRESPECIFIED_SEEDS_COMPLETED,TV:0.1:front,TV,0.1,front,1,703,728,0.9656593406593407,25,17;29;43,0.5837198063305109,0.005164772117061213,0.6214141328295654,0.009083636063614498
B-T-identity,ALL_THREE_PRESPECIFIED_SEEDS_COMPLETED,TV:0.1:middle,TV,0.1,middle,1,703,728,0.9656593406593407,25,17;29;43,0.5906541274354647,0.006263159795736972,0.6111248727139911,0.0021939054564332795
B-T-identity,ALL_THREE_PRESPECIFIED_SEEDS_COMPLETED,TV:0.1:back,TV,0.1,back,1,703,728,0.9656593406593407,25,17;29;43,0.5819149339431745,0.011065852608408713,0.6332759845362431,0.0069059142483804134
B-T-identity,ALL_THREE_PRESPECIFIED_SEEDS_COMPLETED,TV:0.1:random,TV,0.1,random,3,703,728,0.9656593406593407,25,17;29;43,0.591324764678951,0.008714083325806553,0.6125349789544687,0.002526398690729176
B-T-identity,ALL_THREE_PRESPECIFIED_SEEDS_COMPLETED,TV:0.3:front,TV,0.3,front,1,703,728,0.9656593406593407,25,17;29;43,0.5686112459745334,0.010560450143167697,0.6346002595059189,0.00611791426859622
B-T-identity,ALL_THREE_PRESPECIFIED_SEEDS_COMPLETED,TV:0.3:middle,TV,0.3,middle,1,703,728,0.9656593406593407,25,17;29;43,0.5988832550569104,0.011321440995469625,0.6110147091939268,0.004166836566505345
B-T-identity,ALL_THREE_PRESPECIFIED_SEEDS_COMPLETED,TV:0.3:back,TV,0.3,back,1,703,728,0.9656593406593407,25,17;29;43,0.5810322097781246,0.014889269914337928,0.6401876764418472,0.006420878028127984
B-T-identity,ALL_THREE_PRESPECIFIED_SEEDS_COMPLETED,TV:0.3:random,TV,0.3,random,3,703,728,0.9656593406593407,25,17;29;43,0.5891973472969033,0.01476190297672913,0.6172479293360856,0.000668497739866327
B-T-identity,ALL_THREE_PRESPECIFIED_SEEDS_COMPLETED,TV:0.5:front,TV,0.5,front,1,703,728,0.9656593406593407,25,17;29;43,0.5695643350037,0.0033342668396472825,0.6468523355970487,0.0014047849985310205
B-T-identity,ALL_THREE_PRESPECIFIED_SEEDS_COMPLETED,TV:0.5:middle,TV,0.5,middle,1,703,728,0.9656593406593407,25,17;29;43,0.5956535230828837,0.01767928618545541,0.6210754893359497,0.010110383539950378
B-T-identity,ALL_THREE_PRESPECIFIED_SEEDS_COMPLETED,TV:0.5:back,TV,0.5,back,1,703,728,0.9656593406593407,25,17;29;43,0.577021375754324,0.013440689747659235,0.6416920992019036,0.00643965926245772
B-T-identity,ALL_THREE_PRESPECIFIED_SEEDS_COMPLETED,TV:0.5:random,TV,0.5,random,3,703,728,0.9656593406593407,25,17;29;43,0.5857498099528339,0.011796708940609987,0.6300546066202523,0.006579743242804124
B-T-identity,ALL_THREE_PRESPECIFIED_SEEDS_COMPLETED,TV:0.7:front,TV,0.7,front,1,694,728,0.9532967032967034,34,17;29;43,0.5723751637344597,0.0020330514893417686,0.673630493034806,0.01311751982584327
B-T-identity,ALL_THREE_PRESPECIFIED_SEEDS_COMPLETED,TV:0.7:middle,TV,0.7,middle,1,694,728,0.9532967032967034,34,17;29;43,0.5855135350565162,0.009744736861912401,0.6664827215045412,0.026874378212143887
B-T-identity,ALL_THREE_PRESPECIFIED_SEEDS_COMPLETED,TV:0.7:back,TV,0.7,back,1,694,728,0.9532967032967034,34,17;29;43,0.566281578861839,0.022817524376767016,0.6552653751951056,0.00840674647278721
B-T-identity,ALL_THREE_PRESPECIFIED_SEEDS_COMPLETED,TV:0.7:random,TV,0.7,random,3,694,728,0.9532967032967034,34,17;29;43,0.5754357852046504,0.0116271356604888,0.6688230249766405,0.01815420633008458
B-T-identity,ALL_THREE_PRESPECIFIED_SEEDS_COMPLETED,AV:0.1:front,AV,0.1,front,1,703,728,0.9656593406593407,25,17;29;43,0.595557651429924,0.0032629108715427554,0.6139217321270025,0.004132739372869209
B-T-identity,ALL_THREE_PRESPECIFIED_SEEDS_COMPLETED,AV:0.1:middle,AV,0.1,middle,1,703,728,0.9656593406593407,25,17;29;43,0.595557651429924,0.0032629108715427554,0.6139217321270025,0.004132739372869209
B-T-identity,ALL_THREE_PRESPECIFIED_SEEDS_COMPLETED,AV:0.1:back,AV,0.1,back,1,703,728,0.9656593406593407,25,17;29;43,0.595557651429924,0.0032629108715427554,0.6139217321270025,0.004132739372869209
B-T-identity,ALL_THREE_PRESPECIFIED_SEEDS_COMPLETED,AV:0.1:random,AV,0.1,random,3,703,728,0.9656593406593407,25,17;29;43,0.595557651429924,0.0032629108715427554,0.6139217321270025,0.004132739372869209
B-T-identity,ALL_THREE_PRESPECIFIED_SEEDS_COMPLETED,AV:0.3:front,AV,0.3,front,1,703,728,0.9656593406593407,25,17;29;43,0.595557651429924,0.0032629108715427554,0.6139217321270025,0.004132739372869209
B-T-identity,ALL_THREE_PRESPECIFIED_SEEDS_COMPLETED,AV:0.3:middle,AV,0.3,middle,1,703,728,0.9656593406593407,25,17;29;43,0.595557651429924,0.0032629108715427554,0.6139217321270025,0.004132739372869209
B-T-identity,ALL_THREE_PRESPECIFIED_SEEDS_COMPLETED,AV:0.3:back,AV,0.3,back,1,703,728,0.9656593406593407,25,17;29;43,0.595557651429924,0.0032629108715427554,0.6139217321270025,0.004132739372869209
B-T-identity,ALL_THREE_PRESPECIFIED_SEEDS_COMPLETED,AV:0.3:random,AV,0.3,random,3,703,728,0.9656593406593407,25,17;29;43,0.595557651429924,0.0032629108715427554,0.6139217321270025,0.004132739372869209
B-T-identity,ALL_THREE_PRESPECIFIED_SEEDS_COMPLETED,AV:0.5:front,AV,0.5,front,1,703,728,0.9656593406593407,25,17;29;43,0.595557651429924,0.0032629108715427554,0.6139217321270025,0.004132739372869209
B-T-identity,ALL_THREE_PRESPECIFIED_SEEDS_COMPLETED,AV:0.5:middle,AV,0.5,middle,1,703,728,0.9656593406593407,25,17;29;43,0.595557651429924,0.0032629108715427554,0.6139217321270025,0.004132739372869209
B-T-identity,ALL_THREE_PRESPECIFIED_SEEDS_COMPLETED,AV:0.5:back,AV,0.5,back,1,703,728,0.9656593406593407,25,17;29;43,0.595557651429924,0.0032629108715427554,0.6139217321270025,0.004132739372869209
B-T-identity,ALL_THREE_PRESPECIFIED_SEEDS_COMPLETED,AV:0.5:random,AV,0.5,random,3,703,728,0.9656593406593407,25,17;29;43,0.595557651429924,0.0032629108715427554,0.6139217321270025,0.004132739372869209
B-T-identity,ALL_THREE_PRESPECIFIED_SEEDS_COMPLETED,AV:0.7:front,AV,0.7,front,1,694,728,0.9532967032967034,34,17;29;43,0.595557651429924,0.0032629108715427554,0.6139217321270025,0.004132739372869209
B-T-identity,ALL_THREE_PRESPECIFIED_SEEDS_COMPLETED,AV:0.7:middle,AV,0.7,middle,1,694,728,0.9532967032967034,34,17;29;43,0.595557651429924,0.0032629108715427554,0.6139217321270025,0.004132739372869209
B-T-identity,ALL_THREE_PRESPECIFIED_SEEDS_COMPLETED,AV:0.7:back,AV,0.7,back,1,694,728,0.9532967032967034,34,17;29;43,0.595557651429924,0.0032629108715427554,0.6139217321270025,0.004132739372869209
B-T-identity,ALL_THREE_PRESPECIFIED_SEEDS_COMPLETED,AV:0.7:random,AV,0.7,random,3,694,728,0.9532967032967034,34,17;29;43,0.595557651429924,0.0032629108715427554,0.6139217321270025,0.004132739372869209
B-T-zscore,ALL_THREE_PRESPECIFIED_SEEDS_COMPLETED,T:0.1:front,T,0.1,front,1,728,728,1.0,0,17;29;43,0.5895458860744093,0.010542617115041111,0.6518167303379364,0.016000044506687308
B-T-zscore,ALL_THREE_PRESPECIFIED_SEEDS_COMPLETED,T:0.1:middle,T,0.1,middle,1,728,728,1.0,0,17;29;43,0.5920615184468959,0.017685679479514632,0.6443414525881549,0.010276519243509977
B-T-zscore,ALL_THREE_PRESPECIFIED_SEEDS_COMPLETED,T:0.1:back,T,0.1,back,1,728,728,1.0,0,17;29;43,0.5783395713418589,0.013095515740412728,0.6629946426502958,0.022219260813011767
B-T-zscore,ALL_THREE_PRESPECIFIED_SEEDS_COMPLETED,T:0.1:random,T,0.1,random,3,728,728,1.0,0,17;29;43,0.5911859352574647,0.009680818853329129,0.6465463767883807,0.01072568821004843
B-T-zscore,ALL_THREE_PRESPECIFIED_SEEDS_COMPLETED,T:0.3:front,T,0.3,front,1,728,728,1.0,0,17;29;43,0.5813729088162921,0.01099099470932299,0.6705318805092674,0.014172990682308364
B-T-zscore,ALL_THREE_PRESPECIFIED_SEEDS_COMPLETED,T:0.3:middle,T,0.3,middle,1,728,728,1.0,0,17;29;43,0.592251760687673,0.003363488056189,0.649270375957446,0.006476624127756607
B-T-zscore,ALL_THREE_PRESPECIFIED_SEEDS_COMPLETED,T:0.3:back,T,0.3,back,1,728,728,1.0,0,17;29;43,0.5787296660079603,0.008862410242741198,0.6696029395986439,0.023711556503528845
B-T-zscore,ALL_THREE_PRESPECIFIED_SEEDS_COMPLETED,T:0.3:random,T,0.3,random,3,728,728,1.0,0,17;29;43,0.585935370377637,0.007682280577035484,0.6588280226165403,0.012153530055159446
B-T-zscore,ALL_THREE_PRESPECIFIED_SEEDS_COMPLETED,T:0.5:front,T,0.5,front,1,728,728,1.0,0,17;29;43,0.5687775923469238,0.009539027850444635,0.6869978373685823,0.017777528332329682
B-T-zscore,ALL_THREE_PRESPECIFIED_SEEDS_COMPLETED,T:0.5:middle,T,0.5,middle,1,728,728,1.0,0,17;29;43,0.574479676715847,0.008859388390318247,0.6634339329147166,0.004137739339742336
B-T-zscore,ALL_THREE_PRESPECIFIED_SEEDS_COMPLETED,T:0.5:back,T,0.5,back,1,728,728,1.0,0,17;29;43,0.551902855696716,0.005930948272399216,0.6859762271464932,0.028548887208963324
B-T-zscore,ALL_THREE_PRESPECIFIED_SEEDS_COMPLETED,T:0.5:random,T,0.5,random,3,728,728,1.0,0,17;29;43,0.5665844732674059,0.006242485390754248,0.6642847145177568,0.009162442441948951
B-T-zscore,ALL_THREE_PRESPECIFIED_SEEDS_COMPLETED,T:0.7:front,T,0.7,front,1,728,728,1.0,0,17;29;43,0.5694781096060494,0.0058456756883943995,0.7131262792568805,0.01937434355704499
B-T-zscore,ALL_THREE_PRESPECIFIED_SEEDS_COMPLETED,T:0.7:middle,T,0.7,middle,1,728,728,1.0,0,17;29;43,0.5772877679062663,0.014634914292101779,0.6889161476173529,0.003244385028844696
B-T-zscore,ALL_THREE_PRESPECIFIED_SEEDS_COMPLETED,T:0.7:back,T,0.7,back,1,728,728,1.0,0,17;29;43,0.5343828175065356,0.006395938392502953,0.7086122805975363,0.03116716663915844
B-T-zscore,ALL_THREE_PRESPECIFIED_SEEDS_COMPLETED,T:0.7:random,T,0.7,random,3,728,728,1.0,0,17;29;43,0.5656544460695133,0.006096756902606561,0.6896634776397453,0.00805857793674624
B-T-zscore,ALL_THREE_PRESPECIFIED_SEEDS_COMPLETED,A:0.1:front,A,0.1,front,1,724,728,0.9945054945054945,4,17;29;43,0.5994517201014875,0.011986939223450234,0.6423445682704658,0.012294044712889285
B-T-zscore,ALL_THREE_PRESPECIFIED_SEEDS_COMPLETED,A:0.1:middle,A,0.1,middle,1,724,728,0.9945054945054945,4,17;29;43,0.5994517201014875,0.011986939223450234,0.6423445682704658,0.012294044712889285
B-T-zscore,ALL_THREE_PRESPECIFIED_SEEDS_COMPLETED,A:0.1:back,A,0.1,back,1,724,728,0.9945054945054945,4,17;29;43,0.5994517201014875,0.011986939223450234,0.6423445682704658,0.012294044712889285
B-T-zscore,ALL_THREE_PRESPECIFIED_SEEDS_COMPLETED,A:0.1:random,A,0.1,random,3,724,728,0.9945054945054945,4,17;29;43,0.5994517201014875,0.011986939223450234,0.6423445682704658,0.012294044712889285
B-T-zscore,ALL_THREE_PRESPECIFIED_SEEDS_COMPLETED,A:0.3:front,A,0.3,front,1,724,728,0.9945054945054945,4,17;29;43,0.5994517201014875,0.011986939223450234,0.6423445682704658,0.012294044712889285
B-T-zscore,ALL_THREE_PRESPECIFIED_SEEDS_COMPLETED,A:0.3:middle,A,0.3,middle,1,724,728,0.9945054945054945,4,17;29;43,0.5994517201014875,0.011986939223450234,0.6423445682704658,0.012294044712889285
B-T-zscore,ALL_THREE_PRESPECIFIED_SEEDS_COMPLETED,A:0.3:back,A,0.3,back,1,724,728,0.9945054945054945,4,17;29;43,0.5994517201014875,0.011986939223450234,0.6423445682704658,0.012294044712889285
B-T-zscore,ALL_THREE_PRESPECIFIED_SEEDS_COMPLETED,A:0.3:random,A,0.3,random,3,724,728,0.9945054945054945,4,17;29;43,0.5994517201014875,0.011986939223450234,0.6423445682704658,0.012294044712889285
B-T-zscore,ALL_THREE_PRESPECIFIED_SEEDS_COMPLETED,A:0.5:front,A,0.5,front,1,724,728,0.9945054945054945,4,17;29;43,0.5994517201014875,0.011986939223450234,0.6423445682704658,0.012294044712889285
B-T-zscore,ALL_THREE_PRESPECIFIED_SEEDS_COMPLETED,A:0.5:middle,A,0.5,middle,1,724,728,0.9945054945054945,4,17;29;43,0.5994517201014875,0.011986939223450234,0.6423445682704658,0.012294044712889285
B-T-zscore,ALL_THREE_PRESPECIFIED_SEEDS_COMPLETED,A:0.5:back,A,0.5,back,1,724,728,0.9945054945054945,4,17;29;43,0.5994517201014875,0.011986939223450234,0.6423445682704658,0.012294044712889285
B-T-zscore,ALL_THREE_PRESPECIFIED_SEEDS_COMPLETED,A:0.5:random,A,0.5,random,3,724,728,0.9945054945054945,4,17;29;43,0.5994517201014875,0.011986939223450234,0.6423445682704658,0.012294044712889285
B-T-zscore,ALL_THREE_PRESPECIFIED_SEEDS_COMPLETED,A:0.7:front,A,0.7,front,1,718,728,0.9862637362637363,10,17;29;43,0.5994517201014875,0.011986939223450234,0.6423445682499972,0.012294044579139869
B-T-zscore,ALL_THREE_PRESPECIFIED_SEEDS_COMPLETED,A:0.7:middle,A,0.7,middle,1,718,728,0.9862637362637363,10,17;29;43,0.5994517201014875,0.011986939223450234,0.6423445682499972,0.012294044579139869
B-T-zscore,ALL_THREE_PRESPECIFIED_SEEDS_COMPLETED,A:0.7:back,A,0.7,back,1,718,728,0.9862637362637363,10,17;29;43,0.5994517201014875,0.011986939223450234,0.6423445682499972,0.012294044579139869
B-T-zscore,ALL_THREE_PRESPECIFIED_SEEDS_COMPLETED,A:0.7:random,A,0.7,random,3,718,728,0.9862637362637363,10,17;29;43,0.5994517201014875,0.011986939223450234,0.6423445682499972,0.012294044579139869
B-T-zscore,ALL_THREE_PRESPECIFIED_SEEDS_COMPLETED,V:0.1:front,V,0.1,front,1,703,728,0.9656593406593407,25,17;29;43,0.5994517201014875,0.011986939223450234,0.6423445682704658,0.012294044712889285
B-T-zscore,ALL_THREE_PRESPECIFIED_SEEDS_COMPLETED,V:0.1:middle,V,0.1,middle,1,703,728,0.9656593406593407,25,17;29;43,0.5994517201014875,0.011986939223450234,0.6423445682704658,0.012294044712889285
B-T-zscore,ALL_THREE_PRESPECIFIED_SEEDS_COMPLETED,V:0.1:back,V,0.1,back,1,703,728,0.9656593406593407,25,17;29;43,0.5994517201014875,0.011986939223450234,0.6423445682704658,0.012294044712889285
B-T-zscore,ALL_THREE_PRESPECIFIED_SEEDS_COMPLETED,V:0.1:random,V,0.1,random,3,703,728,0.9656593406593407,25,17;29;43,0.5994517201014875,0.011986939223450234,0.6423445682704658,0.012294044712889285
B-T-zscore,ALL_THREE_PRESPECIFIED_SEEDS_COMPLETED,V:0.3:front,V,0.3,front,1,703,728,0.9656593406593407,25,17;29;43,0.5994517201014875,0.011986939223450234,0.6423445682704658,0.012294044712889285
B-T-zscore,ALL_THREE_PRESPECIFIED_SEEDS_COMPLETED,V:0.3:middle,V,0.3,middle,1,703,728,0.9656593406593407,25,17;29;43,0.5994517201014875,0.011986939223450234,0.6423445682704658,0.012294044712889285
B-T-zscore,ALL_THREE_PRESPECIFIED_SEEDS_COMPLETED,V:0.3:back,V,0.3,back,1,703,728,0.9656593406593407,25,17;29;43,0.5994517201014875,0.011986939223450234,0.6423445682704658,0.012294044712889285
B-T-zscore,ALL_THREE_PRESPECIFIED_SEEDS_COMPLETED,V:0.3:random,V,0.3,random,3,703,728,0.9656593406593407,25,17;29;43,0.5994517201014875,0.011986939223450234,0.6423445682704658,0.012294044712889285
B-T-zscore,ALL_THREE_PRESPECIFIED_SEEDS_COMPLETED,V:0.5:front,V,0.5,front,1,703,728,0.9656593406593407,25,17;29;43,0.5994517201014875,0.011986939223450234,0.6423445682704658,0.012294044712889285
B-T-zscore,ALL_THREE_PRESPECIFIED_SEEDS_COMPLETED,V:0.5:middle,V,0.5,middle,1,703,728,0.9656593406593407,25,17;29;43,0.5994517201014875,0.011986939223450234,0.6423445682704658,0.012294044712889285
B-T-zscore,ALL_THREE_PRESPECIFIED_SEEDS_COMPLETED,V:0.5:back,V,0.5,back,1,703,728,0.9656593406593407,25,17;29;43,0.5994517201014875,0.011986939223450234,0.6423445682704658,0.012294044712889285
B-T-zscore,ALL_THREE_PRESPECIFIED_SEEDS_COMPLETED,V:0.5:random,V,0.5,random,3,703,728,0.9656593406593407,25,17;29;43,0.5994517201014875,0.011986939223450234,0.6423445682704658,0.012294044712889285
B-T-zscore,ALL_THREE_PRESPECIFIED_SEEDS_COMPLETED,V:0.7:front,V,0.7,front,1,694,728,0.9532967032967034,34,17;29;43,0.5994517201014875,0.011986939223450234,0.6423445682704658,0.012294044712889285
B-T-zscore,ALL_THREE_PRESPECIFIED_SEEDS_COMPLETED,V:0.7:middle,V,0.7,middle,1,694,728,0.9532967032967034,34,17;29;43,0.5994517201014875,0.011986939223450234,0.6423445682704658,0.012294044712889285
B-T-zscore,ALL_THREE_PRESPECIFIED_SEEDS_COMPLETED,V:0.7:back,V,0.7,back,1,694,728,0.9532967032967034,34,17;29;43,0.5994517201014875,0.011986939223450234,0.6423445682704658,0.012294044712889285
B-T-zscore,ALL_THREE_PRESPECIFIED_SEEDS_COMPLETED,V:0.7:random,V,0.7,random,3,694,728,0.9532967032967034,34,17;29;43,0.5994517201014875,0.011986939223450234,0.6423445682704658,0.012294044712889285
B-T-zscore,ALL_THREE_PRESPECIFIED_SEEDS_COMPLETED,TA:0.1:front,TA,0.1,front,1,724,728,0.9945054945054945,4,17;29;43,0.5875277341329403,0.007022240115435818,0.65058072702666,0.015992450230801848
B-T-zscore,ALL_THREE_PRESPECIFIED_SEEDS_COMPLETED,TA:0.1:middle,TA,0.1,middle,1,724,728,0.9945054945054945,4,17;29;43,0.595029669200488,0.01826147160025828,0.643692634564154,0.010144488124143881
B-T-zscore,ALL_THREE_PRESPECIFIED_SEEDS_COMPLETED,TA:0.1:back,TA,0.1,back,1,724,728,0.9945054945054945,4,17;29;43,0.5774152245916478,0.015425725226387436,0.6590961968310257,0.023080360329203874
B-T-zscore,ALL_THREE_PRESPECIFIED_SEEDS_COMPLETED,TA:0.1:random,TA,0.1,random,3,724,728,0.9945054945054945,4,17;29;43,0.5946857278082726,0.013696680602306895,0.6448061615582411,0.012243891137162566
B-T-zscore,ALL_THREE_PRESPECIFIED_SEEDS_COMPLETED,TA:0.3:front,TA,0.3,front,1,724,728,0.9945054945054945,4,17;29;43,0.5822024983937086,0.010281113222437245,0.6705200166344807,0.014200787339449536
B-T-zscore,ALL_THREE_PRESPECIFIED_SEEDS_COMPLETED,TA:0.3:middle,TA,0.3,middle,1,724,728,0.9945054945054945,4,17;29;43,0.5955080503883249,0.0022053014817726277,0.6487541260084648,0.006677077285610865
B-T-zscore,ALL_THREE_PRESPECIFIED_SEEDS_COMPLETED,TA:0.3:back,TA,0.3,back,1,724,728,0.9945054945054945,4,17;29;43,0.5791319667721645,0.010455629512224203,0.669205876347605,0.024191099490898628
B-T-zscore,ALL_THREE_PRESPECIFIED_SEEDS_COMPLETED,TA:0.3:random,TA,0.3,random,3,724,728,0.9945054945054945,4,17;29;43,0.5936431084480497,0.008952769403360903,0.6552169443328748,0.009344247616122304
B-T-zscore,ALL_THREE_PRESPECIFIED_SEEDS_COMPLETED,TA:0.5:front,TA,0.5,front,1,724,728,0.9945054945054945,4,17;29;43,0.5728790328772133,0.010234248535408216,0.6849026296243214,0.018007933176081438
B-T-zscore,ALL_THREE_PRESPECIFIED_SEEDS_COMPLETED,TA:0.5:middle,TA,0.5,middle,1,724,728,0.9945054945054945,4,17;29;43,0.5781044500755429,0.00829290805180166,0.6612236923232185,0.004908253934883365
B-T-zscore,ALL_THREE_PRESPECIFIED_SEEDS_COMPLETED,TA:0.5:back,TA,0.5,back,1,724,728,0.9945054945054945,4,17;29;43,0.5544961588468375,0.007431055126892533,0.6846526118962099,0.029147908778075906
B-T-zscore,ALL_THREE_PRESPECIFIED_SEEDS_COMPLETED,TA:0.5:random,TA,0.5,random,3,724,728,0.9945054945054945,4,17;29;43,0.5712881375002491,0.003318080091581967,0.6728684303617053,0.009495909035903305
B-T-zscore,ALL_THREE_PRESPECIFIED_SEEDS_COMPLETED,TA:0.7:front,TA,0.7,front,1,718,728,0.9862637362637363,10,17;29;43,0.5739336546589282,0.0065563957852635135,0.7088316458161416,0.01997845966275342
B-T-zscore,ALL_THREE_PRESPECIFIED_SEEDS_COMPLETED,TA:0.7:middle,TA,0.7,middle,1,718,728,0.9862637362637363,10,17;29;43,0.5840290661915025,0.014170206212009661,0.679665530126477,0.0024532412263446562
B-T-zscore,ALL_THREE_PRESPECIFIED_SEEDS_COMPLETED,TA:0.7:back,TA,0.7,back,1,718,728,0.9862637362637363,10,17;29;43,0.5393406808884184,0.008258144105343704,0.7061109858113124,0.03123968623976943
B-T-zscore,ALL_THREE_PRESPECIFIED_SEEDS_COMPLETED,TA:0.7:random,TA,0.7,random,3,718,728,0.9862637362637363,10,17;29;43,0.5500089736176914,0.008229357274247215,0.7048846576856086,0.011767261172081768
B-T-zscore,ALL_THREE_PRESPECIFIED_SEEDS_COMPLETED,TV:0.1:front,TV,0.1,front,1,703,728,0.9656593406593407,25,17;29;43,0.5894009816559709,0.006729969018620391,0.6502831278990032,0.015760451511405725
B-T-zscore,ALL_THREE_PRESPECIFIED_SEEDS_COMPLETED,TV:0.1:middle,TV,0.1,middle,1,703,728,0.9656593406593407,25,17;29;43,0.5972497885253282,0.018596528342216895,0.644120618326789,0.010620221383541871
B-T-zscore,ALL_THREE_PRESPECIFIED_SEEDS_COMPLETED,TV:0.1:back,TV,0.1,back,1,703,728,0.9656593406593407,25,17;29;43,0.5794348898028331,0.012977940134486728,0.6600135689770381,0.022513693842995026
B-T-zscore,ALL_THREE_PRESPECIFIED_SEEDS_COMPLETED,TV:0.1:random,TV,0.1,random,3,703,728,0.9656593406593407,25,17;29;43,0.5917103811777024,0.009965609507443948,0.6411616031305746,0.011340903034515033
B-T-zscore,ALL_THREE_PRESPECIFIED_SEEDS_COMPLETED,TV:0.3:front,TV,0.3,front,1,703,728,0.9656593406593407,25,17;29;43,0.5834760966748433,0.009972193299703553,0.6694965059596609,0.014363510471780323
B-T-zscore,ALL_THREE_PRESPECIFIED_SEEDS_COMPLETED,TV:0.3:middle,TV,0.3,middle,1,703,728,0.9656593406593407,25,17;29;43,0.5970642012584387,0.0014118229229193194,0.6472556049774649,0.00736762956343299
B-T-zscore,ALL_THREE_PRESPECIFIED_SEEDS_COMPLETED,TV:0.3:back,TV,0.3,back,1,703,728,0.9656593406593407,25,17;29;43,0.5786807133591453,0.008710447060341324,0.6689993366477017,0.023002277374573086
B-T-zscore,ALL_THREE_PRESPECIFIED_SEEDS_COMPLETED,TV:0.3:random,TV,0.3,random,3,703,728,0.9656593406593407,25,17;29;43,0.5883498615230313,0.009144879686758192,0.657268309780215,0.012998754071506014
B-T-zscore,ALL_THREE_PRESPECIFIED_SEEDS_COMPLETED,TV:0.5:front,TV,0.5,front,1,703,728,0.9656593406593407,25,17;29;43,0.5729438931556582,0.008526714947603285,0.6850651046985057,0.019808490422755794
B-T-zscore,ALL_THREE_PRESPECIFIED_SEEDS_COMPLETED,TV:0.5:middle,TV,0.5,middle,1,703,728,0.9656593406593407,25,17;29;43,0.5806186892349019,0.007660836871059959,0.6620709481458273,0.0073694674958412094
B-T-zscore,ALL_THREE_PRESPECIFIED_SEEDS_COMPLETED,TV:0.5:back,TV,0.5,back,1,703,728,0.9656593406593407,25,17;29;43,0.5614546703897453,0.004985626969794709,0.6808687601826536,0.029341303967001894
B-T-zscore,ALL_THREE_PRESPECIFIED_SEEDS_COMPLETED,TV:0.5:random,TV,0.5,random,3,703,728,0.9656593406593407,25,17;29;43,0.5777206430105958,0.003954558760972411,0.6680578333659365,0.01182405757312458
B-T-zscore,ALL_THREE_PRESPECIFIED_SEEDS_COMPLETED,TV:0.7:front,TV,0.7,front,1,694,728,0.9532967032967034,34,17;29;43,0.5745111194209169,0.00853194843081203,0.7079782736181297,0.021631400437335243
B-T-zscore,ALL_THREE_PRESPECIFIED_SEEDS_COMPLETED,TV:0.7:middle,TV,0.7,middle,1,694,728,0.9532967032967034,34,17;29;43,0.5881197966611721,0.01574030764514077,0.6786721304288021,0.0040396097074339695
B-T-zscore,ALL_THREE_PRESPECIFIED_SEEDS_COMPLETED,TV:0.7:back,TV,0.7,back,1,694,728,0.9532967032967034,34,17;29;43,0.5447778480371154,0.009507295201101834,0.7027898666107427,0.03273558475574933
B-T-zscore,ALL_THREE_PRESPECIFIED_SEEDS_COMPLETED,TV:0.7:random,TV,0.7,random,3,694,728,0.9532967032967034,34,17;29;43,0.5671990370047272,0.010468176283834386,0.6971852852569103,0.008176231489323841
B-T-zscore,ALL_THREE_PRESPECIFIED_SEEDS_COMPLETED,AV:0.1:front,AV,0.1,front,1,703,728,0.9656593406593407,25,17;29;43,0.5994517201014875,0.011986939223450234,0.6423445682704658,0.012294044712889285
B-T-zscore,ALL_THREE_PRESPECIFIED_SEEDS_COMPLETED,AV:0.1:middle,AV,0.1,middle,1,703,728,0.9656593406593407,25,17;29;43,0.5994517201014875,0.011986939223450234,0.6423445682704658,0.012294044712889285
B-T-zscore,ALL_THREE_PRESPECIFIED_SEEDS_COMPLETED,AV:0.1:back,AV,0.1,back,1,703,728,0.9656593406593407,25,17;29;43,0.5994517201014875,0.011986939223450234,0.6423445682704658,0.012294044712889285
B-T-zscore,ALL_THREE_PRESPECIFIED_SEEDS_COMPLETED,AV:0.1:random,AV,0.1,random,3,703,728,0.9656593406593407,25,17;29;43,0.5994517201014875,0.011986939223450234,0.6423445682704658,0.012294044712889285
B-T-zscore,ALL_THREE_PRESPECIFIED_SEEDS_COMPLETED,AV:0.3:front,AV,0.3,front,1,703,728,0.9656593406593407,25,17;29;43,0.5994517201014875,0.011986939223450234,0.6423445682704658,0.012294044712889285
B-T-zscore,ALL_THREE_PRESPECIFIED_SEEDS_COMPLETED,AV:0.3:middle,AV,0.3,middle,1,703,728,0.9656593406593407,25,17;29;43,0.5994517201014875,0.011986939223450234,0.6423445682704658,0.012294044712889285
B-T-zscore,ALL_THREE_PRESPECIFIED_SEEDS_COMPLETED,AV:0.3:back,AV,0.3,back,1,703,728,0.9656593406593407,25,17;29;43,0.5994517201014875,0.011986939223450234,0.6423445682704658,0.012294044712889285
B-T-zscore,ALL_THREE_PRESPECIFIED_SEEDS_COMPLETED,AV:0.3:random,AV,0.3,random,3,703,728,0.9656593406593407,25,17;29;43,0.5994517201014875,0.011986939223450234,0.6423445682704658,0.012294044712889285
B-T-zscore,ALL_THREE_PRESPECIFIED_SEEDS_COMPLETED,AV:0.5:front,AV,0.5,front,1,703,728,0.9656593406593407,25,17;29;43,0.5994517201014875,0.011986939223450234,0.6423445682704658,0.012294044712889285
B-T-zscore,ALL_THREE_PRESPECIFIED_SEEDS_COMPLETED,AV:0.5:middle,AV,0.5,middle,1,703,728,0.9656593406593407,25,17;29;43,0.5994517201014875,0.011986939223450234,0.6423445682704658,0.012294044712889285
B-T-zscore,ALL_THREE_PRESPECIFIED_SEEDS_COMPLETED,AV:0.5:back,AV,0.5,back,1,703,728,0.9656593406593407,25,17;29;43,0.5994517201014875,0.011986939223450234,0.6423445682704658,0.012294044712889285
B-T-zscore,ALL_THREE_PRESPECIFIED_SEEDS_COMPLETED,AV:0.5:random,AV,0.5,random,3,703,728,0.9656593406593407,25,17;29;43,0.5994517201014875,0.011986939223450234,0.6423445682704658,0.012294044712889285
B-T-zscore,ALL_THREE_PRESPECIFIED_SEEDS_COMPLETED,AV:0.7:front,AV,0.7,front,1,694,728,0.9532967032967034,34,17;29;43,0.5994517201014875,0.011986939223450234,0.6423445682704658,0.012294044712889285
B-T-zscore,ALL_THREE_PRESPECIFIED_SEEDS_COMPLETED,AV:0.7:middle,AV,0.7,middle,1,694,728,0.9532967032967034,34,17;29;43,0.5994517201014875,0.011986939223450234,0.6423445682704658,0.012294044712889285
B-T-zscore,ALL_THREE_PRESPECIFIED_SEEDS_COMPLETED,AV:0.7:back,AV,0.7,back,1,694,728,0.9532967032967034,34,17;29;43,0.5994517201014875,0.011986939223450234,0.6423445682704658,0.012294044712889285
B-T-zscore,ALL_THREE_PRESPECIFIED_SEEDS_COMPLETED,AV:0.7:random,AV,0.7,random,3,694,728,0.9532967032967034,34,17;29;43,0.5994517201014875,0.011986939223450234,0.6423445682704658,0.012294044712889285
B-V-identity,ALL_THREE_PRESPECIFIED_SEEDS_COMPLETED,T:0.1:front,T,0.1,front,1,728,728,1.0,0,17;29;43,0.36604802397203073,0.010982679257840891,0.7883719891513251,0.004237561322763948
B-V-identity,ALL_THREE_PRESPECIFIED_SEEDS_COMPLETED,T:0.1:middle,T,0.1,middle,1,728,728,1.0,0,17;29;43,0.36604802397203073,0.010982679257840891,0.7883719891513251,0.004237561322763948
B-V-identity,ALL_THREE_PRESPECIFIED_SEEDS_COMPLETED,T:0.1:back,T,0.1,back,1,728,728,1.0,0,17;29;43,0.36604802397203073,0.010982679257840891,0.7883719891513251,0.004237561322763948
B-V-identity,ALL_THREE_PRESPECIFIED_SEEDS_COMPLETED,T:0.1:random,T,0.1,random,3,728,728,1.0,0,17;29;43,0.36604802397203073,0.010982679257840891,0.7883719891513251,0.004237561322763936
B-V-identity,ALL_THREE_PRESPECIFIED_SEEDS_COMPLETED,T:0.3:front,T,0.3,front,1,728,728,1.0,0,17;29;43,0.36604802397203073,0.010982679257840891,0.7883719891513251,0.004237561322763948
B-V-identity,ALL_THREE_PRESPECIFIED_SEEDS_COMPLETED,T:0.3:middle,T,0.3,middle,1,728,728,1.0,0,17;29;43,0.36604802397203073,0.010982679257840891,0.7883719891513251,0.004237561322763948
B-V-identity,ALL_THREE_PRESPECIFIED_SEEDS_COMPLETED,T:0.3:back,T,0.3,back,1,728,728,1.0,0,17;29;43,0.36604802397203073,0.010982679257840891,0.7883719891513251,0.004237561322763948
B-V-identity,ALL_THREE_PRESPECIFIED_SEEDS_COMPLETED,T:0.3:random,T,0.3,random,3,728,728,1.0,0,17;29;43,0.36604802397203073,0.010982679257840891,0.7883719891513251,0.004237561322763936
B-V-identity,ALL_THREE_PRESPECIFIED_SEEDS_COMPLETED,T:0.5:front,T,0.5,front,1,728,728,1.0,0,17;29;43,0.36604802397203073,0.010982679257840891,0.7883719891513251,0.004237561322763948
B-V-identity,ALL_THREE_PRESPECIFIED_SEEDS_COMPLETED,T:0.5:middle,T,0.5,middle,1,728,728,1.0,0,17;29;43,0.36604802397203073,0.010982679257840891,0.7883719891513251,0.004237561322763948
B-V-identity,ALL_THREE_PRESPECIFIED_SEEDS_COMPLETED,T:0.5:back,T,0.5,back,1,728,728,1.0,0,17;29;43,0.36604802397203073,0.010982679257840891,0.7883719891513251,0.004237561322763948
B-V-identity,ALL_THREE_PRESPECIFIED_SEEDS_COMPLETED,T:0.5:random,T,0.5,random,3,728,728,1.0,0,17;29;43,0.36604802397203073,0.010982679257840891,0.7883719891513251,0.004237561322763936
B-V-identity,ALL_THREE_PRESPECIFIED_SEEDS_COMPLETED,T:0.7:front,T,0.7,front,1,728,728,1.0,0,17;29;43,0.36604802397203073,0.010982679257840891,0.7883719891513251,0.004237561322763948
B-V-identity,ALL_THREE_PRESPECIFIED_SEEDS_COMPLETED,T:0.7:middle,T,0.7,middle,1,728,728,1.0,0,17;29;43,0.36604802397203073,0.010982679257840891,0.7883719891513251,0.004237561322763948
B-V-identity,ALL_THREE_PRESPECIFIED_SEEDS_COMPLETED,T:0.7:back,T,0.7,back,1,728,728,1.0,0,17;29;43,0.36604802397203073,0.010982679257840891,0.7883719891513251,0.004237561322763948
B-V-identity,ALL_THREE_PRESPECIFIED_SEEDS_COMPLETED,T:0.7:random,T,0.7,random,3,728,728,1.0,0,17;29;43,0.36604802397203073,0.010982679257840891,0.7883719891513251,0.004237561322763936
B-V-identity,ALL_THREE_PRESPECIFIED_SEEDS_COMPLETED,A:0.1:front,A,0.1,front,1,724,728,0.9945054945054945,4,17;29;43,0.36604802397203073,0.010982679257840891,0.7883719891513251,0.004237561322763948
B-V-identity,ALL_THREE_PRESPECIFIED_SEEDS_COMPLETED,A:0.1:middle,A,0.1,middle,1,724,728,0.9945054945054945,4,17;29;43,0.36604802397203073,0.010982679257840891,0.7883719891513251,0.004237561322763948
B-V-identity,ALL_THREE_PRESPECIFIED_SEEDS_COMPLETED,A:0.1:back,A,0.1,back,1,724,728,0.9945054945054945,4,17;29;43,0.36604802397203073,0.010982679257840891,0.7883719891513251,0.004237561322763948
B-V-identity,ALL_THREE_PRESPECIFIED_SEEDS_COMPLETED,A:0.1:random,A,0.1,random,3,724,728,0.9945054945054945,4,17;29;43,0.36604802397203073,0.010982679257840891,0.7883719891513251,0.004237561322763936
B-V-identity,ALL_THREE_PRESPECIFIED_SEEDS_COMPLETED,A:0.3:front,A,0.3,front,1,724,728,0.9945054945054945,4,17;29;43,0.36604802397203073,0.010982679257840891,0.7883719891513251,0.004237561322763948
B-V-identity,ALL_THREE_PRESPECIFIED_SEEDS_COMPLETED,A:0.3:middle,A,0.3,middle,1,724,728,0.9945054945054945,4,17;29;43,0.36604802397203073,0.010982679257840891,0.7883719891513251,0.004237561322763948
B-V-identity,ALL_THREE_PRESPECIFIED_SEEDS_COMPLETED,A:0.3:back,A,0.3,back,1,724,728,0.9945054945054945,4,17;29;43,0.36604802397203073,0.010982679257840891,0.7883719891513251,0.004237561322763948
B-V-identity,ALL_THREE_PRESPECIFIED_SEEDS_COMPLETED,A:0.3:random,A,0.3,random,3,724,728,0.9945054945054945,4,17;29;43,0.36604802397203073,0.010982679257840891,0.7883719891513251,0.004237561322763936
B-V-identity,ALL_THREE_PRESPECIFIED_SEEDS_COMPLETED,A:0.5:front,A,0.5,front,1,724,728,0.9945054945054945,4,17;29;43,0.36604802397203073,0.010982679257840891,0.7883719891513251,0.004237561322763948
B-V-identity,ALL_THREE_PRESPECIFIED_SEEDS_COMPLETED,A:0.5:middle,A,0.5,middle,1,724,728,0.9945054945054945,4,17;29;43,0.36604802397203073,0.010982679257840891,0.7883719891513251,0.004237561322763948
B-V-identity,ALL_THREE_PRESPECIFIED_SEEDS_COMPLETED,A:0.5:back,A,0.5,back,1,724,728,0.9945054945054945,4,17;29;43,0.36604802397203073,0.010982679257840891,0.7883719891513251,0.004237561322763948
B-V-identity,ALL_THREE_PRESPECIFIED_SEEDS_COMPLETED,A:0.5:random,A,0.5,random,3,724,728,0.9945054945054945,4,17;29;43,0.36604802397203073,0.010982679257840891,0.7883719891513251,0.004237561322763936
B-V-identity,ALL_THREE_PRESPECIFIED_SEEDS_COMPLETED,A:0.7:front,A,0.7,front,1,718,728,0.9862637362637363,10,17;29;43,0.36604802397203073,0.010982679257840891,0.7883719888204156,0.0042375609286890705
B-V-identity,ALL_THREE_PRESPECIFIED_SEEDS_COMPLETED,A:0.7:middle,A,0.7,middle,1,718,728,0.9862637362637363,10,17;29;43,0.36604802397203073,0.010982679257840891,0.7883719888204156,0.0042375609286890705
B-V-identity,ALL_THREE_PRESPECIFIED_SEEDS_COMPLETED,A:0.7:back,A,0.7,back,1,718,728,0.9862637362637363,10,17;29;43,0.36604802397203073,0.010982679257840891,0.7883719888204156,0.0042375609286890705
B-V-identity,ALL_THREE_PRESPECIFIED_SEEDS_COMPLETED,A:0.7:random,A,0.7,random,3,718,728,0.9862637362637363,10,17;29;43,0.36604802397203073,0.010982679257840891,0.7883719888204156,0.0042375609286890705
B-V-identity,ALL_THREE_PRESPECIFIED_SEEDS_COMPLETED,V:0.1:front,V,0.1,front,1,703,728,0.9656593406593407,25,17;29;43,0.3656619522433863,0.006817295278676967,0.7890318670638324,0.00456919952333869
B-V-identity,ALL_THREE_PRESPECIFIED_SEEDS_COMPLETED,V:0.1:middle,V,0.1,middle,1,703,728,0.9656593406593407,25,17;29;43,0.3659489000312249,0.011151573733145443,0.7876970651019032,0.003404434764905349
B-V-identity,ALL_THREE_PRESPECIFIED_SEEDS_COMPLETED,V:0.1:back,V,0.1,back,1,703,728,0.9656593406593407,25,17;29;43,0.36208232132971757,0.009610180635695133,0.7894951175763348,0.004124874408123043
B-V-identity,ALL_THREE_PRESPECIFIED_SEEDS_COMPLETED,V:0.1:random,V,0.1,random,3,703,728,0.9656593406593407,25,17;29;43,0.36612265770785607,0.009980798807327966,0.7887395980008115,0.004265316719979278
B-V-identity,ALL_THREE_PRESPECIFIED_SEEDS_COMPLETED,V:0.3:front,V,0.3,front,1,703,728,0.9656593406593407,25,17;29;43,0.35749331058892225,0.0036510938241162147,0.7914737554579622,0.003125348124625493
B-V-identity,ALL_THREE_PRESPECIFIED_SEEDS_COMPLETED,V:0.3:middle,V,0.3,middle,1,703,728,0.9656593406593407,25,17;29;43,0.36087311890184903,0.007133486637612322,0.7884042445473112,0.003947682572229576
B-V-identity,ALL_THREE_PRESPECIFIED_SEEDS_COMPLETED,V:0.3:back,V,0.3,back,1,703,728,0.9656593406593407,25,17;29;43,0.36375226769296104,0.016946750056412562,0.795784338732792,0.0035456799911384594
B-V-identity,ALL_THREE_PRESPECIFIED_SEEDS_COMPLETED,V:0.3:random,V,0.3,random,3,703,728,0.9656593406593407,25,17;29;43,0.3596964882544935,0.011713389209593748,0.7916255732938552,0.004466868643723107
B-V-identity,ALL_THREE_PRESPECIFIED_SEEDS_COMPLETED,V:0.5:front,V,0.5,front,1,703,728,0.9656593406593407,25,17;29;43,0.3617262222831437,0.0045572822153920325,0.7941654967499133,0.0009811043505414867
B-V-identity,ALL_THREE_PRESPECIFIED_SEEDS_COMPLETED,V:0.5:middle,V,0.5,middle,1,703,728,0.9656593406593407,25,17;29;43,0.36115427272881107,0.012389174482484507,0.7896170356722303,0.004014082015970978
B-V-identity,ALL_THREE_PRESPECIFIED_SEEDS_COMPLETED,V:0.5:back,V,0.5,back,1,703,728,0.9656593406593407,25,17;29;43,0.36571000606849385,0.027060178437559788,0.8017774632559546,0.006664714363745049
B-V-identity,ALL_THREE_PRESPECIFIED_SEEDS_COMPLETED,V:0.5:random,V,0.5,random,3,703,728,0.9656593406593407,25,17;29;43,0.3610054828457708,0.012059953282056845,0.7921534977453057,0.002988219715960798
B-V-identity,ALL_THREE_PRESPECIFIED_SEEDS_COMPLETED,V:0.7:front,V,0.7,front,1,694,728,0.9532967032967034,34,17;29;43,0.3713274079247362,0.005659049265830136,0.79561928390595,0.00545676408967772
B-V-identity,ALL_THREE_PRESPECIFIED_SEEDS_COMPLETED,V:0.7:middle,V,0.7,middle,1,694,728,0.9532967032967034,34,17;29;43,0.3689168722491667,0.0075438093362881755,0.7943863806598556,0.0035646399439682153
B-V-identity,ALL_THREE_PRESPECIFIED_SEEDS_COMPLETED,V:0.7:back,V,0.7,back,1,694,728,0.9532967032967034,34,17;29;43,0.3522419236992033,0.01640283326631878,0.8111051127639507,0.006349005007516427
B-V-identity,ALL_THREE_PRESPECIFIED_SEEDS_COMPLETED,V:0.7:random,V,0.7,random,3,694,728,0.9532967032967034,34,17;29;43,0.36066258589006317,0.006994976686800532,0.7982249792319266,0.0011135233005541323
B-V-identity,ALL_THREE_PRESPECIFIED_SEEDS_COMPLETED,TA:0.1:front,TA,0.1,front,1,724,728,0.9945054945054945,4,17;29;43,0.36604802397203073,0.010982679257840891,0.7883719891513251,0.004237561322763948
B-V-identity,ALL_THREE_PRESPECIFIED_SEEDS_COMPLETED,TA:0.1:middle,TA,0.1,middle,1,724,728,0.9945054945054945,4,17;29;43,0.36604802397203073,0.010982679257840891,0.7883719891513251,0.004237561322763948
B-V-identity,ALL_THREE_PRESPECIFIED_SEEDS_COMPLETED,TA:0.1:back,TA,0.1,back,1,724,728,0.9945054945054945,4,17;29;43,0.36604802397203073,0.010982679257840891,0.7883719891513251,0.004237561322763948
B-V-identity,ALL_THREE_PRESPECIFIED_SEEDS_COMPLETED,TA:0.1:random,TA,0.1,random,3,724,728,0.9945054945054945,4,17;29;43,0.36604802397203073,0.010982679257840891,0.7883719891513251,0.004237561322763936
B-V-identity,ALL_THREE_PRESPECIFIED_SEEDS_COMPLETED,TA:0.3:front,TA,0.3,front,1,724,728,0.9945054945054945,4,17;29;43,0.36604802397203073,0.010982679257840891,0.7883719891513251,0.004237561322763948
B-V-identity,ALL_THREE_PRESPECIFIED_SEEDS_COMPLETED,TA:0.3:middle,TA,0.3,middle,1,724,728,0.9945054945054945,4,17;29;43,0.36604802397203073,0.010982679257840891,0.7883719891513251,0.004237561322763948
B-V-identity,ALL_THREE_PRESPECIFIED_SEEDS_COMPLETED,TA:0.3:back,TA,0.3,back,1,724,728,0.9945054945054945,4,17;29;43,0.36604802397203073,0.010982679257840891,0.7883719891513251,0.004237561322763948
B-V-identity,ALL_THREE_PRESPECIFIED_SEEDS_COMPLETED,TA:0.3:random,TA,0.3,random,3,724,728,0.9945054945054945,4,17;29;43,0.36604802397203073,0.010982679257840891,0.7883719891513251,0.004237561322763936
B-V-identity,ALL_THREE_PRESPECIFIED_SEEDS_COMPLETED,TA:0.5:front,TA,0.5,front,1,724,728,0.9945054945054945,4,17;29;43,0.36604802397203073,0.010982679257840891,0.7883719891513251,0.004237561322763948
B-V-identity,ALL_THREE_PRESPECIFIED_SEEDS_COMPLETED,TA:0.5:middle,TA,0.5,middle,1,724,728,0.9945054945054945,4,17;29;43,0.36604802397203073,0.010982679257840891,0.7883719891513251,0.004237561322763948
B-V-identity,ALL_THREE_PRESPECIFIED_SEEDS_COMPLETED,TA:0.5:back,TA,0.5,back,1,724,728,0.9945054945054945,4,17;29;43,0.36604802397203073,0.010982679257840891,0.7883719891513251,0.004237561322763948
B-V-identity,ALL_THREE_PRESPECIFIED_SEEDS_COMPLETED,TA:0.5:random,TA,0.5,random,3,724,728,0.9945054945054945,4,17;29;43,0.36604802397203073,0.010982679257840891,0.7883719891513251,0.004237561322763936
B-V-identity,ALL_THREE_PRESPECIFIED_SEEDS_COMPLETED,TA:0.7:front,TA,0.7,front,1,718,728,0.9862637362637363,10,17;29;43,0.36604802397203073,0.010982679257840891,0.7883719888204156,0.0042375609286890705
B-V-identity,ALL_THREE_PRESPECIFIED_SEEDS_COMPLETED,TA:0.7:middle,TA,0.7,middle,1,718,728,0.9862637362637363,10,17;29;43,0.36604802397203073,0.010982679257840891,0.7883719888204156,0.0042375609286890705
B-V-identity,ALL_THREE_PRESPECIFIED_SEEDS_COMPLETED,TA:0.7:back,TA,0.7,back,1,718,728,0.9862637362637363,10,17;29;43,0.36604802397203073,0.010982679257840891,0.7883719888204156,0.0042375609286890705
B-V-identity,ALL_THREE_PRESPECIFIED_SEEDS_COMPLETED,TA:0.7:random,TA,0.7,random,3,718,728,0.9862637362637363,10,17;29;43,0.36604802397203073,0.010982679257840891,0.7883719888204156,0.0042375609286890705
B-V-identity,ALL_THREE_PRESPECIFIED_SEEDS_COMPLETED,TV:0.1:front,TV,0.1,front,1,703,728,0.9656593406593407,25,17;29;43,0.3656619522433863,0.006817295278676967,0.7890318670638324,0.00456919952333869
B-V-identity,ALL_THREE_PRESPECIFIED_SEEDS_COMPLETED,TV:0.1:middle,TV,0.1,middle,1,703,728,0.9656593406593407,25,17;29;43,0.3659489000312249,0.011151573733145443,0.7876970651019032,0.003404434764905349
B-V-identity,ALL_THREE_PRESPECIFIED_SEEDS_COMPLETED,TV:0.1:back,TV,0.1,back,1,703,728,0.9656593406593407,25,17;29;43,0.36208232132971757,0.009610180635695133,0.7894951175763348,0.004124874408123043
B-V-identity,ALL_THREE_PRESPECIFIED_SEEDS_COMPLETED,TV:0.1:random,TV,0.1,random,3,703,728,0.9656593406593407,25,17;29;43,0.36140965024494803,0.009373390282912933,0.7881527983804046,0.004555725593567788
B-V-identity,ALL_THREE_PRESPECIFIED_SEEDS_COMPLETED,TV:0.3:front,TV,0.3,front,1,703,728,0.9656593406593407,25,17;29;43,0.35749331058892225,0.0036510938241162147,0.7914737554579622,0.003125348124625493
B-V-identity,ALL_THREE_PRESPECIFIED_SEEDS_COMPLETED,TV:0.3:middle,TV,0.3,middle,1,703,728,0.9656593406593407,25,17;29;43,0.36087311890184903,0.007133486637612322,0.7884042445473112,0.003947682572229576
B-V-identity,ALL_THREE_PRESPECIFIED_SEEDS_COMPLETED,TV:0.3:back,TV,0.3,back,1,703,728,0.9656593406593407,25,17;29;43,0.36375226769296104,0.016946750056412562,0.795784338732792,0.0035456799911384594
B-V-identity,ALL_THREE_PRESPECIFIED_SEEDS_COMPLETED,TV:0.3:random,TV,0.3,random,3,703,728,0.9656593406593407,25,17;29;43,0.35761416674185514,0.003670012468303665,0.790963712685048,0.004765502964064337
B-V-identity,ALL_THREE_PRESPECIFIED_SEEDS_COMPLETED,TV:0.5:front,TV,0.5,front,1,703,728,0.9656593406593407,25,17;29;43,0.3617262222831437,0.0045572822153920325,0.7941654967499133,0.0009811043505414867
B-V-identity,ALL_THREE_PRESPECIFIED_SEEDS_COMPLETED,TV:0.5:middle,TV,0.5,middle,1,703,728,0.9656593406593407,25,17;29;43,0.36115427272881107,0.012389174482484507,0.7896170356722303,0.004014082015970978
B-V-identity,ALL_THREE_PRESPECIFIED_SEEDS_COMPLETED,TV:0.5:back,TV,0.5,back,1,703,728,0.9656593406593407,25,17;29;43,0.36571000606849385,0.027060178437559788,0.8017774632559546,0.006664714363745049
B-V-identity,ALL_THREE_PRESPECIFIED_SEEDS_COMPLETED,TV:0.5:random,TV,0.5,random,3,703,728,0.9656593406593407,25,17;29;43,0.3645979616428688,0.012698169571462574,0.7898945757687713,0.0008822276475655272
B-V-identity,ALL_THREE_PRESPECIFIED_SEEDS_COMPLETED,TV:0.7:front,TV,0.7,front,1,694,728,0.9532967032967034,34,17;29;43,0.3713274079247362,0.005659049265830136,0.79561928390595,0.00545676408967772
B-V-identity,ALL_THREE_PRESPECIFIED_SEEDS_COMPLETED,TV:0.7:middle,TV,0.7,middle,1,694,728,0.9532967032967034,34,17;29;43,0.3689168722491667,0.0075438093362881755,0.7943863806598556,0.0035646399439682153
B-V-identity,ALL_THREE_PRESPECIFIED_SEEDS_COMPLETED,TV:0.7:back,TV,0.7,back,1,694,728,0.9532967032967034,34,17;29;43,0.3522419236992033,0.01640283326631878,0.8111051127639507,0.006349005007516427
B-V-identity,ALL_THREE_PRESPECIFIED_SEEDS_COMPLETED,TV:0.7:random,TV,0.7,random,3,694,728,0.9532967032967034,34,17;29;43,0.36072222367399914,0.009402460746002308,0.804806185647552,0.004330873516001041
B-V-identity,ALL_THREE_PRESPECIFIED_SEEDS_COMPLETED,AV:0.1:front,AV,0.1,front,1,703,728,0.9656593406593407,25,17;29;43,0.3656619522433863,0.006817295278676967,0.7890318670638324,0.00456919952333869
B-V-identity,ALL_THREE_PRESPECIFIED_SEEDS_COMPLETED,AV:0.1:middle,AV,0.1,middle,1,703,728,0.9656593406593407,25,17;29;43,0.3659489000312249,0.011151573733145443,0.7876970651019032,0.003404434764905349
B-V-identity,ALL_THREE_PRESPECIFIED_SEEDS_COMPLETED,AV:0.1:back,AV,0.1,back,1,703,728,0.9656593406593407,25,17;29;43,0.36208232132971757,0.009610180635695133,0.7894951175763348,0.004124874408123043
B-V-identity,ALL_THREE_PRESPECIFIED_SEEDS_COMPLETED,AV:0.1:random,AV,0.1,random,3,703,728,0.9656593406593407,25,17;29;43,0.36381141286902485,0.011051742884769079,0.7895584412280551,0.004252377740606053
B-V-identity,ALL_THREE_PRESPECIFIED_SEEDS_COMPLETED,AV:0.3:front,AV,0.3,front,1,703,728,0.9656593406593407,25,17;29;43,0.35749331058892225,0.0036510938241162147,0.7914737554579622,0.003125348124625493
B-V-identity,ALL_THREE_PRESPECIFIED_SEEDS_COMPLETED,AV:0.3:middle,AV,0.3,middle,1,703,728,0.9656593406593407,25,17;29;43,0.36087311890184903,0.007133486637612322,0.7884042445473112,0.003947682572229576
B-V-identity,ALL_THREE_PRESPECIFIED_SEEDS_COMPLETED,AV:0.3:back,AV,0.3,back,1,703,728,0.9656593406593407,25,17;29;43,0.36375226769296104,0.016946750056412562,0.795784338732792,0.0035456799911384594
B-V-identity,ALL_THREE_PRESPECIFIED_SEEDS_COMPLETED,AV:0.3:random,AV,0.3,random,3,703,728,0.9656593406593407,25,17;29;43,0.36298404680221896,0.01302327627155104,0.7915510231878758,0.0034325221572814694
B-V-identity,ALL_THREE_PRESPECIFIED_SEEDS_COMPLETED,AV:0.5:front,AV,0.5,front,1,703,728,0.9656593406593407,25,17;29;43,0.3617262222831437,0.0045572822153920325,0.7941654967499133,0.0009811043505414867
B-V-identity,ALL_THREE_PRESPECIFIED_SEEDS_COMPLETED,AV:0.5:middle,AV,0.5,middle,1,703,728,0.9656593406593407,25,17;29;43,0.36115427272881107,0.012389174482484507,0.7896170356722303,0.004014082015970978
B-V-identity,ALL_THREE_PRESPECIFIED_SEEDS_COMPLETED,AV:0.5:back,AV,0.5,back,1,703,728,0.9656593406593407,25,17;29;43,0.36571000606849385,0.027060178437559788,0.8017774632559546,0.006664714363745049
B-V-identity,ALL_THREE_PRESPECIFIED_SEEDS_COMPLETED,AV:0.5:random,AV,0.5,random,3,703,728,0.9656593406593407,25,17;29;43,0.3616093575651764,0.009012646493491505,0.7919486867851249,0.0031250760864466078
B-V-identity,ALL_THREE_PRESPECIFIED_SEEDS_COMPLETED,AV:0.7:front,AV,0.7,front,1,694,728,0.9532967032967034,34,17;29;43,0.3713274079247362,0.005659049265830136,0.79561928390595,0.00545676408967772
B-V-identity,ALL_THREE_PRESPECIFIED_SEEDS_COMPLETED,AV:0.7:middle,AV,0.7,middle,1,694,728,0.9532967032967034,34,17;29;43,0.3689168722491667,0.0075438093362881755,0.7943863806598556,0.0035646399439682153
B-V-identity,ALL_THREE_PRESPECIFIED_SEEDS_COMPLETED,AV:0.7:back,AV,0.7,back,1,694,728,0.9532967032967034,34,17;29;43,0.3522419236992033,0.01640283326631878,0.8111051127639507,0.006349005007516427
B-V-identity,ALL_THREE_PRESPECIFIED_SEEDS_COMPLETED,AV:0.7:random,AV,0.7,random,3,694,728,0.9532967032967034,34,17;29;43,0.3669349570515193,0.007186336412166771,0.8014266670556663,0.0050580930071600265
B-V-zscore,ALL_THREE_PRESPECIFIED_SEEDS_COMPLETED,T:0.1:front,T,0.1,front,1,728,728,1.0,0,17;29;43,0.38533629010462495,0.021955095951902672,0.7741664622436663,0.0074747397564659535
B-V-zscore,ALL_THREE_PRESPECIFIED_SEEDS_COMPLETED,T:0.1:middle,T,0.1,middle,1,728,728,1.0,0,17;29;43,0.38533629010462495,0.021955095951902672,0.7741664622436663,0.0074747397564659535
B-V-zscore,ALL_THREE_PRESPECIFIED_SEEDS_COMPLETED,T:0.1:back,T,0.1,back,1,728,728,1.0,0,17;29;43,0.38533629010462495,0.021955095951902672,0.7741664622436663,0.0074747397564659535
B-V-zscore,ALL_THREE_PRESPECIFIED_SEEDS_COMPLETED,T:0.1:random,T,0.1,random,3,728,728,1.0,0,17;29;43,0.38533629010462495,0.021955095951902672,0.7741664622436663,0.0074747397564659535
B-V-zscore,ALL_THREE_PRESPECIFIED_SEEDS_COMPLETED,T:0.3:front,T,0.3,front,1,728,728,1.0,0,17;29;43,0.38533629010462495,0.021955095951902672,0.7741664622436663,0.0074747397564659535
B-V-zscore,ALL_THREE_PRESPECIFIED_SEEDS_COMPLETED,T:0.3:middle,T,0.3,middle,1,728,728,1.0,0,17;29;43,0.38533629010462495,0.021955095951902672,0.7741664622436663,0.0074747397564659535
B-V-zscore,ALL_THREE_PRESPECIFIED_SEEDS_COMPLETED,T:0.3:back,T,0.3,back,1,728,728,1.0,0,17;29;43,0.38533629010462495,0.021955095951902672,0.7741664622436663,0.0074747397564659535
B-V-zscore,ALL_THREE_PRESPECIFIED_SEEDS_COMPLETED,T:0.3:random,T,0.3,random,3,728,728,1.0,0,17;29;43,0.38533629010462495,0.021955095951902672,0.7741664622436663,0.0074747397564659535
B-V-zscore,ALL_THREE_PRESPECIFIED_SEEDS_COMPLETED,T:0.5:front,T,0.5,front,1,728,728,1.0,0,17;29;43,0.38533629010462495,0.021955095951902672,0.7741664622436663,0.0074747397564659535
B-V-zscore,ALL_THREE_PRESPECIFIED_SEEDS_COMPLETED,T:0.5:middle,T,0.5,middle,1,728,728,1.0,0,17;29;43,0.38533629010462495,0.021955095951902672,0.7741664622436663,0.0074747397564659535
B-V-zscore,ALL_THREE_PRESPECIFIED_SEEDS_COMPLETED,T:0.5:back,T,0.5,back,1,728,728,1.0,0,17;29;43,0.38533629010462495,0.021955095951902672,0.7741664622436663,0.0074747397564659535
B-V-zscore,ALL_THREE_PRESPECIFIED_SEEDS_COMPLETED,T:0.5:random,T,0.5,random,3,728,728,1.0,0,17;29;43,0.38533629010462495,0.021955095951902672,0.7741664622436663,0.0074747397564659535
B-V-zscore,ALL_THREE_PRESPECIFIED_SEEDS_COMPLETED,T:0.7:front,T,0.7,front,1,728,728,1.0,0,17;29;43,0.38533629010462495,0.021955095951902672,0.7741664622436663,0.0074747397564659535
B-V-zscore,ALL_THREE_PRESPECIFIED_SEEDS_COMPLETED,T:0.7:middle,T,0.7,middle,1,728,728,1.0,0,17;29;43,0.38533629010462495,0.021955095951902672,0.7741664622436663,0.0074747397564659535
B-V-zscore,ALL_THREE_PRESPECIFIED_SEEDS_COMPLETED,T:0.7:back,T,0.7,back,1,728,728,1.0,0,17;29;43,0.38533629010462495,0.021955095951902672,0.7741664622436663,0.0074747397564659535
B-V-zscore,ALL_THREE_PRESPECIFIED_SEEDS_COMPLETED,T:0.7:random,T,0.7,random,3,728,728,1.0,0,17;29;43,0.38533629010462495,0.021955095951902672,0.7741664622436663,0.0074747397564659535
B-V-zscore,ALL_THREE_PRESPECIFIED_SEEDS_COMPLETED,A:0.1:front,A,0.1,front,1,724,728,0.9945054945054945,4,17;29;43,0.38533629010462495,0.021955095951902672,0.7741664622436663,0.0074747397564659535
B-V-zscore,ALL_THREE_PRESPECIFIED_SEEDS_COMPLETED,A:0.1:middle,A,0.1,middle,1,724,728,0.9945054945054945,4,17;29;43,0.38533629010462495,0.021955095951902672,0.7741664622436663,0.0074747397564659535
B-V-zscore,ALL_THREE_PRESPECIFIED_SEEDS_COMPLETED,A:0.1:back,A,0.1,back,1,724,728,0.9945054945054945,4,17;29;43,0.38533629010462495,0.021955095951902672,0.7741664622436663,0.0074747397564659535
B-V-zscore,ALL_THREE_PRESPECIFIED_SEEDS_COMPLETED,A:0.1:random,A,0.1,random,3,724,728,0.9945054945054945,4,17;29;43,0.38533629010462495,0.021955095951902672,0.7741664622436663,0.0074747397564659535
B-V-zscore,ALL_THREE_PRESPECIFIED_SEEDS_COMPLETED,A:0.3:front,A,0.3,front,1,724,728,0.9945054945054945,4,17;29;43,0.38533629010462495,0.021955095951902672,0.7741664622436663,0.0074747397564659535
B-V-zscore,ALL_THREE_PRESPECIFIED_SEEDS_COMPLETED,A:0.3:middle,A,0.3,middle,1,724,728,0.9945054945054945,4,17;29;43,0.38533629010462495,0.021955095951902672,0.7741664622436663,0.0074747397564659535
B-V-zscore,ALL_THREE_PRESPECIFIED_SEEDS_COMPLETED,A:0.3:back,A,0.3,back,1,724,728,0.9945054945054945,4,17;29;43,0.38533629010462495,0.021955095951902672,0.7741664622436663,0.0074747397564659535
B-V-zscore,ALL_THREE_PRESPECIFIED_SEEDS_COMPLETED,A:0.3:random,A,0.3,random,3,724,728,0.9945054945054945,4,17;29;43,0.38533629010462495,0.021955095951902672,0.7741664622436663,0.0074747397564659535
B-V-zscore,ALL_THREE_PRESPECIFIED_SEEDS_COMPLETED,A:0.5:front,A,0.5,front,1,724,728,0.9945054945054945,4,17;29;43,0.38533629010462495,0.021955095951902672,0.7741664622436663,0.0074747397564659535
B-V-zscore,ALL_THREE_PRESPECIFIED_SEEDS_COMPLETED,A:0.5:middle,A,0.5,middle,1,724,728,0.9945054945054945,4,17;29;43,0.38533629010462495,0.021955095951902672,0.7741664622436663,0.0074747397564659535
B-V-zscore,ALL_THREE_PRESPECIFIED_SEEDS_COMPLETED,A:0.5:back,A,0.5,back,1,724,728,0.9945054945054945,4,17;29;43,0.38533629010462495,0.021955095951902672,0.7741664622436663,0.0074747397564659535
B-V-zscore,ALL_THREE_PRESPECIFIED_SEEDS_COMPLETED,A:0.5:random,A,0.5,random,3,724,728,0.9945054945054945,4,17;29;43,0.38533629010462495,0.021955095951902672,0.7741664622436663,0.0074747397564659535
B-V-zscore,ALL_THREE_PRESPECIFIED_SEEDS_COMPLETED,A:0.7:front,A,0.7,front,1,718,728,0.9862637362637363,10,17;29;43,0.38533629010462495,0.021955095951902672,0.7741664620389801,0.007474739140590058
B-V-zscore,ALL_THREE_PRESPECIFIED_SEEDS_COMPLETED,A:0.7:middle,A,0.7,middle,1,718,728,0.9862637362637363,10,17;29;43,0.38533629010462495,0.021955095951902672,0.7741664620389801,0.007474739140590058
B-V-zscore,ALL_THREE_PRESPECIFIED_SEEDS_COMPLETED,A:0.7:back,A,0.7,back,1,718,728,0.9862637362637363,10,17;29;43,0.38533629010462495,0.021955095951902672,0.7741664620389801,0.007474739140590058
B-V-zscore,ALL_THREE_PRESPECIFIED_SEEDS_COMPLETED,A:0.7:random,A,0.7,random,3,718,728,0.9862637362637363,10,17;29;43,0.38533629010462495,0.021955095951902672,0.7741664620389801,0.007474739140590058
B-V-zscore,ALL_THREE_PRESPECIFIED_SEEDS_COMPLETED,V:0.1:front,V,0.1,front,1,703,728,0.9656593406593407,25,17;29;43,0.3809155354404889,0.01597415321130412,0.7760414932687633,0.008153006078186299
B-V-zscore,ALL_THREE_PRESPECIFIED_SEEDS_COMPLETED,V:0.1:middle,V,0.1,middle,1,703,728,0.9656593406593407,25,17;29;43,0.3806525180770472,0.019905992386367984,0.7740708163040928,0.00729218026135817
B-V-zscore,ALL_THREE_PRESPECIFIED_SEEDS_COMPLETED,V:0.1:back,V,0.1,back,1,703,728,0.9656593406593407,25,17;29;43,0.3793913787757501,0.026940041656282113,0.7747966421457523,0.0076005906909296095
B-V-zscore,ALL_THREE_PRESPECIFIED_SEEDS_COMPLETED,V:0.1:random,V,0.1,random,3,703,728,0.9656593406593407,25,17;29;43,0.38521158012216633,0.023286557888300207,0.7746082449761366,0.00791105928358434
B-V-zscore,ALL_THREE_PRESPECIFIED_SEEDS_COMPLETED,V:0.3:front,V,0.3,front,1,703,728,0.9656593406593407,25,17;29;43,0.3694714254477048,0.020799551243896857,0.7818420941595713,0.009116085060153198
B-V-zscore,ALL_THREE_PRESPECIFIED_SEEDS_COMPLETED,V:0.3:middle,V,0.3,middle,1,703,728,0.9656593406593407,25,17;29;43,0.3718133572969644,0.02155163268656353,0.7759148118098099,0.007012650710147896
B-V-zscore,ALL_THREE_PRESPECIFIED_SEEDS_COMPLETED,V:0.3:back,V,0.3,back,1,703,728,0.9656593406593407,25,17;29;43,0.3814210687669997,0.014450650780130142,0.778483250413999,0.006532739896798759
B-V-zscore,ALL_THREE_PRESPECIFIED_SEEDS_COMPLETED,V:0.3:random,V,0.3,random,3,703,728,0.9656593406593407,25,17;29;43,0.37438168322344006,0.0183258234082314,0.777982566564749,0.00652085106645117
B-V-zscore,ALL_THREE_PRESPECIFIED_SEEDS_COMPLETED,V:0.5:front,V,0.5,front,1,703,728,0.9656593406593407,25,17;29;43,0.3725938706762939,0.024282803556677727,0.7882304599925692,0.010343184484322665
B-V-zscore,ALL_THREE_PRESPECIFIED_SEEDS_COMPLETED,V:0.5:middle,V,0.5,middle,1,703,728,0.9656593406593407,25,17;29;43,0.3697434119267542,0.013818714673366863,0.7778510563317008,0.007521262393503179
B-V-zscore,ALL_THREE_PRESPECIFIED_SEEDS_COMPLETED,V:0.5:back,V,0.5,back,1,703,728,0.9656593406593407,25,17;29;43,0.3818517883143468,0.010068837555142944,0.7832982547785029,0.008389436437079092
B-V-zscore,ALL_THREE_PRESPECIFIED_SEEDS_COMPLETED,V:0.5:random,V,0.5,random,3,703,728,0.9656593406593407,25,17;29;43,0.37738967163970233,0.018959547145965785,0.7810562367640969,0.009135428190196283
B-V-zscore,ALL_THREE_PRESPECIFIED_SEEDS_COMPLETED,V:0.7:front,V,0.7,front,1,694,728,0.9532967032967034,34,17;29;43,0.3735280543646511,0.012632415530711498,0.7871915030001274,0.007352097037473038
B-V-zscore,ALL_THREE_PRESPECIFIED_SEEDS_COMPLETED,V:0.7:middle,V,0.7,middle,1,694,728,0.9532967032967034,34,17;29;43,0.37724927562080685,0.01631930756339686,0.7797648020869253,0.009079105645973395
B-V-zscore,ALL_THREE_PRESPECIFIED_SEEDS_COMPLETED,V:0.7:back,V,0.7,back,1,694,728,0.9532967032967034,34,17;29;43,0.3763622578609927,0.020635085784516047,0.7967799193414603,0.01100406872749314
B-V-zscore,ALL_THREE_PRESPECIFIED_SEEDS_COMPLETED,V:0.7:random,V,0.7,random,3,694,728,0.9532967032967034,34,17;29;43,0.3787664044545643,0.02173222655102543,0.7846090505298156,0.008776904052062722
B-V-zscore,ALL_THREE_PRESPECIFIED_SEEDS_COMPLETED,TA:0.1:front,TA,0.1,front,1,724,728,0.9945054945054945,4,17;29;43,0.38533629010462495,0.021955095951902672,0.7741664622436663,0.0074747397564659535
B-V-zscore,ALL_THREE_PRESPECIFIED_SEEDS_COMPLETED,TA:0.1:middle,TA,0.1,middle,1,724,728,0.9945054945054945,4,17;29;43,0.38533629010462495,0.021955095951902672,0.7741664622436663,0.0074747397564659535
B-V-zscore,ALL_THREE_PRESPECIFIED_SEEDS_COMPLETED,TA:0.1:back,TA,0.1,back,1,724,728,0.9945054945054945,4,17;29;43,0.38533629010462495,0.021955095951902672,0.7741664622436663,0.0074747397564659535
B-V-zscore,ALL_THREE_PRESPECIFIED_SEEDS_COMPLETED,TA:0.1:random,TA,0.1,random,3,724,728,0.9945054945054945,4,17;29;43,0.38533629010462495,0.021955095951902672,0.7741664622436663,0.0074747397564659535
B-V-zscore,ALL_THREE_PRESPECIFIED_SEEDS_COMPLETED,TA:0.3:front,TA,0.3,front,1,724,728,0.9945054945054945,4,17;29;43,0.38533629010462495,0.021955095951902672,0.7741664622436663,0.0074747397564659535
B-V-zscore,ALL_THREE_PRESPECIFIED_SEEDS_COMPLETED,TA:0.3:middle,TA,0.3,middle,1,724,728,0.9945054945054945,4,17;29;43,0.38533629010462495,0.021955095951902672,0.7741664622436663,0.0074747397564659535
B-V-zscore,ALL_THREE_PRESPECIFIED_SEEDS_COMPLETED,TA:0.3:back,TA,0.3,back,1,724,728,0.9945054945054945,4,17;29;43,0.38533629010462495,0.021955095951902672,0.7741664622436663,0.0074747397564659535
B-V-zscore,ALL_THREE_PRESPECIFIED_SEEDS_COMPLETED,TA:0.3:random,TA,0.3,random,3,724,728,0.9945054945054945,4,17;29;43,0.38533629010462495,0.021955095951902672,0.7741664622436663,0.0074747397564659535
B-V-zscore,ALL_THREE_PRESPECIFIED_SEEDS_COMPLETED,TA:0.5:front,TA,0.5,front,1,724,728,0.9945054945054945,4,17;29;43,0.38533629010462495,0.021955095951902672,0.7741664622436663,0.0074747397564659535
B-V-zscore,ALL_THREE_PRESPECIFIED_SEEDS_COMPLETED,TA:0.5:middle,TA,0.5,middle,1,724,728,0.9945054945054945,4,17;29;43,0.38533629010462495,0.021955095951902672,0.7741664622436663,0.0074747397564659535
B-V-zscore,ALL_THREE_PRESPECIFIED_SEEDS_COMPLETED,TA:0.5:back,TA,0.5,back,1,724,728,0.9945054945054945,4,17;29;43,0.38533629010462495,0.021955095951902672,0.7741664622436663,0.0074747397564659535
B-V-zscore,ALL_THREE_PRESPECIFIED_SEEDS_COMPLETED,TA:0.5:random,TA,0.5,random,3,724,728,0.9945054945054945,4,17;29;43,0.38533629010462495,0.021955095951902672,0.7741664622436663,0.0074747397564659535
B-V-zscore,ALL_THREE_PRESPECIFIED_SEEDS_COMPLETED,TA:0.7:front,TA,0.7,front,1,718,728,0.9862637362637363,10,17;29;43,0.38533629010462495,0.021955095951902672,0.7741664620389801,0.007474739140590058
B-V-zscore,ALL_THREE_PRESPECIFIED_SEEDS_COMPLETED,TA:0.7:middle,TA,0.7,middle,1,718,728,0.9862637362637363,10,17;29;43,0.38533629010462495,0.021955095951902672,0.7741664620389801,0.007474739140590058
B-V-zscore,ALL_THREE_PRESPECIFIED_SEEDS_COMPLETED,TA:0.7:back,TA,0.7,back,1,718,728,0.9862637362637363,10,17;29;43,0.38533629010462495,0.021955095951902672,0.7741664620389801,0.007474739140590058
B-V-zscore,ALL_THREE_PRESPECIFIED_SEEDS_COMPLETED,TA:0.7:random,TA,0.7,random,3,718,728,0.9862637362637363,10,17;29;43,0.38533629010462495,0.021955095951902672,0.7741664620389801,0.007474739140590058
B-V-zscore,ALL_THREE_PRESPECIFIED_SEEDS_COMPLETED,TV:0.1:front,TV,0.1,front,1,703,728,0.9656593406593407,25,17;29;43,0.3809155354404889,0.01597415321130412,0.7760414932687633,0.008153006078186299
B-V-zscore,ALL_THREE_PRESPECIFIED_SEEDS_COMPLETED,TV:0.1:middle,TV,0.1,middle,1,703,728,0.9656593406593407,25,17;29;43,0.3806525180770472,0.019905992386367984,0.7740708163040928,0.00729218026135817
B-V-zscore,ALL_THREE_PRESPECIFIED_SEEDS_COMPLETED,TV:0.1:back,TV,0.1,back,1,703,728,0.9656593406593407,25,17;29;43,0.3793913787757501,0.026940041656282113,0.7747966421457523,0.0076005906909296095
B-V-zscore,ALL_THREE_PRESPECIFIED_SEEDS_COMPLETED,TV:0.1:random,TV,0.1,random,3,703,728,0.9656593406593407,25,17;29;43,0.38471660473884445,0.02245406624449524,0.7741147475444872,0.008699586965141637
B-V-zscore,ALL_THREE_PRESPECIFIED_SEEDS_COMPLETED,TV:0.3:front,TV,0.3,front,1,703,728,0.9656593406593407,25,17;29;43,0.3694714254477048,0.020799551243896857,0.7818420941595713,0.009116085060153198
B-V-zscore,ALL_THREE_PRESPECIFIED_SEEDS_COMPLETED,TV:0.3:middle,TV,0.3,middle,1,703,728,0.9656593406593407,25,17;29;43,0.3718133572969644,0.02155163268656353,0.7759148118098099,0.007012650710147896
B-V-zscore,ALL_THREE_PRESPECIFIED_SEEDS_COMPLETED,TV:0.3:back,TV,0.3,back,1,703,728,0.9656593406593407,25,17;29;43,0.3814210687669997,0.014450650780130142,0.778483250413999,0.006532739896798759
B-V-zscore,ALL_THREE_PRESPECIFIED_SEEDS_COMPLETED,TV:0.3:random,TV,0.3,random,3,703,728,0.9656593406593407,25,17;29;43,0.3758622889841438,0.02602130738608763,0.7776028336313544,0.00594045832787293
B-V-zscore,ALL_THREE_PRESPECIFIED_SEEDS_COMPLETED,TV:0.5:front,TV,0.5,front,1,703,728,0.9656593406593407,25,17;29;43,0.3725938706762939,0.024282803556677727,0.7882304599925692,0.010343184484322665
B-V-zscore,ALL_THREE_PRESPECIFIED_SEEDS_COMPLETED,TV:0.5:middle,TV,0.5,middle,1,703,728,0.9656593406593407,25,17;29;43,0.3697434119267542,0.013818714673366863,0.7778510563317008,0.007521262393503179
B-V-zscore,ALL_THREE_PRESPECIFIED_SEEDS_COMPLETED,TV:0.5:back,TV,0.5,back,1,703,728,0.9656593406593407,25,17;29;43,0.3818517883143468,0.010068837555142944,0.7832982547785029,0.008389436437079092
B-V-zscore,ALL_THREE_PRESPECIFIED_SEEDS_COMPLETED,TV:0.5:random,TV,0.5,random,3,703,728,0.9656593406593407,25,17;29;43,0.3802126406267637,0.014115824872606625,0.7765946260389618,0.008623399076199696
B-V-zscore,ALL_THREE_PRESPECIFIED_SEEDS_COMPLETED,TV:0.7:front,TV,0.7,front,1,694,728,0.9532967032967034,34,17;29;43,0.3735280543646511,0.012632415530711498,0.7871915030001274,0.007352097037473038
B-V-zscore,ALL_THREE_PRESPECIFIED_SEEDS_COMPLETED,TV:0.7:middle,TV,0.7,middle,1,694,728,0.9532967032967034,34,17;29;43,0.37724927562080685,0.01631930756339686,0.7797648020869253,0.009079105645973395
B-V-zscore,ALL_THREE_PRESPECIFIED_SEEDS_COMPLETED,TV:0.7:back,TV,0.7,back,1,694,728,0.9532967032967034,34,17;29;43,0.3763622578609927,0.020635085784516047,0.7967799193414603,0.01100406872749314
B-V-zscore,ALL_THREE_PRESPECIFIED_SEEDS_COMPLETED,TV:0.7:random,TV,0.7,random,3,694,728,0.9532967032967034,34,17;29;43,0.3738822710498586,0.02038501218454338,0.7913756246217241,0.009601613150712925
B-V-zscore,ALL_THREE_PRESPECIFIED_SEEDS_COMPLETED,AV:0.1:front,AV,0.1,front,1,703,728,0.9656593406593407,25,17;29;43,0.3809155354404889,0.01597415321130412,0.7760414932687633,0.008153006078186299
B-V-zscore,ALL_THREE_PRESPECIFIED_SEEDS_COMPLETED,AV:0.1:middle,AV,0.1,middle,1,703,728,0.9656593406593407,25,17;29;43,0.3806525180770472,0.019905992386367984,0.7740708163040928,0.00729218026135817
B-V-zscore,ALL_THREE_PRESPECIFIED_SEEDS_COMPLETED,AV:0.1:back,AV,0.1,back,1,703,728,0.9656593406593407,25,17;29;43,0.3793913787757501,0.026940041656282113,0.7747966421457523,0.0076005906909296095
B-V-zscore,ALL_THREE_PRESPECIFIED_SEEDS_COMPLETED,AV:0.1:random,AV,0.1,random,3,703,728,0.9656593406593407,25,17;29;43,0.3826143012083089,0.01957381385213736,0.7757691247207132,0.008146848742630355
B-V-zscore,ALL_THREE_PRESPECIFIED_SEEDS_COMPLETED,AV:0.3:front,AV,0.3,front,1,703,728,0.9656593406593407,25,17;29;43,0.3694714254477048,0.020799551243896857,0.7818420941595713,0.009116085060153198
B-V-zscore,ALL_THREE_PRESPECIFIED_SEEDS_COMPLETED,AV:0.3:middle,AV,0.3,middle,1,703,728,0.9656593406593407,25,17;29;43,0.3718133572969644,0.02155163268656353,0.7759148118098099,0.007012650710147896
B-V-zscore,ALL_THREE_PRESPECIFIED_SEEDS_COMPLETED,AV:0.3:back,AV,0.3,back,1,703,728,0.9656593406593407,25,17;29;43,0.3814210687669997,0.014450650780130142,0.778483250413999,0.006532739896798759
B-V-zscore,ALL_THREE_PRESPECIFIED_SEEDS_COMPLETED,AV:0.3:random,AV,0.3,random,3,703,728,0.9656593406593407,25,17;29;43,0.37714188010510324,0.02124381431953133,0.7780140117516541,0.007063323980735014
B-V-zscore,ALL_THREE_PRESPECIFIED_SEEDS_COMPLETED,AV:0.5:front,AV,0.5,front,1,703,728,0.9656593406593407,25,17;29;43,0.3725938706762939,0.024282803556677727,0.7882304599925692,0.010343184484322665
B-V-zscore,ALL_THREE_PRESPECIFIED_SEEDS_COMPLETED,AV:0.5:middle,AV,0.5,middle,1,703,728,0.9656593406593407,25,17;29;43,0.3697434119267542,0.013818714673366863,0.7778510563317008,0.007521262393503179
B-V-zscore,ALL_THREE_PRESPECIFIED_SEEDS_COMPLETED,AV:0.5:back,AV,0.5,back,1,703,728,0.9656593406593407,25,17;29;43,0.3818517883143468,0.010068837555142944,0.7832982547785029,0.008389436437079092
B-V-zscore,ALL_THREE_PRESPECIFIED_SEEDS_COMPLETED,AV:0.5:random,AV,0.5,random,3,703,728,0.9656593406593407,25,17;29;43,0.3866764376132094,0.019012598317290096,0.7753633337457632,0.005467854051231713
B-V-zscore,ALL_THREE_PRESPECIFIED_SEEDS_COMPLETED,AV:0.7:front,AV,0.7,front,1,694,728,0.9532967032967034,34,17;29;43,0.3735280543646511,0.012632415530711498,0.7871915030001274,0.007352097037473038
B-V-zscore,ALL_THREE_PRESPECIFIED_SEEDS_COMPLETED,AV:0.7:middle,AV,0.7,middle,1,694,728,0.9532967032967034,34,17;29;43,0.37724927562080685,0.01631930756339686,0.7797648020869253,0.009079105645973395
B-V-zscore,ALL_THREE_PRESPECIFIED_SEEDS_COMPLETED,AV:0.7:back,AV,0.7,back,1,694,728,0.9532967032967034,34,17;29;43,0.3763622578609927,0.020635085784516047,0.7967799193414603,0.01100406872749314
B-V-zscore,ALL_THREE_PRESPECIFIED_SEEDS_COMPLETED,AV:0.7:random,AV,0.7,random,3,694,728,0.9532967032967034,34,17;29;43,0.37527937421218144,0.01927847731281672,0.7892830765270827,0.007034775130732774
C0-zscore,ALL_THREE_PRESPECIFIED_SEEDS_COMPLETED,T:0.1:front,T,0.1,front,1,728,728,1.0,0,17;29;43,0.5828198781986534,0.013849399149054802,0.6322097728616727,0.013473130681688001
C0-zscore,ALL_THREE_PRESPECIFIED_SEEDS_COMPLETED,T:0.1:middle,T,0.1,middle,1,728,728,1.0,0,17;29;43,0.5900422643085882,0.0027902392351503184,0.6246892188764399,0.014285546874885495
C0-zscore,ALL_THREE_PRESPECIFIED_SEEDS_COMPLETED,T:0.1:back,T,0.1,back,1,728,728,1.0,0,17;29;43,0.5877920781352416,0.01141712636239084,0.6411007571043942,0.0162387784222595
C0-zscore,ALL_THREE_PRESPECIFIED_SEEDS_COMPLETED,T:0.1:random,T,0.1,random,3,728,728,1.0,0,17;29;43,0.5907604339022833,0.004987973159730825,0.6278806786216419,0.01444814842076162
C0-zscore,ALL_THREE_PRESPECIFIED_SEEDS_COMPLETED,T:0.3:front,T,0.3,front,1,728,728,1.0,0,17;29;43,0.5734767925704929,0.0033840045408281617,0.6454145122793756,0.01781772709068677
C0-zscore,ALL_THREE_PRESPECIFIED_SEEDS_COMPLETED,T:0.3:middle,T,0.3,middle,1,728,728,1.0,0,17;29;43,0.5997759384067186,0.0078081166158577645,0.6240798602643552,0.015145320001487975
C0-zscore,ALL_THREE_PRESPECIFIED_SEEDS_COMPLETED,T:0.3:back,T,0.3,back,1,728,728,1.0,0,17;29;43,0.5767908122872049,0.0022611077367699554,0.6427205680229235,0.019437297696257294
C0-zscore,ALL_THREE_PRESPECIFIED_SEEDS_COMPLETED,T:0.3:random,T,0.3,random,3,728,728,1.0,0,17;29;43,0.5796069448049148,0.0016953066417312128,0.6339176583123877,0.01435032335194825
C0-zscore,ALL_THREE_PRESPECIFIED_SEEDS_COMPLETED,T:0.5:front,T,0.5,front,1,728,728,1.0,0,17;29;43,0.5695544081532863,0.008698728359539276,0.6595920147648786,0.017541116308748664
C0-zscore,ALL_THREE_PRESPECIFIED_SEEDS_COMPLETED,T:0.5:middle,T,0.5,middle,1,728,728,1.0,0,17;29;43,0.5913702361841979,0.002016486114024085,0.6345492966197309,0.011383998880314022
C0-zscore,ALL_THREE_PRESPECIFIED_SEEDS_COMPLETED,T:0.5:back,T,0.5,back,1,728,728,1.0,0,17;29;43,0.5735188218528416,0.003929411259088416,0.6473496332234787,0.02194906805838486
C0-zscore,ALL_THREE_PRESPECIFIED_SEEDS_COMPLETED,T:0.5:random,T,0.5,random,3,728,728,1.0,0,17;29;43,0.5745378315798916,0.0028246279714282357,0.6409582122838052,0.01239351620154054
C0-zscore,ALL_THREE_PRESPECIFIED_SEEDS_COMPLETED,T:0.7:front,T,0.7,front,1,728,728,1.0,0,17;29;43,0.5732654612593041,0.0016322184604019008,0.6750755353509653,0.018344199271595186
C0-zscore,ALL_THREE_PRESPECIFIED_SEEDS_COMPLETED,T:0.7:middle,T,0.7,middle,1,728,728,1.0,0,17;29;43,0.580870319255688,0.0028643284032130586,0.6727771319023796,0.022432739758785403
C0-zscore,ALL_THREE_PRESPECIFIED_SEEDS_COMPLETED,T:0.7:back,T,0.7,back,1,728,728,1.0,0,17;29;43,0.5610656310111665,0.0019968693251406445,0.6641521508807693,0.01480477772581702
C0-zscore,ALL_THREE_PRESPECIFIED_SEEDS_COMPLETED,T:0.7:random,T,0.7,random,3,728,728,1.0,0,17;29;43,0.5771067419994034,0.002909097819925687,0.6701007020270877,0.0159227032084948
C0-zscore,ALL_THREE_PRESPECIFIED_SEEDS_COMPLETED,A:0.1:front,A,0.1,front,1,724,728,0.9945054945054945,4,17;29;43,0.589872836273312,0.013100230090623539,0.6281642901443368,0.012022371978332573
C0-zscore,ALL_THREE_PRESPECIFIED_SEEDS_COMPLETED,A:0.1:middle,A,0.1,middle,1,724,728,0.9945054945054945,4,17;29;43,0.5916911149995238,0.012252411238900248,0.6277336709033109,0.01094822475026228
C0-zscore,ALL_THREE_PRESPECIFIED_SEEDS_COMPLETED,A:0.1:back,A,0.1,back,1,724,728,0.9945054945054945,4,17;29;43,0.5890794090152441,0.01058836777663508,0.628585229299757,0.010853789367627742
C0-zscore,ALL_THREE_PRESPECIFIED_SEEDS_COMPLETED,A:0.1:random,A,0.1,random,3,724,728,0.9945054945054945,4,17;29;43,0.5888175073611054,0.011814947814093408,0.6285983661811162,0.011213837663356254
C0-zscore,ALL_THREE_PRESPECIFIED_SEEDS_COMPLETED,A:0.3:front,A,0.3,front,1,724,728,0.9945054945054945,4,17;29;43,0.5934231089472234,0.005484888383020311,0.6325989800327093,0.010823186138352252
C0-zscore,ALL_THREE_PRESPECIFIED_SEEDS_COMPLETED,A:0.3:middle,A,0.3,middle,1,724,728,0.9945054945054945,4,17;29;43,0.5924577401255876,0.013169105423099889,0.6324465828165757,0.010280175718326139
C0-zscore,ALL_THREE_PRESPECIFIED_SEEDS_COMPLETED,A:0.3:back,A,0.3,back,1,724,728,0.9945054945054945,4,17;29;43,0.5891640882590864,0.006284735566085617,0.6339422357161492,0.00749090369513911
C0-zscore,ALL_THREE_PRESPECIFIED_SEEDS_COMPLETED,A:0.3:random,A,0.3,random,3,724,728,0.9945054945054945,4,17;29;43,0.5944475903891578,0.007653904673653523,0.6337142354990406,0.009689469608289038
C0-zscore,ALL_THREE_PRESPECIFIED_SEEDS_COMPLETED,A:0.5:front,A,0.5,front,1,724,728,0.9945054945054945,4,17;29;43,0.5926982395299861,0.00464795175333416,0.6380629378789694,0.008134642047116046
C0-zscore,ALL_THREE_PRESPECIFIED_SEEDS_COMPLETED,A:0.5:middle,A,0.5,middle,1,724,728,0.9945054945054945,4,17;29;43,0.5894255122289312,0.005556106311551128,0.6373350858649336,0.011399939601519606
C0-zscore,ALL_THREE_PRESPECIFIED_SEEDS_COMPLETED,A:0.5:back,A,0.5,back,1,724,728,0.9945054945054945,4,17;29;43,0.5866724859203548,0.002997557778165302,0.6379681248061108,0.008468926983303796
C0-zscore,ALL_THREE_PRESPECIFIED_SEEDS_COMPLETED,A:0.5:random,A,0.5,random,3,724,728,0.9945054945054945,4,17;29;43,0.5891425557648131,0.005126328967422838,0.6368603662353379,0.009286859859992131
C0-zscore,ALL_THREE_PRESPECIFIED_SEEDS_COMPLETED,A:0.7:front,A,0.7,front,1,718,728,0.9862637362637363,10,17;29;43,0.592161551081596,0.004902313211292776,0.6444216470793039,0.011629636063873532
C0-zscore,ALL_THREE_PRESPECIFIED_SEEDS_COMPLETED,A:0.7:middle,A,0.7,middle,1,718,728,0.9862637362637363,10,17;29;43,0.5827102931737151,0.0021279182183908244,0.6456627143349608,0.01355875157501857
C0-zscore,ALL_THREE_PRESPECIFIED_SEEDS_COMPLETED,A:0.7:back,A,0.7,back,1,718,728,0.9862637362637363,10,17;29;43,0.5869515702803086,0.005831292146411555,0.6459686663283752,0.018561745499025478
C0-zscore,ALL_THREE_PRESPECIFIED_SEEDS_COMPLETED,A:0.7:random,A,0.7,random,3,718,728,0.9862637362637363,10,17;29;43,0.588976931861183,0.007061506235429054,0.6479569459168064,0.017263460079325877
C0-zscore,ALL_THREE_PRESPECIFIED_SEEDS_COMPLETED,V:0.1:front,V,0.1,front,1,703,728,0.9656593406593407,25,17;29;43,0.5870521073467333,0.011336128649517416,0.6280885091604326,0.011008933160969863
C0-zscore,ALL_THREE_PRESPECIFIED_SEEDS_COMPLETED,V:0.1:middle,V,0.1,middle,1,703,728,0.9656593406593407,25,17;29;43,0.588272171535786,0.00921802768805858,0.6276338282003406,0.01022087385489377
C0-zscore,ALL_THREE_PRESPECIFIED_SEEDS_COMPLETED,V:0.1:back,V,0.1,back,1,703,728,0.9656593406593407,25,17;29;43,0.588804047718194,0.013252552715970901,0.6277545816116329,0.011073611051883514
C0-zscore,ALL_THREE_PRESPECIFIED_SEEDS_COMPLETED,V:0.1:random,V,0.1,random,3,703,728,0.9656593406593407,25,17;29;43,0.5897809671063389,0.012515521078556299,0.6282649071128197,0.010468456909855388
C0-zscore,ALL_THREE_PRESPECIFIED_SEEDS_COMPLETED,V:0.3:front,V,0.3,front,1,703,728,0.9656593406593407,25,17;29;43,0.5872462239222639,0.013065863756659378,0.6315050114642559,0.007958023424715207
C0-zscore,ALL_THREE_PRESPECIFIED_SEEDS_COMPLETED,V:0.3:middle,V,0.3,middle,1,703,728,0.9656593406593407,25,17;29;43,0.5902763743293171,0.007071343238328278,0.6301355561262403,0.006763432352967945
C0-zscore,ALL_THREE_PRESPECIFIED_SEEDS_COMPLETED,V:0.3:back,V,0.3,back,1,703,728,0.9656593406593407,25,17;29;43,0.5893857634098216,0.010947097376575612,0.6318419880926441,0.008071407812918483
C0-zscore,ALL_THREE_PRESPECIFIED_SEEDS_COMPLETED,V:0.3:random,V,0.3,random,3,703,728,0.9656593406593407,25,17;29;43,0.5888918075144566,0.011434907855317202,0.6312698257673722,0.007252309516993155
C0-zscore,ALL_THREE_PRESPECIFIED_SEEDS_COMPLETED,V:0.5:front,V,0.5,front,1,703,728,0.9656593406593407,25,17;29;43,0.5852420489504895,0.007811518184821779,0.6363515328736796,0.007885399138264141
C0-zscore,ALL_THREE_PRESPECIFIED_SEEDS_COMPLETED,V:0.5:middle,V,0.5,middle,1,703,728,0.9656593406593407,25,17;29;43,0.5895493103678113,0.008241110927321688,0.632725126833562,0.007915570000859863
C0-zscore,ALL_THREE_PRESPECIFIED_SEEDS_COMPLETED,V:0.5:back,V,0.5,back,1,703,728,0.9656593406593407,25,17;29;43,0.5886855277426362,0.015244111591331022,0.6349225808706837,0.006846441691331307
C0-zscore,ALL_THREE_PRESPECIFIED_SEEDS_COMPLETED,V:0.5:random,V,0.5,random,3,703,728,0.9656593406593407,25,17;29;43,0.5870586061586814,0.009488797264030867,0.6352662199113203,0.007879032083983294
C0-zscore,ALL_THREE_PRESPECIFIED_SEEDS_COMPLETED,V:0.7:front,V,0.7,front,1,694,728,0.9532967032967034,34,17;29;43,0.5834410801020331,0.0059048485492209654,0.6389009755377909,0.013378724229810228
C0-zscore,ALL_THREE_PRESPECIFIED_SEEDS_COMPLETED,V:0.7:middle,V,0.7,middle,1,694,728,0.9532967032967034,34,17;29;43,0.5851478583814083,0.006310642329575762,0.6396842080605197,0.013480164708226038
C0-zscore,ALL_THREE_PRESPECIFIED_SEEDS_COMPLETED,V:0.7:back,V,0.7,back,1,694,728,0.9532967032967034,34,17;29;43,0.5905183197174432,0.006522365740806401,0.6409774691615068,0.011358714880397422
C0-zscore,ALL_THREE_PRESPECIFIED_SEEDS_COMPLETED,V:0.7:random,V,0.7,random,3,694,728,0.9532967032967034,34,17;29;43,0.5874918603011942,0.008037145455859243,0.6406920086855222,0.013928817453457046
C0-zscore,ALL_THREE_PRESPECIFIED_SEEDS_COMPLETED,TA:0.1:front,TA,0.1,front,1,724,728,0.9945054945054945,4,17;29;43,0.5801137167593381,0.01159650929592026,0.632085946597813,0.013505892175765696
C0-zscore,ALL_THREE_PRESPECIFIED_SEEDS_COMPLETED,TA:0.1:middle,TA,0.1,middle,1,724,728,0.9945054945054945,4,17;29;43,0.5862218242214928,0.0072266760604257204,0.6252827467568494,0.012456461362451947
C0-zscore,ALL_THREE_PRESPECIFIED_SEEDS_COMPLETED,TA:0.1:back,TA,0.1,back,1,724,728,0.9945054945054945,4,17;29;43,0.5818846813781521,0.009968136404110185,0.640171907412638,0.01714461350386403
C0-zscore,ALL_THREE_PRESPECIFIED_SEEDS_COMPLETED,TA:0.1:random,TA,0.1,random,3,724,728,0.9945054945054945,4,17;29;43,0.5898146902140208,0.004453171315008389,0.6290653744595275,0.014117015713672824
C0-zscore,ALL_THREE_PRESPECIFIED_SEEDS_COMPLETED,TA:0.3:front,TA,0.3,front,1,724,728,0.9945054945054945,4,17;29;43,0.5744723248067537,0.0005365849813324335,0.6482440315922782,0.01580610421165628
C0-zscore,ALL_THREE_PRESPECIFIED_SEEDS_COMPLETED,TA:0.3:middle,TA,0.3,middle,1,724,728,0.9945054945054945,4,17;29;43,0.6023633171169845,0.0037307268425807224,0.623991437599772,0.014459626894349186
C0-zscore,ALL_THREE_PRESPECIFIED_SEEDS_COMPLETED,TA:0.3:back,TA,0.3,back,1,724,728,0.9945054945054945,4,17;29;43,0.576290953257884,0.0017133970353852312,0.6474626053534253,0.017057156915477416
C0-zscore,ALL_THREE_PRESPECIFIED_SEEDS_COMPLETED,TA:0.3:random,TA,0.3,random,3,724,728,0.9945054945054945,4,17;29;43,0.593735931773745,0.001961623015207672,0.6340983489360249,0.013111848871115862
C0-zscore,ALL_THREE_PRESPECIFIED_SEEDS_COMPLETED,TA:0.5:front,TA,0.5,front,1,724,728,0.9945054945054945,4,17;29;43,0.5696918541790548,0.011124919435605292,0.664016501422615,0.01504082288444189
C0-zscore,ALL_THREE_PRESPECIFIED_SEEDS_COMPLETED,TA:0.5:middle,TA,0.5,middle,1,724,728,0.9945054945054945,4,17;29;43,0.5972711435642478,0.0020780814066822502,0.6335409189571329,0.01509638714876991
C0-zscore,ALL_THREE_PRESPECIFIED_SEEDS_COMPLETED,TA:0.5:back,TA,0.5,back,1,724,728,0.9945054945054945,4,17;29;43,0.5691840999085701,0.006711689143838463,0.6517042808752591,0.0181354071580419
C0-zscore,ALL_THREE_PRESPECIFIED_SEEDS_COMPLETED,TA:0.5:random,TA,0.5,random,3,724,728,0.9945054945054945,4,17;29;43,0.5792451045950894,0.0074297507796775054,0.6479356786875741,0.012490038076262132
C0-zscore,ALL_THREE_PRESPECIFIED_SEEDS_COMPLETED,TA:0.7:front,TA,0.7,front,1,718,728,0.9862637362637363,10,17;29;43,0.5714607531517152,0.00452054348688348,0.6784816163384902,0.019195438441109106
C0-zscore,ALL_THREE_PRESPECIFIED_SEEDS_COMPLETED,TA:0.7:middle,TA,0.7,middle,1,718,728,0.9862637362637363,10,17;29;43,0.5848657174271393,0.003406021106235355,0.6668396155351403,0.01394490353153273
C0-zscore,ALL_THREE_PRESPECIFIED_SEEDS_COMPLETED,TA:0.7:back,TA,0.7,back,1,718,728,0.9862637362637363,10,17;29;43,0.5547880878721694,0.005561471833592545,0.6666294571070147,0.019009608414320044
C0-zscore,ALL_THREE_PRESPECIFIED_SEEDS_COMPLETED,TA:0.7:random,TA,0.7,random,3,718,728,0.9862637362637363,10,17;29;43,0.5623157270222728,0.0029398197420989415,0.6756926174518286,0.018664295862056448
C0-zscore,ALL_THREE_PRESPECIFIED_SEEDS_COMPLETED,TV:0.1:front,TV,0.1,front,1,703,728,0.9656593406593407,25,17;29;43,0.5775242017543404,0.010322906201230844,0.6326013225966113,0.012587276575809858
C0-zscore,ALL_THREE_PRESPECIFIED_SEEDS_COMPLETED,TV:0.1:middle,TV,0.1,middle,1,703,728,0.9656593406593407,25,17;29;43,0.5904864924726556,0.0017291862657317005,0.6248452210919966,0.012076299793488517
C0-zscore,ALL_THREE_PRESPECIFIED_SEEDS_COMPLETED,TV:0.1:back,TV,0.1,back,1,703,728,0.9656593406593407,25,17;29;43,0.5848297624677637,0.009641271420064053,0.6396924152974791,0.017117133311504874
C0-zscore,ALL_THREE_PRESPECIFIED_SEEDS_COMPLETED,TV:0.1:random,TV,0.1,random,3,703,728,0.9656593406593407,25,17;29;43,0.5854875726492424,0.005807341046151691,0.6255715166996849,0.012671900566027615
C0-zscore,ALL_THREE_PRESPECIFIED_SEEDS_COMPLETED,TV:0.3:front,TV,0.3,front,1,703,728,0.9656593406593407,25,17;29;43,0.5766842526935437,0.007592490423283127,0.649304395238517,0.01621467302158798
C0-zscore,ALL_THREE_PRESPECIFIED_SEEDS_COMPLETED,TV:0.3:middle,TV,0.3,middle,1,703,728,0.9656593406593407,25,17;29;43,0.5952548560014743,0.008189029292252726,0.6215448803974114,0.013053959920799833
C0-zscore,ALL_THREE_PRESPECIFIED_SEEDS_COMPLETED,TV:0.3:back,TV,0.3,back,1,703,728,0.9656593406593407,25,17;29;43,0.5807571837218605,0.007352055292053118,0.6462140260739747,0.014840209310999497
C0-zscore,ALL_THREE_PRESPECIFIED_SEEDS_COMPLETED,TV:0.3:random,TV,0.3,random,3,703,728,0.9656593406593407,25,17;29;43,0.5832715216714426,0.002835557581279391,0.6316161268197295,0.0138099405999545
C0-zscore,ALL_THREE_PRESPECIFIED_SEEDS_COMPLETED,TV:0.5:front,TV,0.5,front,1,703,728,0.9656593406593407,25,17;29;43,0.5734031998957677,0.006399377256435448,0.6624136169560125,0.01779268381598181
C0-zscore,ALL_THREE_PRESPECIFIED_SEEDS_COMPLETED,TV:0.5:middle,TV,0.5,middle,1,703,728,0.9656593406593407,25,17;29;43,0.5931588152103563,0.0071529498016055714,0.6299360483322883,0.015615491136100099
C0-zscore,ALL_THREE_PRESPECIFIED_SEEDS_COMPLETED,TV:0.5:back,TV,0.5,back,1,703,728,0.9656593406593407,25,17;29;43,0.5708424290008264,0.002961482552765035,0.6472699298006747,0.01501921683251089
C0-zscore,ALL_THREE_PRESPECIFIED_SEEDS_COMPLETED,TV:0.5:random,TV,0.5,random,3,703,728,0.9656593406593407,25,17;29;43,0.5772437206000703,0.00930328049437271,0.6377080403430132,0.015193530371737866
C0-zscore,ALL_THREE_PRESPECIFIED_SEEDS_COMPLETED,TV:0.7:front,TV,0.7,front,1,694,728,0.9532967032967034,34,17;29;43,0.5727269408227512,0.003737105639807705,0.6689556893872224,0.027831785544924603
C0-zscore,ALL_THREE_PRESPECIFIED_SEEDS_COMPLETED,TV:0.7:middle,TV,0.7,middle,1,694,728,0.9532967032967034,34,17;29;43,0.5809161431334849,0.004435818307277514,0.6554391556682752,0.020827328924024006
C0-zscore,ALL_THREE_PRESPECIFIED_SEEDS_COMPLETED,TV:0.7:back,TV,0.7,back,1,694,728,0.9532967032967034,34,17;29;43,0.5597718732841658,0.004107399048999556,0.6592781251223269,0.013638696429817439
C0-zscore,ALL_THREE_PRESPECIFIED_SEEDS_COMPLETED,TV:0.7:random,TV,0.7,random,3,694,728,0.9532967032967034,34,17;29;43,0.5660562055102286,0.007683729929182953,0.6683447830190775,0.02573044017721293
C0-zscore,ALL_THREE_PRESPECIFIED_SEEDS_COMPLETED,AV:0.1:front,AV,0.1,front,1,703,728,0.9656593406593407,25,17;29;43,0.5892383658546722,0.012294333831416975,0.6295485217085313,0.010187765953381212
C0-zscore,ALL_THREE_PRESPECIFIED_SEEDS_COMPLETED,AV:0.1:middle,AV,0.1,middle,1,703,728,0.9656593406593407,25,17;29;43,0.5928422297092638,0.011507326720020342,0.628902388824237,0.00835726317019214
C0-zscore,ALL_THREE_PRESPECIFIED_SEEDS_COMPLETED,AV:0.1:back,AV,0.1,back,1,703,728,0.9656593406593407,25,17;29;43,0.5908272371249451,0.014079004473500986,0.6295623101904688,0.009260620614752467
C0-zscore,ALL_THREE_PRESPECIFIED_SEEDS_COMPLETED,AV:0.1:random,AV,0.1,random,3,703,728,0.9656593406593407,25,17;29;43,0.5908007935632259,0.012330242060606001,0.629782209058011,0.008469361674274601
C0-zscore,ALL_THREE_PRESPECIFIED_SEEDS_COMPLETED,AV:0.3:front,AV,0.3,front,1,703,728,0.9656593406593407,25,17;29;43,0.5924840516196712,0.00503152349429201,0.6379675805285013,0.011829306010503374
C0-zscore,ALL_THREE_PRESPECIFIED_SEEDS_COMPLETED,AV:0.3:middle,AV,0.3,middle,1,703,728,0.9656593406593407,25,17;29;43,0.5897486899263535,0.011669278696913744,0.6370646539158077,0.015219552771606033
C0-zscore,ALL_THREE_PRESPECIFIED_SEEDS_COMPLETED,AV:0.3:back,AV,0.3,back,1,703,728,0.9656593406593407,25,17;29;43,0.589508799778842,0.009153769944136338,0.6395192262292827,0.010303520723030986
C0-zscore,ALL_THREE_PRESPECIFIED_SEEDS_COMPLETED,AV:0.3:random,AV,0.3,random,3,703,728,0.9656593406593407,25,17;29;43,0.5895834588817173,0.00850077729161592,0.6401486421082898,0.015043351533486802
C0-zscore,ALL_THREE_PRESPECIFIED_SEEDS_COMPLETED,AV:0.5:front,AV,0.5,front,1,703,728,0.9656593406593407,25,17;29;43,0.5929362129054035,0.007087867842226138,0.6499475569079627,0.0255711314076755
C0-zscore,ALL_THREE_PRESPECIFIED_SEEDS_COMPLETED,AV:0.5:middle,AV,0.5,middle,1,703,728,0.9656593406593407,25,17;29;43,0.5886969757132658,0.009197579811256127,0.64738434459012,0.03343314653040258
C0-zscore,ALL_THREE_PRESPECIFIED_SEEDS_COMPLETED,AV:0.5:back,AV,0.5,back,1,703,728,0.9656593406593407,25,17;29;43,0.5847683016005388,0.007635430800249112,0.6494621232892587,0.026444121226544586
C0-zscore,ALL_THREE_PRESPECIFIED_SEEDS_COMPLETED,AV:0.5:random,AV,0.5,random,3,703,728,0.9656593406593407,25,17;29;43,0.5896615186822702,0.007817122956593888,0.650619195648774,0.03155235899952023
C0-zscore,ALL_THREE_PRESPECIFIED_SEEDS_COMPLETED,AV:0.7:front,AV,0.7,front,1,694,728,0.9532967032967034,34,17;29;43,0.5909935235969646,0.004218606303279085,0.6615216413203345,0.05007108919470022
C0-zscore,ALL_THREE_PRESPECIFIED_SEEDS_COMPLETED,AV:0.7:middle,AV,0.7,middle,1,694,728,0.9532967032967034,34,17;29;43,0.5791248096306613,0.0051642384823800845,0.6664957281468277,0.055325502958509624
C0-zscore,ALL_THREE_PRESPECIFIED_SEEDS_COMPLETED,AV:0.7:back,AV,0.7,back,1,694,728,0.9532967032967034,34,17;29;43,0.5791847305164083,0.008369201437899687,0.666809219588479,0.05403622559645106
C0-zscore,ALL_THREE_PRESPECIFIED_SEEDS_COMPLETED,AV:0.7:random,AV,0.7,random,3,694,728,0.9532967032967034,34,17;29;43,0.5873496152526645,0.007709531274950946,0.6669039497291734,0.05414607625222242
R0-zscore,ALL_THREE_PRESPECIFIED_SEEDS_COMPLETED,T:0.1:front,T,0.1,front,1,728,728,1.0,0,17;29;43,0.5820777683042384,0.010924156211722054,0.6346622792292952,0.008566530083200508
R0-zscore,ALL_THREE_PRESPECIFIED_SEEDS_COMPLETED,T:0.1:middle,T,0.1,middle,1,728,728,1.0,0,17;29;43,0.5810837188124635,8.434102416515353e-05,0.6290908490695467,0.007843093824739113
R0-zscore,ALL_THREE_PRESPECIFIED_SEEDS_COMPLETED,T:0.1:back,T,0.1,back,1,728,728,1.0,0,17;29;43,0.5853479543531237,0.017128266417682392,0.6357915235582364,0.010882892043345953
R0-zscore,ALL_THREE_PRESPECIFIED_SEEDS_COMPLETED,T:0.1:random,T,0.1,random,3,728,728,1.0,0,17;29;43,0.5882965052996448,0.005025976910694172,0.6305398155780492,0.008354775236711926
R0-zscore,ALL_THREE_PRESPECIFIED_SEEDS_COMPLETED,T:0.3:front,T,0.3,front,1,728,728,1.0,0,17;29;43,0.5807615404758518,0.005332251228724999,0.6507999567945458,0.008008317971361372
R0-zscore,ALL_THREE_PRESPECIFIED_SEEDS_COMPLETED,T:0.3:middle,T,0.3,middle,1,728,728,1.0,0,17;29;43,0.587456372877934,0.008423939437232648,0.6293358316156977,0.00864504985517136
R0-zscore,ALL_THREE_PRESPECIFIED_SEEDS_COMPLETED,T:0.3:back,T,0.3,back,1,728,728,1.0,0,17;29;43,0.5769449857306296,0.006444943476254187,0.6402602314779743,0.014636579482910987
R0-zscore,ALL_THREE_PRESPECIFIED_SEEDS_COMPLETED,T:0.3:random,T,0.3,random,3,728,728,1.0,0,17;29;43,0.5755942935388002,0.005518580252334137,0.6380581162190913,0.0074152549965036925
R0-zscore,ALL_THREE_PRESPECIFIED_SEEDS_COMPLETED,T:0.5:front,T,0.5,front,1,728,728,1.0,0,17;29;43,0.5660258717474835,0.009236778724309443,0.6657402051097074,0.0029837709620055422
R0-zscore,ALL_THREE_PRESPECIFIED_SEEDS_COMPLETED,T:0.5:middle,T,0.5,middle,1,728,728,1.0,0,17;29;43,0.5810040361965377,0.0012134733901030576,0.6344755891920643,0.010154449731724486
R0-zscore,ALL_THREE_PRESPECIFIED_SEEDS_COMPLETED,T:0.5:back,T,0.5,back,1,728,728,1.0,0,17;29;43,0.5741887480225133,0.005439197844552212,0.6461401459769599,0.020295132634376954
R0-zscore,ALL_THREE_PRESPECIFIED_SEEDS_COMPLETED,T:0.5:random,T,0.5,random,3,728,728,1.0,0,17;29;43,0.5718547385337079,0.007089029690643868,0.642617485501589,0.010044800642316337
R0-zscore,ALL_THREE_PRESPECIFIED_SEEDS_COMPLETED,T:0.7:front,T,0.7,front,1,728,728,1.0,0,17;29;43,0.5631377191843532,0.01415263774084434,0.673883615503422,0.00960388770433924
R0-zscore,ALL_THREE_PRESPECIFIED_SEEDS_COMPLETED,T:0.7:middle,T,0.7,middle,1,728,728,1.0,0,17;29;43,0.5713050395212812,0.006400299830847751,0.6594636979040173,0.019925060433934997
R0-zscore,ALL_THREE_PRESPECIFIED_SEEDS_COMPLETED,T:0.7:back,T,0.7,back,1,728,728,1.0,0,17;29;43,0.555815310797008,0.0036245070502675665,0.6648455366841197,0.026038748831444115
R0-zscore,ALL_THREE_PRESPECIFIED_SEEDS_COMPLETED,T:0.7:random,T,0.7,random,3,728,728,1.0,0,17;29;43,0.572279355385651,0.005923796053539626,0.6571546395068372,0.01607534674616247
R0-zscore,ALL_THREE_PRESPECIFIED_SEEDS_COMPLETED,A:0.1:front,A,0.1,front,1,724,728,0.9945054945054945,4,17;29;43,0.5907153796119458,0.009678733116504627,0.6305754326720275,0.007731889028874379
R0-zscore,ALL_THREE_PRESPECIFIED_SEEDS_COMPLETED,A:0.1:middle,A,0.1,middle,1,724,728,0.9945054945054945,4,17;29;43,0.5916797229327467,0.006434583037059615,0.6305314373722725,0.006867133336922271
R0-zscore,ALL_THREE_PRESPECIFIED_SEEDS_COMPLETED,A:0.1:back,A,0.1,back,1,724,728,0.9945054945054945,4,17;29;43,0.58956865515915,0.016743663783632626,0.6310248378368526,0.006453653414084001
R0-zscore,ALL_THREE_PRESPECIFIED_SEEDS_COMPLETED,A:0.1:random,A,0.1,random,3,724,728,0.9945054945054945,4,17;29;43,0.5906936314292016,0.010135114201610514,0.6311069371102379,0.007262078399601642
R0-zscore,ALL_THREE_PRESPECIFIED_SEEDS_COMPLETED,A:0.3:front,A,0.3,front,1,724,728,0.9945054945054945,4,17;29;43,0.5884369519837659,0.009524549560835493,0.6333809814198607,0.007217621588735353
R0-zscore,ALL_THREE_PRESPECIFIED_SEEDS_COMPLETED,A:0.3:middle,A,0.3,middle,1,724,728,0.9945054945054945,4,17;29;43,0.5885778402605384,0.007182415120894482,0.6335074721182904,0.0066193200671974895
R0-zscore,ALL_THREE_PRESPECIFIED_SEEDS_COMPLETED,A:0.3:back,A,0.3,back,1,724,728,0.9945054945054945,4,17;29;43,0.5857066222276189,0.009761622930682536,0.6344059412097925,0.004752916959661675
R0-zscore,ALL_THREE_PRESPECIFIED_SEEDS_COMPLETED,A:0.3:random,A,0.3,random,3,724,728,0.9945054945054945,4,17;29;43,0.587260600978598,0.00549932285645492,0.63406219695657,0.005851072307441698
R0-zscore,ALL_THREE_PRESPECIFIED_SEEDS_COMPLETED,A:0.5:front,A,0.5,front,1,724,728,0.9945054945054945,4,17;29;43,0.5864522282996919,0.004767136822656954,0.6367749508606542,0.005470897910549401
R0-zscore,ALL_THREE_PRESPECIFIED_SEEDS_COMPLETED,A:0.5:middle,A,0.5,middle,1,724,728,0.9945054945054945,4,17;29;43,0.5866256871508542,0.00615887320194335,0.6354946329413177,0.005909095477173197
R0-zscore,ALL_THREE_PRESPECIFIED_SEEDS_COMPLETED,A:0.5:back,A,0.5,back,1,724,728,0.9945054945054945,4,17;29;43,0.5844422094834774,0.006332901239710799,0.6371466052544051,0.0020094373939958878
R0-zscore,ALL_THREE_PRESPECIFIED_SEEDS_COMPLETED,A:0.5:random,A,0.5,random,3,724,728,0.9945054945054945,4,17;29;43,0.5848246946618425,0.005615097591161318,0.6363405755244532,0.004624097086550341
R0-zscore,ALL_THREE_PRESPECIFIED_SEEDS_COMPLETED,A:0.7:front,A,0.7,front,1,718,728,0.9862637362637363,10,17;29;43,0.582041265931108,0.0004143875579438759,0.6396216301384682,0.007813556081402795
R0-zscore,ALL_THREE_PRESPECIFIED_SEEDS_COMPLETED,A:0.7:middle,A,0.7,middle,1,718,728,0.9862637362637363,10,17;29;43,0.5775892648715201,0.0020771492338255986,0.6409759703776164,0.005355854048712522
R0-zscore,ALL_THREE_PRESPECIFIED_SEEDS_COMPLETED,A:0.7:back,A,0.7,back,1,718,728,0.9862637362637363,10,17;29;43,0.5808195669984253,0.01677814613857301,0.6410244803582194,0.004561340581412273
R0-zscore,ALL_THREE_PRESPECIFIED_SEEDS_COMPLETED,A:0.7:random,A,0.7,random,3,718,728,0.9862637362637363,10,17;29;43,0.5822070922804562,0.002724346156358027,0.6430484043484617,0.00646466490869713
R0-zscore,ALL_THREE_PRESPECIFIED_SEEDS_COMPLETED,V:0.1:front,V,0.1,front,1,703,728,0.9656593406593407,25,17;29;43,0.5888600955613664,0.011193526818928013,0.6306128890348272,0.007073352484165449
R0-zscore,ALL_THREE_PRESPECIFIED_SEEDS_COMPLETED,V:0.1:middle,V,0.1,middle,1,703,728,0.9656593406593407,25,17;29;43,0.588916663335661,0.010124977822069023,0.6300789103399252,0.0060838011350610125
R0-zscore,ALL_THREE_PRESPECIFIED_SEEDS_COMPLETED,V:0.1:back,V,0.1,back,1,703,728,0.9656593406593407,25,17;29;43,0.5912234753659259,0.010215603355639346,0.6305710163896847,0.006633325554079101
R0-zscore,ALL_THREE_PRESPECIFIED_SEEDS_COMPLETED,V:0.1:random,V,0.1,random,3,703,728,0.9656593406593407,25,17;29;43,0.5890534869172527,0.010899072215907213,0.6307439873172449,0.00623304829411855
R0-zscore,ALL_THREE_PRESPECIFIED_SEEDS_COMPLETED,V:0.3:front,V,0.3,front,1,703,728,0.9656593406593407,25,17;29;43,0.5859080126860094,0.008857517871100472,0.6331531707660211,0.004431184050158669
R0-zscore,ALL_THREE_PRESPECIFIED_SEEDS_COMPLETED,V:0.3:middle,V,0.3,middle,1,703,728,0.9656593406593407,25,17;29;43,0.5877198017141848,0.007874735003143861,0.6315331092117535,0.003013924098674716
R0-zscore,ALL_THREE_PRESPECIFIED_SEEDS_COMPLETED,V:0.3:back,V,0.3,back,1,703,728,0.9656593406593407,25,17;29;43,0.588266822896789,0.005533273483856753,0.6332064637849909,0.0043030614674379
R0-zscore,ALL_THREE_PRESPECIFIED_SEEDS_COMPLETED,V:0.3:random,V,0.3,random,3,703,728,0.9656593406593407,25,17;29;43,0.5890508445710961,0.006978396580172567,0.6330279359952081,0.0033612096938345666
R0-zscore,ALL_THREE_PRESPECIFIED_SEEDS_COMPLETED,V:0.5:front,V,0.5,front,1,703,728,0.9656593406593407,25,17;29;43,0.5855119942430714,0.009925205200977116,0.6364325181165418,0.003847255297337331
R0-zscore,ALL_THREE_PRESPECIFIED_SEEDS_COMPLETED,V:0.5:middle,V,0.5,middle,1,703,728,0.9656593406593407,25,17;29;43,0.5879486921974127,0.007519179252442721,0.6329396962907358,0.0024435659317665888
R0-zscore,ALL_THREE_PRESPECIFIED_SEEDS_COMPLETED,V:0.5:back,V,0.5,back,1,703,728,0.9656593406593407,25,17;29;43,0.588186299571086,0.006253336565902645,0.6353558213747982,0.0014752177061352328
R0-zscore,ALL_THREE_PRESPECIFIED_SEEDS_COMPLETED,V:0.5:random,V,0.5,random,3,703,728,0.9656593406593407,25,17;29;43,0.5881549194546977,0.00773868637631546,0.6354615418478518,0.0029438323322266767
R0-zscore,ALL_THREE_PRESPECIFIED_SEEDS_COMPLETED,V:0.7:front,V,0.7,front,1,694,728,0.9532967032967034,34,17;29;43,0.5859350044765667,0.010533149066755083,0.638152888267098,0.007455103245996979
R0-zscore,ALL_THREE_PRESPECIFIED_SEEDS_COMPLETED,V:0.7:middle,V,0.7,middle,1,694,728,0.9532967032967034,34,17;29;43,0.5899291373776209,0.00558209573057995,0.6378680634691961,0.00653831535175632
R0-zscore,ALL_THREE_PRESPECIFIED_SEEDS_COMPLETED,V:0.7:back,V,0.7,back,1,694,728,0.9532967032967034,34,17;29;43,0.5874403126579724,0.0020449842239454448,0.6393003890582108,0.004630430370181648
R0-zscore,ALL_THREE_PRESPECIFIED_SEEDS_COMPLETED,V:0.7:random,V,0.7,random,3,694,728,0.9532967032967034,34,17;29;43,0.590243736778858,0.008110310769140889,0.6390690872172539,0.006940531798198042
R0-zscore,ALL_THREE_PRESPECIFIED_SEEDS_COMPLETED,TA:0.1:front,TA,0.1,front,1,724,728,0.9945054945054945,4,17;29;43,0.5822495023260587,0.010083181991162952,0.6349426890833639,0.007663637820468846
R0-zscore,ALL_THREE_PRESPECIFIED_SEEDS_COMPLETED,TA:0.1:middle,TA,0.1,middle,1,724,728,0.9945054945054945,4,17;29;43,0.5823947150309973,0.0016104416922993752,0.6294377708634671,0.006397492108538057
R0-zscore,ALL_THREE_PRESPECIFIED_SEEDS_COMPLETED,TA:0.1:back,TA,0.1,back,1,724,728,0.9945054945054945,4,17;29;43,0.5816477401588885,0.012755191712994673,0.6365235247968009,0.010994762827327722
R0-zscore,ALL_THREE_PRESPECIFIED_SEEDS_COMPLETED,TA:0.1:random,TA,0.1,random,3,724,728,0.9945054945054945,4,17;29;43,0.5853097585672701,0.009052626940356112,0.6319360458805204,0.008356756367044742
R0-zscore,ALL_THREE_PRESPECIFIED_SEEDS_COMPLETED,TA:0.3:front,TA,0.3,front,1,724,728,0.9945054945054945,4,17;29;43,0.579311698257071,0.005592897368903003,0.6521552796391369,0.008437274944844197
R0-zscore,ALL_THREE_PRESPECIFIED_SEEDS_COMPLETED,TA:0.3:middle,TA,0.3,middle,1,724,728,0.9945054945054945,4,17;29;43,0.5909531797430659,0.00414797697521621,0.630986795461071,0.0074815098870715975
R0-zscore,ALL_THREE_PRESPECIFIED_SEEDS_COMPLETED,TA:0.3:back,TA,0.3,back,1,724,728,0.9945054945054945,4,17;29;43,0.5766863259309294,0.007590795952068718,0.6441515377461385,0.012652370199651031
R0-zscore,ALL_THREE_PRESPECIFIED_SEEDS_COMPLETED,TA:0.3:random,TA,0.3,random,3,724,728,0.9945054945054945,4,17;29;43,0.5901686764040538,0.002443310308966128,0.6390833207264671,0.01031994443781776
R0-zscore,ALL_THREE_PRESPECIFIED_SEEDS_COMPLETED,TA:0.5:front,TA,0.5,front,1,724,728,0.9945054945054945,4,17;29;43,0.5717353866430567,0.009096780140089477,0.6677184406216572,0.0036270246323415268
R0-zscore,ALL_THREE_PRESPECIFIED_SEEDS_COMPLETED,TA:0.5:middle,TA,0.5,middle,1,724,728,0.9945054945054945,4,17;29;43,0.5870144143877423,0.00964464179161869,0.638257636299799,0.008018495957307043
R0-zscore,ALL_THREE_PRESPECIFIED_SEEDS_COMPLETED,TA:0.5:back,TA,0.5,back,1,724,728,0.9945054945054945,4,17;29;43,0.5718434641186648,0.009772858590910519,0.6500038436604169,0.017142483151370024
R0-zscore,ALL_THREE_PRESPECIFIED_SEEDS_COMPLETED,TA:0.5:random,TA,0.5,random,3,724,728,0.9945054945054945,4,17;29;43,0.5758446229377253,0.002175899293622298,0.6496192062336449,0.007320946020879439
R0-zscore,ALL_THREE_PRESPECIFIED_SEEDS_COMPLETED,TA:0.7:front,TA,0.7,front,1,718,728,0.9862637362637363,10,17;29;43,0.5594952329396133,0.011066999354747996,0.6786531837983419,0.007713253864917123
R0-zscore,ALL_THREE_PRESPECIFIED_SEEDS_COMPLETED,TA:0.7:middle,TA,0.7,middle,1,718,728,0.9862637362637363,10,17;29;43,0.58379893563614,0.006625731998438445,0.6624886281462663,0.01227817419910315
R0-zscore,ALL_THREE_PRESPECIFIED_SEEDS_COMPLETED,TA:0.7:back,TA,0.7,back,1,718,728,0.9862637362637363,10,17;29;43,0.553854822355929,0.0033826261273271017,0.6716608145919091,0.026995720937436133
R0-zscore,ALL_THREE_PRESPECIFIED_SEEDS_COMPLETED,TA:0.7:random,TA,0.7,random,3,718,728,0.9862637362637363,10,17;29;43,0.5596355983409996,0.00655132750292737,0.673311313572086,0.018411150759341167
R0-zscore,ALL_THREE_PRESPECIFIED_SEEDS_COMPLETED,TV:0.1:front,TV,0.1,front,1,703,728,0.9656593406593407,25,17;29;43,0.5792140103418734,0.011155448467365376,0.6348019732476208,0.007218177065489416
R0-zscore,ALL_THREE_PRESPECIFIED_SEEDS_COMPLETED,TV:0.1:middle,TV,0.1,middle,1,703,728,0.9656593406593407,25,17;29;43,0.5816545502546026,0.0021864016027314218,0.6285965769849555,0.0055465419851180465
R0-zscore,ALL_THREE_PRESPECIFIED_SEEDS_COMPLETED,TV:0.1:back,TV,0.1,back,1,703,728,0.9656593406593407,25,17;29;43,0.5844788801348099,0.01276779142182926,0.6365353618624289,0.011110543845708427
R0-zscore,ALL_THREE_PRESPECIFIED_SEEDS_COMPLETED,TV:0.1:random,TV,0.1,random,3,703,728,0.9656593406593407,25,17;29;43,0.5838045558153349,0.0050669662237391435,0.6291038589006215,0.007841810117804498
R0-zscore,ALL_THREE_PRESPECIFIED_SEEDS_COMPLETED,TV:0.3:front,TV,0.3,front,1,703,728,0.9656593406593407,25,17;29;43,0.5776192834432315,0.010034681074418288,0.65260922057965,0.00517425959164298
R0-zscore,ALL_THREE_PRESPECIFIED_SEEDS_COMPLETED,TV:0.3:middle,TV,0.3,middle,1,703,728,0.9656593406593407,25,17;29;43,0.5860291762929718,0.009921651627285775,0.628379595694098,0.0051056179785588605
R0-zscore,ALL_THREE_PRESPECIFIED_SEEDS_COMPLETED,TV:0.3:back,TV,0.3,back,1,703,728,0.9656593406593407,25,17;29;43,0.5809052239084724,0.009288177654349401,0.6435297845113676,0.011716471814897227
R0-zscore,ALL_THREE_PRESPECIFIED_SEEDS_COMPLETED,TV:0.3:random,TV,0.3,random,3,703,728,0.9656593406593407,25,17;29;43,0.5791062096572096,0.005439013749219107,0.6351301488879487,0.00898329323231983
R0-zscore,ALL_THREE_PRESPECIFIED_SEEDS_COMPLETED,TV:0.5:front,TV,0.5,front,1,703,728,0.9656593406593407,25,17;29;43,0.5616793550456903,0.006579123493738713,0.6665686216682319,0.0009448979609435782
R0-zscore,ALL_THREE_PRESPECIFIED_SEEDS_COMPLETED,TV:0.5:middle,TV,0.5,middle,1,703,728,0.9656593406593407,25,17;29;43,0.5812042000811298,0.003402243096145833,0.6345625497347883,0.005655406563555844
R0-zscore,ALL_THREE_PRESPECIFIED_SEEDS_COMPLETED,TV:0.5:back,TV,0.5,back,1,703,728,0.9656593406593407,25,17;29;43,0.5754216471392616,0.011523928702048,0.6472623580344462,0.015053952690189788
R0-zscore,ALL_THREE_PRESPECIFIED_SEEDS_COMPLETED,TV:0.5:random,TV,0.5,random,3,703,728,0.9656593406593407,25,17;29;43,0.5758785163524401,0.00612381579559446,0.642662624831538,0.00783169925612424
R0-zscore,ALL_THREE_PRESPECIFIED_SEEDS_COMPLETED,TV:0.7:front,TV,0.7,front,1,694,728,0.9532967032967034,34,17;29;43,0.563877868203298,0.007304584960793627,0.6709384558921306,0.010216346228551738
R0-zscore,ALL_THREE_PRESPECIFIED_SEEDS_COMPLETED,TV:0.7:middle,TV,0.7,middle,1,694,728,0.9532967032967034,34,17;29;43,0.5806345039932567,0.0011392441591023556,0.6515769438794964,0.012033484800268432
R0-zscore,ALL_THREE_PRESPECIFIED_SEEDS_COMPLETED,TV:0.7:back,TV,0.7,back,1,694,728,0.9532967032967034,34,17;29;43,0.5542958898288134,0.013002199072778123,0.6643050427173542,0.01760852070818245
R0-zscore,ALL_THREE_PRESPECIFIED_SEEDS_COMPLETED,TV:0.7:random,TV,0.7,random,3,694,728,0.9532967032967034,34,17;29;43,0.5645759716371056,0.0009524851880559019,0.6658501348431615,0.013498187018889706
R0-zscore,ALL_THREE_PRESPECIFIED_SEEDS_COMPLETED,AV:0.1:front,AV,0.1,front,1,703,728,0.9656593406593407,25,17;29;43,0.588424622291115,0.008623830205861759,0.6316208068105297,0.0063909970591495375
R0-zscore,ALL_THREE_PRESPECIFIED_SEEDS_COMPLETED,AV:0.1:middle,AV,0.1,middle,1,703,728,0.9656593406593407,25,17;29;43,0.5898011892200778,0.007306339810541306,0.630778531372166,0.004569226651500076
R0-zscore,ALL_THREE_PRESPECIFIED_SEEDS_COMPLETED,AV:0.1:back,AV,0.1,back,1,703,728,0.9656593406593407,25,17;29;43,0.5894470149210344,0.014618320505808838,0.631594328997267,0.004898079501199153
R0-zscore,ALL_THREE_PRESPECIFIED_SEEDS_COMPLETED,AV:0.1:random,AV,0.1,random,3,703,728,0.9656593406593407,25,17;29;43,0.5910827218048985,0.013621260679772908,0.6315913635424003,0.004852098793513677
R0-zscore,ALL_THREE_PRESPECIFIED_SEEDS_COMPLETED,AV:0.3:front,AV,0.3,front,1,703,728,0.9656593406593407,25,17;29;43,0.5923319321513097,0.007882164387673862,0.6373616531473156,0.006111156700079893
R0-zscore,ALL_THREE_PRESPECIFIED_SEEDS_COMPLETED,AV:0.3:middle,AV,0.3,middle,1,703,728,0.9656593406593407,25,17;29;43,0.5874139078272718,0.005692619204700333,0.6353757559542391,0.006603239267812903
R0-zscore,ALL_THREE_PRESPECIFIED_SEEDS_COMPLETED,AV:0.3:back,AV,0.3,back,1,703,728,0.9656593406593407,25,17;29;43,0.5898433032085945,0.008545649744048332,0.6382662115243115,0.0021058548910889486
R0-zscore,ALL_THREE_PRESPECIFIED_SEEDS_COMPLETED,AV:0.3:random,AV,0.3,random,3,703,728,0.9656593406593407,25,17;29;43,0.5880835555610604,0.008755022523699122,0.6385651680684621,0.004957048011347466
R0-zscore,ALL_THREE_PRESPECIFIED_SEEDS_COMPLETED,AV:0.5:front,AV,0.5,front,1,703,728,0.9656593406593407,25,17;29;43,0.5891572464780945,0.003114076527532864,0.6444016381603647,0.01311793314995205
R0-zscore,ALL_THREE_PRESPECIFIED_SEEDS_COMPLETED,AV:0.5:middle,AV,0.5,middle,1,703,728,0.9656593406593407,25,17;29;43,0.5847828419313611,0.004293956990575359,0.6400418050146143,0.01513133253267698
R0-zscore,ALL_THREE_PRESPECIFIED_SEEDS_COMPLETED,AV:0.5:back,AV,0.5,back,1,703,728,0.9656593406593407,25,17;29;43,0.5865176406359798,0.01068292404732993,0.6446780326304787,0.011442687113889169
R0-zscore,ALL_THREE_PRESPECIFIED_SEEDS_COMPLETED,AV:0.5:random,AV,0.5,random,3,703,728,0.9656593406593407,25,17;29;43,0.5882866782670706,0.005833121773339944,0.6437930505792696,0.013809161303240034
R0-zscore,ALL_THREE_PRESPECIFIED_SEEDS_COMPLETED,AV:0.7:front,AV,0.7,front,1,694,728,0.9532967032967034,34,17;29;43,0.5832015194841103,0.0041709807206992055,0.6484855305061368,0.022839672576736747
R0-zscore,ALL_THREE_PRESPECIFIED_SEEDS_COMPLETED,AV:0.7:middle,AV,0.7,middle,1,694,728,0.9532967032967034,34,17;29;43,0.581366796831282,0.0024200222181346006,0.6514413110183611,0.023794739042033976
R0-zscore,ALL_THREE_PRESPECIFIED_SEEDS_COMPLETED,AV:0.7:back,AV,0.7,back,1,694,728,0.9532967032967034,34,17;29;43,0.5792786353061578,0.004628021569248833,0.6532058087631722,0.022856092133752958
R0-zscore,ALL_THREE_PRESPECIFIED_SEEDS_COMPLETED,AV:0.7:random,AV,0.7,random,3,694,728,0.9532967032967034,34,17;29;43,0.5831543585229014,0.003295034673546821,0.6515979108488451,0.02177413607394572
