configuration,status,condition,target_modality_group,nominal_supported_window_fraction,position,random_replicates,eligible_count,total_count,coverage,CLEAN_ONCE_fallback_count,seed,macro_F1,MAE
B-A-identity,ALL_THREE_PRESPECIFIED_SEEDS_COMPLETED,T:0.1:front,T,0.1,front,1,728,728,1.0,0,17,0.3067195106070592,0.7875848845057419
B-A-identity,ALL_THREE_PRESPECIFIED_SEEDS_COMPLETED,T:0.1:front,T,0.1,front,1,728,728,1.0,0,29,0.32129685632138966,0.8579859431259907
B-A-identity,ALL_THREE_PRESPECIFIED_SEEDS_COMPLETED,T:0.1:front,T,0.1,front,1,728,728,1.0,0,43,0.29467816271417746,0.8105619313658451
B-A-identity,ALL_THREE_PRESPECIFIED_SEEDS_COMPLETED,T:0.1:middle,T,0.1,middle,1,728,728,1.0,0,17,0.3067195106070592,0.7875848845057419
B-A-identity,ALL_THREE_PRESPECIFIED_SEEDS_COMPLETED,T:0.1:middle,T,0.1,middle,1,728,728,1.0,0,29,0.32129685632138966,0.8579859431259907
B-A-identity,ALL_THREE_PRESPECIFIED_SEEDS_COMPLETED,T:0.1:middle,T,0.1,middle,1,728,728,1.0,0,43,0.29467816271417746,0.8105619313658451
B-A-identity,ALL_THREE_PRESPECIFIED_SEEDS_COMPLETED,T:0.1:back,T,0.1,back,1,728,728,1.0,0,17,0.3067195106070592,0.7875848845057419
B-A-identity,ALL_THREE_PRESPECIFIED_SEEDS_COMPLETED,T:0.1:back,T,0.1,back,1,728,728,1.0,0,29,0.32129685632138966,0.8579859431259907
B-A-identity,ALL_THREE_PRESPECIFIED_SEEDS_COMPLETED,T:0.1:back,T,0.1,back,1,728,728,1.0,0,43,0.29467816271417746,0.8105619313658451
B-A-identity,ALL_THREE_PRESPECIFIED_SEEDS_COMPLETED,T:0.1:random,T,0.1,random,3,728,728,1.0,0,17,0.3067195106070592,0.7875848845057419
B-A-identity,ALL_THREE_PRESPECIFIED_SEEDS_COMPLETED,T:0.1:random,T,0.1,random,3,728,728,1.0,0,29,0.32129685632138966,0.8579859431259907
B-A-identity,ALL_THREE_PRESPECIFIED_SEEDS_COMPLETED,T:0.1:random,T,0.1,random,3,728,728,1.0,0,43,0.29467816271417746,0.8105619313658451
B-A-identity,ALL_THREE_PRESPECIFIED_SEEDS_COMPLETED,T:0.3:front,T,0.3,front,1,728,728,1.0,0,17,0.3067195106070592,0.7875848845057419
B-A-identity,ALL_THREE_PRESPECIFIED_SEEDS_COMPLETED,T:0.3:front,T,0.3,front,1,728,728,1.0,0,29,0.32129685632138966,0.8579859431259907
B-A-identity,ALL_THREE_PRESPECIFIED_SEEDS_COMPLETED,T:0.3:front,T,0.3,front,1,728,728,1.0,0,43,0.29467816271417746,0.8105619313658451
B-A-identity,ALL_THREE_PRESPECIFIED_SEEDS_COMPLETED,T:0.3:middle,T,0.3,middle,1,728,728,1.0,0,17,0.3067195106070592,0.7875848845057419
B-A-identity,ALL_THREE_PRESPECIFIED_SEEDS_COMPLETED,T:0.3:middle,T,0.3,middle,1,728,728,1.0,0,29,0.32129685632138966,0.8579859431259907
B-A-identity,ALL_THREE_PRESPECIFIED_SEEDS_COMPLETED,T:0.3:middle,T,0.3,middle,1,728,728,1.0,0,43,0.29467816271417746,0.8105619313658451
B-A-identity,ALL_THREE_PRESPECIFIED_SEEDS_COMPLETED,T:0.3:back,T,0.3,back,1,728,728,1.0,0,17,0.3067195106070592,0.7875848845057419
B-A-identity,ALL_THREE_PRESPECIFIED_SEEDS_COMPLETED,T:0.3:back,T,0.3,back,1,728,728,1.0,0,29,0.32129685632138966,0.8579859431259907
B-A-identity,ALL_THREE_PRESPECIFIED_SEEDS_COMPLETED,T:0.3:back,T,0.3,back,1,728,728,1.0,0,43,0.29467816271417746,0.8105619313658451
B-A-identity,ALL_THREE_PRESPECIFIED_SEEDS_COMPLETED,T:0.3:random,T,0.3,random,3,728,728,1.0,0,17,0.3067195106070592,0.7875848845057419
B-A-identity,ALL_THREE_PRESPECIFIED_SEEDS_COMPLETED,T:0.3:random,T,0.3,random,3,728,728,1.0,0,29,0.32129685632138966,0.8579859431259907
B-A-identity,ALL_THREE_PRESPECIFIED_SEEDS_COMPLETED,T:0.3:random,T,0.3,random,3,728,728,1.0,0,43,0.29467816271417746,0.8105619313658451
B-A-identity,ALL_THREE_PRESPECIFIED_SEEDS_COMPLETED,T:0.5:front,T,0.5,front,1,728,728,1.0,0,17,0.3067195106070592,0.7875848845057419
B-A-identity,ALL_THREE_PRESPECIFIED_SEEDS_COMPLETED,T:0.5:front,T,0.5,front,1,728,728,1.0,0,29,0.32129685632138966,0.8579859431259907
B-A-identity,ALL_THREE_PRESPECIFIED_SEEDS_COMPLETED,T:0.5:front,T,0.5,front,1,728,728,1.0,0,43,0.29467816271417746,0.8105619313658451
B-A-identity,ALL_THREE_PRESPECIFIED_SEEDS_COMPLETED,T:0.5:middle,T,0.5,middle,1,728,728,1.0,0,17,0.3067195106070592,0.7875848845057419
B-A-identity,ALL_THREE_PRESPECIFIED_SEEDS_COMPLETED,T:0.5:middle,T,0.5,middle,1,728,728,1.0,0,29,0.32129685632138966,0.8579859431259907
B-A-identity,ALL_THREE_PRESPECIFIED_SEEDS_COMPLETED,T:0.5:middle,T,0.5,middle,1,728,728,1.0,0,43,0.29467816271417746,0.8105619313658451
B-A-identity,ALL_THREE_PRESPECIFIED_SEEDS_COMPLETED,T:0.5:back,T,0.5,back,1,728,728,1.0,0,17,0.3067195106070592,0.7875848845057419
B-A-identity,ALL_THREE_PRESPECIFIED_SEEDS_COMPLETED,T:0.5:back,T,0.5,back,1,728,728,1.0,0,29,0.32129685632138966,0.8579859431259907
B-A-identity,ALL_THREE_PRESPECIFIED_SEEDS_COMPLETED,T:0.5:back,T,0.5,back,1,728,728,1.0,0,43,0.29467816271417746,0.8105619313658451
B-A-identity,ALL_THREE_PRESPECIFIED_SEEDS_COMPLETED,T:0.5:random,T,0.5,random,3,728,728,1.0,0,17,0.3067195106070592,0.7875848845057419
B-A-identity,ALL_THREE_PRESPECIFIED_SEEDS_COMPLETED,T:0.5:random,T,0.5,random,3,728,728,1.0,0,29,0.32129685632138966,0.8579859431259907
B-A-identity,ALL_THREE_PRESPECIFIED_SEEDS_COMPLETED,T:0.5:random,T,0.5,random,3,728,728,1.0,0,43,0.29467816271417746,0.8105619313658451
B-A-identity,ALL_THREE_PRESPECIFIED_SEEDS_COMPLETED,T:0.7:front,T,0.7,front,1,728,728,1.0,0,17,0.3067195106070592,0.7875848845057419
B-A-identity,ALL_THREE_PRESPECIFIED_SEEDS_COMPLETED,T:0.7:front,T,0.7,front,1,728,728,1.0,0,29,0.32129685632138966,0.8579859431259907
B-A-identity,ALL_THREE_PRESPECIFIED_SEEDS_COMPLETED,T:0.7:front,T,0.7,front,1,728,728,1.0,0,43,0.29467816271417746,0.8105619313658451
B-A-identity,ALL_THREE_PRESPECIFIED_SEEDS_COMPLETED,T:0.7:middle,T,0.7,middle,1,728,728,1.0,0,17,0.3067195106070592,0.7875848845057419
B-A-identity,ALL_THREE_PRESPECIFIED_SEEDS_COMPLETED,T:0.7:middle,T,0.7,middle,1,728,728,1.0,0,29,0.32129685632138966,0.8579859431259907
B-A-identity,ALL_THREE_PRESPECIFIED_SEEDS_COMPLETED,T:0.7:middle,T,0.7,middle,1,728,728,1.0,0,43,0.29467816271417746,0.8105619313658451
B-A-identity,ALL_THREE_PRESPECIFIED_SEEDS_COMPLETED,T:0.7:back,T,0.7,back,1,728,728,1.0,0,17,0.3067195106070592,0.7875848845057419
B-A-identity,ALL_THREE_PRESPECIFIED_SEEDS_COMPLETED,T:0.7:back,T,0.7,back,1,728,728,1.0,0,29,0.32129685632138966,0.8579859431259907
B-A-identity,ALL_THREE_PRESPECIFIED_SEEDS_COMPLETED,T:0.7:back,T,0.7,back,1,728,728,1.0,0,43,0.29467816271417746,0.8105619313658451
B-A-identity,ALL_THREE_PRESPECIFIED_SEEDS_COMPLETED,T:0.7:random,T,0.7,random,3,728,728,1.0,0,17,0.3067195106070592,0.7875848845057419
B-A-identity,ALL_THREE_PRESPECIFIED_SEEDS_COMPLETED,T:0.7:random,T,0.7,random,3,728,728,1.0,0,29,0.32129685632138966,0.8579859431259907
B-A-identity,ALL_THREE_PRESPECIFIED_SEEDS_COMPLETED,T:0.7:random,T,0.7,random,3,728,728,1.0,0,43,0.29467816271417746,0.8105619313658451
B-A-identity,ALL_THREE_PRESPECIFIED_SEEDS_COMPLETED,A:0.1:front,A,0.1,front,1,724,728,0.9945054945054945,4,17,0.3065923448532144,0.7875099910452263
B-A-identity,ALL_THREE_PRESPECIFIED_SEEDS_COMPLETED,A:0.1:front,A,0.1,front,1,724,728,0.9945054945054945,4,29,0.32500178492752674,0.8592661759172627
B-A-identity,ALL_THREE_PRESPECIFIED_SEEDS_COMPLETED,A:0.1:front,A,0.1,front,1,724,728,0.9945054945054945,4,43,0.2865337797593232,0.8109500609414402
B-A-identity,ALL_THREE_PRESPECIFIED_SEEDS_COMPLETED,A:0.1:middle,A,0.1,middle,1,724,728,0.9945054945054945,4,17,0.2976144671027318,0.7874596532019096
B-A-identity,ALL_THREE_PRESPECIFIED_SEEDS_COMPLETED,A:0.1:middle,A,0.1,middle,1,724,728,0.9945054945054945,4,29,0.306915132177501,0.8581594278240208
B-A-identity,ALL_THREE_PRESPECIFIED_SEEDS_COMPLETED,A:0.1:middle,A,0.1,middle,1,724,728,0.9945054945054945,4,43,0.28641749782985354,0.8100539969445391
B-A-identity,ALL_THREE_PRESPECIFIED_SEEDS_COMPLETED,A:0.1:back,A,0.1,back,1,724,728,0.9945054945054945,4,17,0.3035171441331587,0.7881439881860458
B-A-identity,ALL_THREE_PRESPECIFIED_SEEDS_COMPLETED,A:0.1:back,A,0.1,back,1,724,728,0.9945054945054945,4,29,0.3188211805446568,0.8595784335265417
B-A-identity,ALL_THREE_PRESPECIFIED_SEEDS_COMPLETED,A:0.1:back,A,0.1,back,1,724,728,0.9945054945054945,4,43,0.2907270233196159,0.8114580041178819
B-A-identity,ALL_THREE_PRESPECIFIED_SEEDS_COMPLETED,A:0.1:random,A,0.1,random,3,724,728,0.9945054945054945,4,17,0.29986307089134634,0.7882704102073245
B-A-identity,ALL_THREE_PRESPECIFIED_SEEDS_COMPLETED,A:0.1:random,A,0.1,random,3,724,728,0.9945054945054945,4,29,0.3186781266079324,0.8591772380741564
B-A-identity,ALL_THREE_PRESPECIFIED_SEEDS_COMPLETED,A:0.1:random,A,0.1,random,3,724,728,0.9945054945054945,4,43,0.2842573088938272,0.811418022857335
B-A-identity,ALL_THREE_PRESPECIFIED_SEEDS_COMPLETED,A:0.3:front,A,0.3,front,1,724,728,0.9945054945054945,4,17,0.3010212948970604,0.7892228153405985
B-A-identity,ALL_THREE_PRESPECIFIED_SEEDS_COMPLETED,A:0.3:front,A,0.3,front,1,724,728,0.9945054945054945,4,29,0.319611393111157,0.8643498905745058
B-A-identity,ALL_THREE_PRESPECIFIED_SEEDS_COMPLETED,A:0.3:front,A,0.3,front,1,724,728,0.9945054945054945,4,43,0.2826772509786864,0.8131373669826784
B-A-identity,ALL_THREE_PRESPECIFIED_SEEDS_COMPLETED,A:0.3:middle,A,0.3,middle,1,724,728,0.9945054945054945,4,17,0.2984468339307049,0.7881684723162414
B-A-identity,ALL_THREE_PRESPECIFIED_SEEDS_COMPLETED,A:0.3:middle,A,0.3,middle,1,724,728,0.9945054945054945,4,29,0.3078035766054888,0.8569639618003199
B-A-identity,ALL_THREE_PRESPECIFIED_SEEDS_COMPLETED,A:0.3:middle,A,0.3,middle,1,724,728,0.9945054945054945,4,43,0.29441169325728517,0.8103239333556432
B-A-identity,ALL_THREE_PRESPECIFIED_SEEDS_COMPLETED,A:0.3:back,A,0.3,back,1,724,728,0.9945054945054945,4,17,0.30995895857381045,0.789719444795852
B-A-identity,ALL_THREE_PRESPECIFIED_SEEDS_COMPLETED,A:0.3:back,A,0.3,back,1,724,728,0.9945054945054945,4,29,0.32827434393979366,0.8597236216951937
B-A-identity,ALL_THREE_PRESPECIFIED_SEEDS_COMPLETED,A:0.3:back,A,0.3,back,1,724,728,0.9945054945054945,4,43,0.28560626960528873,0.814066776463373
B-A-identity,ALL_THREE_PRESPECIFIED_SEEDS_COMPLETED,A:0.3:random,A,0.3,random,3,724,728,0.9945054945054945,4,17,0.30274885715584227,0.7900447105780336
B-A-identity,ALL_THREE_PRESPECIFIED_SEEDS_COMPLETED,A:0.3:random,A,0.3,random,3,724,728,0.9945054945054945,4,29,0.31376475959322264,0.8626581294114118
B-A-identity,ALL_THREE_PRESPECIFIED_SEEDS_COMPLETED,A:0.3:random,A,0.3,random,3,724,728,0.9945054945054945,4,43,0.285341964768097,0.8150861727463119
B-A-identity,ALL_THREE_PRESPECIFIED_SEEDS_COMPLETED,A:0.5:front,A,0.5,front,1,724,728,0.9945054945054945,4,17,0.29868730987299225,0.7921032587360209
B-A-identity,ALL_THREE_PRESPECIFIED_SEEDS_COMPLETED,A:0.5:front,A,0.5,front,1,724,728,0.9945054945054945,4,29,0.3243045166427939,0.867410306119012
B-A-identity,ALL_THREE_PRESPECIFIED_SEEDS_COMPLETED,A:0.5:front,A,0.5,front,1,724,728,0.9945054945054945,4,43,0.27895638021937036,0.8144935027582335
B-A-identity,ALL_THREE_PRESPECIFIED_SEEDS_COMPLETED,A:0.5:middle,A,0.5,middle,1,724,728,0.9945054945054945,4,17,0.3032706433637285,0.7898008891683236
B-A-identity,ALL_THREE_PRESPECIFIED_SEEDS_COMPLETED,A:0.5:middle,A,0.5,middle,1,724,728,0.9945054945054945,4,29,0.30339424821241096,0.8593097780012413
B-A-identity,ALL_THREE_PRESPECIFIED_SEEDS_COMPLETED,A:0.5:middle,A,0.5,middle,1,724,728,0.9945054945054945,4,43,0.28987047311542297,0.8104193069201966
B-A-identity,ALL_THREE_PRESPECIFIED_SEEDS_COMPLETED,A:0.5:back,A,0.5,back,1,724,728,0.9945054945054945,4,17,0.3075731981981982,0.7931253245358796
B-A-identity,ALL_THREE_PRESPECIFIED_SEEDS_COMPLETED,A:0.5:back,A,0.5,back,1,724,728,0.9945054945054945,4,29,0.3196893756043416,0.8589366507412006
B-A-identity,ALL_THREE_PRESPECIFIED_SEEDS_COMPLETED,A:0.5:back,A,0.5,back,1,724,728,0.9945054945054945,4,43,0.2879967515844853,0.8162570973712079
B-A-identity,ALL_THREE_PRESPECIFIED_SEEDS_COMPLETED,A:0.5:random,A,0.5,random,3,724,728,0.9945054945054945,4,17,0.30533479866311203,0.7887369581914934
B-A-identity,ALL_THREE_PRESPECIFIED_SEEDS_COMPLETED,A:0.5:random,A,0.5,random,3,724,728,0.9945054945054945,4,29,0.32145567586605117,0.8604336456375856
B-A-identity,ALL_THREE_PRESPECIFIED_SEEDS_COMPLETED,A:0.5:random,A,0.5,random,3,724,728,0.9945054945054945,4,43,0.2909233466715222,0.81090341635907
B-A-identity,ALL_THREE_PRESPECIFIED_SEEDS_COMPLETED,A:0.7:front,A,0.7,front,1,718,728,0.9862637362637363,10,17,0.29518276320245945,0.8007830073893873
B-A-identity,ALL_THREE_PRESPECIFIED_SEEDS_COMPLETED,A:0.7:front,A,0.7,front,1,718,728,0.9862637362637363,10,29,0.32476018054483563,0.8795809646870731
B-A-identity,ALL_THREE_PRESPECIFIED_SEEDS_COMPLETED,A:0.7:front,A,0.7,front,1,718,728,0.9862637362637363,10,43,0.2695845390657296,0.8202529492094642
B-A-identity,ALL_THREE_PRESPECIFIED_SEEDS_COMPLETED,A:0.7:middle,A,0.7,middle,1,718,728,0.9862637362637363,10,17,0.3014975937183384,0.7937794222850173
B-A-identity,ALL_THREE_PRESPECIFIED_SEEDS_COMPLETED,A:0.7:middle,A,0.7,middle,1,718,728,0.9862637362637363,10,29,0.3124728983018032,0.8669927058467043
B-A-identity,ALL_THREE_PRESPECIFIED_SEEDS_COMPLETED,A:0.7:middle,A,0.7,middle,1,718,728,0.9862637362637363,10,43,0.27967473146162275,0.8133364891867502
B-A-identity,ALL_THREE_PRESPECIFIED_SEEDS_COMPLETED,A:0.7:back,A,0.7,back,1,718,728,0.9862637362637363,10,17,0.29245169419096767,0.7952884318253312
B-A-identity,ALL_THREE_PRESPECIFIED_SEEDS_COMPLETED,A:0.7:back,A,0.7,back,1,718,728,0.9862637362637363,10,29,0.2966983682734227,0.8619617509179439
B-A-identity,ALL_THREE_PRESPECIFIED_SEEDS_COMPLETED,A:0.7:back,A,0.7,back,1,718,728,0.9862637362637363,10,43,0.3042864087013542,0.8182471622828046
B-A-identity,ALL_THREE_PRESPECIFIED_SEEDS_COMPLETED,A:0.7:random,A,0.7,random,3,718,728,0.9862637362637363,10,17,0.29398749693838294,0.7952427234547127
B-A-identity,ALL_THREE_PRESPECIFIED_SEEDS_COMPLETED,A:0.7:random,A,0.7,random,3,718,728,0.9862637362637363,10,29,0.3158959067635522,0.8709687430687371
B-A-identity,ALL_THREE_PRESPECIFIED_SEEDS_COMPLETED,A:0.7:random,A,0.7,random,3,718,728,0.9862637362637363,10,43,0.2824881986291278,0.8190906997753014
B-A-identity,ALL_THREE_PRESPECIFIED_SEEDS_COMPLETED,V:0.1:front,V,0.1,front,1,703,728,0.9656593406593407,25,17,0.3067195106070592,0.7875848845057419
B-A-identity,ALL_THREE_PRESPECIFIED_SEEDS_COMPLETED,V:0.1:front,V,0.1,front,1,703,728,0.9656593406593407,25,29,0.32129685632138966,0.8579859431259907
B-A-identity,ALL_THREE_PRESPECIFIED_SEEDS_COMPLETED,V:0.1:front,V,0.1,front,1,703,728,0.9656593406593407,25,43,0.29467816271417746,0.8105619313658451
B-A-identity,ALL_THREE_PRESPECIFIED_SEEDS_COMPLETED,V:0.1:middle,V,0.1,middle,1,703,728,0.9656593406593407,25,17,0.3067195106070592,0.7875848845057419
B-A-identity,ALL_THREE_PRESPECIFIED_SEEDS_COMPLETED,V:0.1:middle,V,0.1,middle,1,703,728,0.9656593406593407,25,29,0.32129685632138966,0.8579859431259907
B-A-identity,ALL_THREE_PRESPECIFIED_SEEDS_COMPLETED,V:0.1:middle,V,0.1,middle,1,703,728,0.9656593406593407,25,43,0.29467816271417746,0.8105619313658451
B-A-identity,ALL_THREE_PRESPECIFIED_SEEDS_COMPLETED,V:0.1:back,V,0.1,back,1,703,728,0.9656593406593407,25,17,0.3067195106070592,0.7875848845057419
B-A-identity,ALL_THREE_PRESPECIFIED_SEEDS_COMPLETED,V:0.1:back,V,0.1,back,1,703,728,0.9656593406593407,25,29,0.32129685632138966,0.8579859431259907
B-A-identity,ALL_THREE_PRESPECIFIED_SEEDS_COMPLETED,V:0.1:back,V,0.1,back,1,703,728,0.9656593406593407,25,43,0.29467816271417746,0.8105619313658451
B-A-identity,ALL_THREE_PRESPECIFIED_SEEDS_COMPLETED,V:0.1:random,V,0.1,random,3,703,728,0.9656593406593407,25,17,0.3067195106070592,0.7875848845057419
B-A-identity,ALL_THREE_PRESPECIFIED_SEEDS_COMPLETED,V:0.1:random,V,0.1,random,3,703,728,0.9656593406593407,25,29,0.32129685632138966,0.8579859431259907
B-A-identity,ALL_THREE_PRESPECIFIED_SEEDS_COMPLETED,V:0.1:random,V,0.1,random,3,703,728,0.9656593406593407,25,43,0.29467816271417746,0.8105619313658451
B-A-identity,ALL_THREE_PRESPECIFIED_SEEDS_COMPLETED,V:0.3:front,V,0.3,front,1,703,728,0.9656593406593407,25,17,0.3067195106070592,0.7875848845057419
B-A-identity,ALL_THREE_PRESPECIFIED_SEEDS_COMPLETED,V:0.3:front,V,0.3,front,1,703,728,0.9656593406593407,25,29,0.32129685632138966,0.8579859431259907
B-A-identity,ALL_THREE_PRESPECIFIED_SEEDS_COMPLETED,V:0.3:front,V,0.3,front,1,703,728,0.9656593406593407,25,43,0.29467816271417746,0.8105619313658451
B-A-identity,ALL_THREE_PRESPECIFIED_SEEDS_COMPLETED,V:0.3:middle,V,0.3,middle,1,703,728,0.9656593406593407,25,17,0.3067195106070592,0.7875848845057419
B-A-identity,ALL_THREE_PRESPECIFIED_SEEDS_COMPLETED,V:0.3:middle,V,0.3,middle,1,703,728,0.9656593406593407,25,29,0.32129685632138966,0.8579859431259907
B-A-identity,ALL_THREE_PRESPECIFIED_SEEDS_COMPLETED,V:0.3:middle,V,0.3,middle,1,703,728,0.9656593406593407,25,43,0.29467816271417746,0.8105619313658451
B-A-identity,ALL_THREE_PRESPECIFIED_SEEDS_COMPLETED,V:0.3:back,V,0.3,back,1,703,728,0.9656593406593407,25,17,0.3067195106070592,0.7875848845057419
B-A-identity,ALL_THREE_PRESPECIFIED_SEEDS_COMPLETED,V:0.3:back,V,0.3,back,1,703,728,0.9656593406593407,25,29,0.32129685632138966,0.8579859431259907
B-A-identity,ALL_THREE_PRESPECIFIED_SEEDS_COMPLETED,V:0.3:back,V,0.3,back,1,703,728,0.9656593406593407,25,43,0.29467816271417746,0.8105619313658451
B-A-identity,ALL_THREE_PRESPECIFIED_SEEDS_COMPLETED,V:0.3:random,V,0.3,random,3,703,728,0.9656593406593407,25,17,0.3067195106070592,0.7875848845057419
B-A-identity,ALL_THREE_PRESPECIFIED_SEEDS_COMPLETED,V:0.3:random,V,0.3,random,3,703,728,0.9656593406593407,25,29,0.32129685632138966,0.8579859431259907
B-A-identity,ALL_THREE_PRESPECIFIED_SEEDS_COMPLETED,V:0.3:random,V,0.3,random,3,703,728,0.9656593406593407,25,43,0.29467816271417746,0.8105619313658451
B-A-identity,ALL_THREE_PRESPECIFIED_SEEDS_COMPLETED,V:0.5:front,V,0.5,front,1,703,728,0.9656593406593407,25,17,0.3067195106070592,0.7875848845057419
B-A-identity,ALL_THREE_PRESPECIFIED_SEEDS_COMPLETED,V:0.5:front,V,0.5,front,1,703,728,0.9656593406593407,25,29,0.32129685632138966,0.8579859431259907
B-A-identity,ALL_THREE_PRESPECIFIED_SEEDS_COMPLETED,V:0.5:front,V,0.5,front,1,703,728,0.9656593406593407,25,43,0.29467816271417746,0.8105619313658451
B-A-identity,ALL_THREE_PRESPECIFIED_SEEDS_COMPLETED,V:0.5:middle,V,0.5,middle,1,703,728,0.9656593406593407,25,17,0.3067195106070592,0.7875848845057419
B-A-identity,ALL_THREE_PRESPECIFIED_SEEDS_COMPLETED,V:0.5:middle,V,0.5,middle,1,703,728,0.9656593406593407,25,29,0.32129685632138966,0.8579859431259907
B-A-identity,ALL_THREE_PRESPECIFIED_SEEDS_COMPLETED,V:0.5:middle,V,0.5,middle,1,703,728,0.9656593406593407,25,43,0.29467816271417746,0.8105619313658451
B-A-identity,ALL_THREE_PRESPECIFIED_SEEDS_COMPLETED,V:0.5:back,V,0.5,back,1,703,728,0.9656593406593407,25,17,0.3067195106070592,0.7875848845057419
B-A-identity,ALL_THREE_PRESPECIFIED_SEEDS_COMPLETED,V:0.5:back,V,0.5,back,1,703,728,0.9656593406593407,25,29,0.32129685632138966,0.8579859431259907
B-A-identity,ALL_THREE_PRESPECIFIED_SEEDS_COMPLETED,V:0.5:back,V,0.5,back,1,703,728,0.9656593406593407,25,43,0.29467816271417746,0.8105619313658451
B-A-identity,ALL_THREE_PRESPECIFIED_SEEDS_COMPLETED,V:0.5:random,V,0.5,random,3,703,728,0.9656593406593407,25,17,0.3067195106070592,0.7875848845057419
B-A-identity,ALL_THREE_PRESPECIFIED_SEEDS_COMPLETED,V:0.5:random,V,0.5,random,3,703,728,0.9656593406593407,25,29,0.32129685632138966,0.8579859431259907
B-A-identity,ALL_THREE_PRESPECIFIED_SEEDS_COMPLETED,V:0.5:random,V,0.5,random,3,703,728,0.9656593406593407,25,43,0.29467816271417746,0.8105619313658451
B-A-identity,ALL_THREE_PRESPECIFIED_SEEDS_COMPLETED,V:0.7:front,V,0.7,front,1,694,728,0.9532967032967034,34,17,0.3067195106070592,0.7875848845057419
B-A-identity,ALL_THREE_PRESPECIFIED_SEEDS_COMPLETED,V:0.7:front,V,0.7,front,1,694,728,0.9532967032967034,34,29,0.32129685632138966,0.8579859431259907
B-A-identity,ALL_THREE_PRESPECIFIED_SEEDS_COMPLETED,V:0.7:front,V,0.7,front,1,694,728,0.9532967032967034,34,43,0.29467816271417746,0.8105619313658451
B-A-identity,ALL_THREE_PRESPECIFIED_SEEDS_COMPLETED,V:0.7:middle,V,0.7,middle,1,694,728,0.9532967032967034,34,17,0.3067195106070592,0.7875848845057419
B-A-identity,ALL_THREE_PRESPECIFIED_SEEDS_COMPLETED,V:0.7:middle,V,0.7,middle,1,694,728,0.9532967032967034,34,29,0.32129685632138966,0.8579859431259907
B-A-identity,ALL_THREE_PRESPECIFIED_SEEDS_COMPLETED,V:0.7:middle,V,0.7,middle,1,694,728,0.9532967032967034,34,43,0.29467816271417746,0.8105619313658451
B-A-identity,ALL_THREE_PRESPECIFIED_SEEDS_COMPLETED,V:0.7:back,V,0.7,back,1,694,728,0.9532967032967034,34,17,0.3067195106070592,0.7875848845057419
B-A-identity,ALL_THREE_PRESPECIFIED_SEEDS_COMPLETED,V:0.7:back,V,0.7,back,1,694,728,0.9532967032967034,34,29,0.32129685632138966,0.8579859431259907
B-A-identity,ALL_THREE_PRESPECIFIED_SEEDS_COMPLETED,V:0.7:back,V,0.7,back,1,694,728,0.9532967032967034,34,43,0.29467816271417746,0.8105619313658451
B-A-identity,ALL_THREE_PRESPECIFIED_SEEDS_COMPLETED,V:0.7:random,V,0.7,random,3,694,728,0.9532967032967034,34,17,0.3067195106070592,0.7875848845057419
B-A-identity,ALL_THREE_PRESPECIFIED_SEEDS_COMPLETED,V:0.7:random,V,0.7,random,3,694,728,0.9532967032967034,34,29,0.32129685632138966,0.8579859431259907
B-A-identity,ALL_THREE_PRESPECIFIED_SEEDS_COMPLETED,V:0.7:random,V,0.7,random,3,694,728,0.9532967032967034,34,43,0.29467816271417746,0.8105619313658451
B-A-identity,ALL_THREE_PRESPECIFIED_SEEDS_COMPLETED,TA:0.1:front,TA,0.1,front,1,724,728,0.9945054945054945,4,17,0.3065923448532144,0.7875099910452263
B-A-identity,ALL_THREE_PRESPECIFIED_SEEDS_COMPLETED,TA:0.1:front,TA,0.1,front,1,724,728,0.9945054945054945,4,29,0.32500178492752674,0.8592661759172627
B-A-identity,ALL_THREE_PRESPECIFIED_SEEDS_COMPLETED,TA:0.1:front,TA,0.1,front,1,724,728,0.9945054945054945,4,43,0.2865337797593232,0.8109500609414402
B-A-identity,ALL_THREE_PRESPECIFIED_SEEDS_COMPLETED,TA:0.1:middle,TA,0.1,middle,1,724,728,0.9945054945054945,4,17,0.2976144671027318,0.7874596532019096
B-A-identity,ALL_THREE_PRESPECIFIED_SEEDS_COMPLETED,TA:0.1:middle,TA,0.1,middle,1,724,728,0.9945054945054945,4,29,0.306915132177501,0.8581594278240208
B-A-identity,ALL_THREE_PRESPECIFIED_SEEDS_COMPLETED,TA:0.1:middle,TA,0.1,middle,1,724,728,0.9945054945054945,4,43,0.28641749782985354,0.8100539969445391
B-A-identity,ALL_THREE_PRESPECIFIED_SEEDS_COMPLETED,TA:0.1:back,TA,0.1,back,1,724,728,0.9945054945054945,4,17,0.3035171441331587,0.7881439881860458
B-A-identity,ALL_THREE_PRESPECIFIED_SEEDS_COMPLETED,TA:0.1:back,TA,0.1,back,1,724,728,0.9945054945054945,4,29,0.3188211805446568,0.8595784335265417
B-A-identity,ALL_THREE_PRESPECIFIED_SEEDS_COMPLETED,TA:0.1:back,TA,0.1,back,1,724,728,0.9945054945054945,4,43,0.2907270233196159,0.8114580041178819
B-A-identity,ALL_THREE_PRESPECIFIED_SEEDS_COMPLETED,TA:0.1:random,TA,0.1,random,3,724,728,0.9945054945054945,4,17,0.3063095176519285,0.7879112074245983
B-A-identity,ALL_THREE_PRESPECIFIED_SEEDS_COMPLETED,TA:0.1:random,TA,0.1,random,3,724,728,0.9945054945054945,4,29,0.3193789414757245,0.8585948227987251
B-A-identity,ALL_THREE_PRESPECIFIED_SEEDS_COMPLETED,TA:0.1:random,TA,0.1,random,3,724,728,0.9945054945054945,4,43,0.2832181202900964,0.8106560312061624
B-A-identity,ALL_THREE_PRESPECIFIED_SEEDS_COMPLETED,TA:0.3:front,TA,0.3,front,1,724,728,0.9945054945054945,4,17,0.3010212948970604,0.7892228153405985
B-A-identity,ALL_THREE_PRESPECIFIED_SEEDS_COMPLETED,TA:0.3:front,TA,0.3,front,1,724,728,0.9945054945054945,4,29,0.319611393111157,0.8643498905745058
B-A-identity,ALL_THREE_PRESPECIFIED_SEEDS_COMPLETED,TA:0.3:front,TA,0.3,front,1,724,728,0.9945054945054945,4,43,0.2826772509786864,0.8131373669826784
B-A-identity,ALL_THREE_PRESPECIFIED_SEEDS_COMPLETED,TA:0.3:middle,TA,0.3,middle,1,724,728,0.9945054945054945,4,17,0.2984468339307049,0.7881684723162414
B-A-identity,ALL_THREE_PRESPECIFIED_SEEDS_COMPLETED,TA:0.3:middle,TA,0.3,middle,1,724,728,0.9945054945054945,4,29,0.3078035766054888,0.8569639618003199
B-A-identity,ALL_THREE_PRESPECIFIED_SEEDS_COMPLETED,TA:0.3:middle,TA,0.3,middle,1,724,728,0.9945054945054945,4,43,0.29441169325728517,0.8103239333556432
B-A-identity,ALL_THREE_PRESPECIFIED_SEEDS_COMPLETED,TA:0.3:back,TA,0.3,back,1,724,728,0.9945054945054945,4,17,0.30995895857381045,0.789719444795852
B-A-identity,ALL_THREE_PRESPECIFIED_SEEDS_COMPLETED,TA:0.3:back,TA,0.3,back,1,724,728,0.9945054945054945,4,29,0.32827434393979366,0.8597236216951937
B-A-identity,ALL_THREE_PRESPECIFIED_SEEDS_COMPLETED,TA:0.3:back,TA,0.3,back,1,724,728,0.9945054945054945,4,43,0.28560626960528873,0.814066776463373
B-A-identity,ALL_THREE_PRESPECIFIED_SEEDS_COMPLETED,TA:0.3:random,TA,0.3,random,3,724,728,0.9945054945054945,4,17,0.3016316417320201,0.790761054327819
B-A-identity,ALL_THREE_PRESPECIFIED_SEEDS_COMPLETED,TA:0.3:random,TA,0.3,random,3,724,728,0.9945054945054945,4,29,0.3087166041121032,0.8581776298221581
B-A-identity,ALL_THREE_PRESPECIFIED_SEEDS_COMPLETED,TA:0.3:random,TA,0.3,random,3,724,728,0.9945054945054945,4,43,0.28223564238021176,0.8112888712824651
B-A-identity,ALL_THREE_PRESPECIFIED_SEEDS_COMPLETED,TA:0.5:front,TA,0.5,front,1,724,728,0.9945054945054945,4,17,0.29868730987299225,0.7921032587360209
B-A-identity,ALL_THREE_PRESPECIFIED_SEEDS_COMPLETED,TA:0.5:front,TA,0.5,front,1,724,728,0.9945054945054945,4,29,0.3243045166427939,0.867410306119012
B-A-identity,ALL_THREE_PRESPECIFIED_SEEDS_COMPLETED,TA:0.5:front,TA,0.5,front,1,724,728,0.9945054945054945,4,43,0.27895638021937036,0.8144935027582335
B-A-identity,ALL_THREE_PRESPECIFIED_SEEDS_COMPLETED,TA:0.5:middle,TA,0.5,middle,1,724,728,0.9945054945054945,4,17,0.3032706433637285,0.7898008891683236
B-A-identity,ALL_THREE_PRESPECIFIED_SEEDS_COMPLETED,TA:0.5:middle,TA,0.5,middle,1,724,728,0.9945054945054945,4,29,0.30339424821241096,0.8593097780012413
B-A-identity,ALL_THREE_PRESPECIFIED_SEEDS_COMPLETED,TA:0.5:middle,TA,0.5,middle,1,724,728,0.9945054945054945,4,43,0.28987047311542297,0.8104193069201966
B-A-identity,ALL_THREE_PRESPECIFIED_SEEDS_COMPLETED,TA:0.5:back,TA,0.5,back,1,724,728,0.9945054945054945,4,17,0.3075731981981982,0.7931253245358796
B-A-identity,ALL_THREE_PRESPECIFIED_SEEDS_COMPLETED,TA:0.5:back,TA,0.5,back,1,724,728,0.9945054945054945,4,29,0.3196893756043416,0.8589366507412006
B-A-identity,ALL_THREE_PRESPECIFIED_SEEDS_COMPLETED,TA:0.5:back,TA,0.5,back,1,724,728,0.9945054945054945,4,43,0.2879967515844853,0.8162570973712079
B-A-identity,ALL_THREE_PRESPECIFIED_SEEDS_COMPLETED,TA:0.5:random,TA,0.5,random,3,724,728,0.9945054945054945,4,17,0.29927168655752534,0.7941244257705806
B-A-identity,ALL_THREE_PRESPECIFIED_SEEDS_COMPLETED,TA:0.5:random,TA,0.5,random,3,724,728,0.9945054945054945,4,29,0.3031320026959212,0.8649559361798751
B-A-identity,ALL_THREE_PRESPECIFIED_SEEDS_COMPLETED,TA:0.5:random,TA,0.5,random,3,724,728,0.9945054945054945,4,43,0.2795559439433719,0.8148095187637913
B-A-identity,ALL_THREE_PRESPECIFIED_SEEDS_COMPLETED,TA:0.7:front,TA,0.7,front,1,718,728,0.9862637362637363,10,17,0.29518276320245945,0.8007830073893873
B-A-identity,ALL_THREE_PRESPECIFIED_SEEDS_COMPLETED,TA:0.7:front,TA,0.7,front,1,718,728,0.9862637362637363,10,29,0.32476018054483563,0.8795809646870731
B-A-identity,ALL_THREE_PRESPECIFIED_SEEDS_COMPLETED,TA:0.7:front,TA,0.7,front,1,718,728,0.9862637362637363,10,43,0.2695845390657296,0.8202529492094642
B-A-identity,ALL_THREE_PRESPECIFIED_SEEDS_COMPLETED,TA:0.7:middle,TA,0.7,middle,1,718,728,0.9862637362637363,10,17,0.3014975937183384,0.7937794222850173
B-A-identity,ALL_THREE_PRESPECIFIED_SEEDS_COMPLETED,TA:0.7:middle,TA,0.7,middle,1,718,728,0.9862637362637363,10,29,0.3124728983018032,0.8669927058467043
B-A-identity,ALL_THREE_PRESPECIFIED_SEEDS_COMPLETED,TA:0.7:middle,TA,0.7,middle,1,718,728,0.9862637362637363,10,43,0.27967473146162275,0.8133364891867502
B-A-identity,ALL_THREE_PRESPECIFIED_SEEDS_COMPLETED,TA:0.7:back,TA,0.7,back,1,718,728,0.9862637362637363,10,17,0.29245169419096767,0.7952884318253312
B-A-identity,ALL_THREE_PRESPECIFIED_SEEDS_COMPLETED,TA:0.7:back,TA,0.7,back,1,718,728,0.9862637362637363,10,29,0.2966983682734227,0.8619617509179439
B-A-identity,ALL_THREE_PRESPECIFIED_SEEDS_COMPLETED,TA:0.7:back,TA,0.7,back,1,718,728,0.9862637362637363,10,43,0.3042864087013542,0.8182471622828046
B-A-identity,ALL_THREE_PRESPECIFIED_SEEDS_COMPLETED,TA:0.7:random,TA,0.7,random,3,718,728,0.9862637362637363,10,17,0.29734562279090165,0.7945922679305563
B-A-identity,ALL_THREE_PRESPECIFIED_SEEDS_COMPLETED,TA:0.7:random,TA,0.7,random,3,718,728,0.9862637362637363,10,29,0.31988365762486787,0.8680104356966555
B-A-identity,ALL_THREE_PRESPECIFIED_SEEDS_COMPLETED,TA:0.7:random,TA,0.7,random,3,718,728,0.9862637362637363,10,43,0.2949135469447727,0.8163521233760588
B-A-identity,ALL_THREE_PRESPECIFIED_SEEDS_COMPLETED,TV:0.1:front,TV,0.1,front,1,703,728,0.9656593406593407,25,17,0.3067195106070592,0.7875848845057419
B-A-identity,ALL_THREE_PRESPECIFIED_SEEDS_COMPLETED,TV:0.1:front,TV,0.1,front,1,703,728,0.9656593406593407,25,29,0.32129685632138966,0.8579859431259907
B-A-identity,ALL_THREE_PRESPECIFIED_SEEDS_COMPLETED,TV:0.1:front,TV,0.1,front,1,703,728,0.9656593406593407,25,43,0.29467816271417746,0.8105619313658451
B-A-identity,ALL_THREE_PRESPECIFIED_SEEDS_COMPLETED,TV:0.1:middle,TV,0.1,middle,1,703,728,0.9656593406593407,25,17,0.3067195106070592,0.7875848845057419
B-A-identity,ALL_THREE_PRESPECIFIED_SEEDS_COMPLETED,TV:0.1:middle,TV,0.1,middle,1,703,728,0.9656593406593407,25,29,0.32129685632138966,0.8579859431259907
B-A-identity,ALL_THREE_PRESPECIFIED_SEEDS_COMPLETED,TV:0.1:middle,TV,0.1,middle,1,703,728,0.9656593406593407,25,43,0.29467816271417746,0.8105619313658451
B-A-identity,ALL_THREE_PRESPECIFIED_SEEDS_COMPLETED,TV:0.1:back,TV,0.1,back,1,703,728,0.9656593406593407,25,17,0.3067195106070592,0.7875848845057419
B-A-identity,ALL_THREE_PRESPECIFIED_SEEDS_COMPLETED,TV:0.1:back,TV,0.1,back,1,703,728,0.9656593406593407,25,29,0.32129685632138966,0.8579859431259907
B-A-identity,ALL_THREE_PRESPECIFIED_SEEDS_COMPLETED,TV:0.1:back,TV,0.1,back,1,703,728,0.9656593406593407,25,43,0.29467816271417746,0.8105619313658451
B-A-identity,ALL_THREE_PRESPECIFIED_SEEDS_COMPLETED,TV:0.1:random,TV,0.1,random,3,703,728,0.9656593406593407,25,17,0.3067195106070592,0.7875848845057419
B-A-identity,ALL_THREE_PRESPECIFIED_SEEDS_COMPLETED,TV:0.1:random,TV,0.1,random,3,703,728,0.9656593406593407,25,29,0.32129685632138966,0.8579859431259907
B-A-identity,ALL_THREE_PRESPECIFIED_SEEDS_COMPLETED,TV:0.1:random,TV,0.1,random,3,703,728,0.9656593406593407,25,43,0.29467816271417746,0.8105619313658451
B-A-identity,ALL_THREE_PRESPECIFIED_SEEDS_COMPLETED,TV:0.3:front,TV,0.3,front,1,703,728,0.9656593406593407,25,17,0.3067195106070592,0.7875848845057419
B-A-identity,ALL_THREE_PRESPECIFIED_SEEDS_COMPLETED,TV:0.3:front,TV,0.3,front,1,703,728,0.9656593406593407,25,29,0.32129685632138966,0.8579859431259907
B-A-identity,ALL_THREE_PRESPECIFIED_SEEDS_COMPLETED,TV:0.3:front,TV,0.3,front,1,703,728,0.9656593406593407,25,43,0.29467816271417746,0.8105619313658451
B-A-identity,ALL_THREE_PRESPECIFIED_SEEDS_COMPLETED,TV:0.3:middle,TV,0.3,middle,1,703,728,0.9656593406593407,25,17,0.3067195106070592,0.7875848845057419
B-A-identity,ALL_THREE_PRESPECIFIED_SEEDS_COMPLETED,TV:0.3:middle,TV,0.3,middle,1,703,728,0.9656593406593407,25,29,0.32129685632138966,0.8579859431259907
B-A-identity,ALL_THREE_PRESPECIFIED_SEEDS_COMPLETED,TV:0.3:middle,TV,0.3,middle,1,703,728,0.9656593406593407,25,43,0.29467816271417746,0.8105619313658451
B-A-identity,ALL_THREE_PRESPECIFIED_SEEDS_COMPLETED,TV:0.3:back,TV,0.3,back,1,703,728,0.9656593406593407,25,17,0.3067195106070592,0.7875848845057419
B-A-identity,ALL_THREE_PRESPECIFIED_SEEDS_COMPLETED,TV:0.3:back,TV,0.3,back,1,703,728,0.9656593406593407,25,29,0.32129685632138966,0.8579859431259907
B-A-identity,ALL_THREE_PRESPECIFIED_SEEDS_COMPLETED,TV:0.3:back,TV,0.3,back,1,703,728,0.9656593406593407,25,43,0.29467816271417746,0.8105619313658451
B-A-identity,ALL_THREE_PRESPECIFIED_SEEDS_COMPLETED,TV:0.3:random,TV,0.3,random,3,703,728,0.9656593406593407,25,17,0.3067195106070592,0.7875848845057419
B-A-identity,ALL_THREE_PRESPECIFIED_SEEDS_COMPLETED,TV:0.3:random,TV,0.3,random,3,703,728,0.9656593406593407,25,29,0.32129685632138966,0.8579859431259907
B-A-identity,ALL_THREE_PRESPECIFIED_SEEDS_COMPLETED,TV:0.3:random,TV,0.3,random,3,703,728,0.9656593406593407,25,43,0.29467816271417746,0.8105619313658451
B-A-identity,ALL_THREE_PRESPECIFIED_SEEDS_COMPLETED,TV:0.5:front,TV,0.5,front,1,703,728,0.9656593406593407,25,17,0.3067195106070592,0.7875848845057419
B-A-identity,ALL_THREE_PRESPECIFIED_SEEDS_COMPLETED,TV:0.5:front,TV,0.5,front,1,703,728,0.9656593406593407,25,29,0.32129685632138966,0.8579859431259907
B-A-identity,ALL_THREE_PRESPECIFIED_SEEDS_COMPLETED,TV:0.5:front,TV,0.5,front,1,703,728,0.9656593406593407,25,43,0.29467816271417746,0.8105619313658451
B-A-identity,ALL_THREE_PRESPECIFIED_SEEDS_COMPLETED,TV:0.5:middle,TV,0.5,middle,1,703,728,0.9656593406593407,25,17,0.3067195106070592,0.7875848845057419
B-A-identity,ALL_THREE_PRESPECIFIED_SEEDS_COMPLETED,TV:0.5:middle,TV,0.5,middle,1,703,728,0.9656593406593407,25,29,0.32129685632138966,0.8579859431259907
B-A-identity,ALL_THREE_PRESPECIFIED_SEEDS_COMPLETED,TV:0.5:middle,TV,0.5,middle,1,703,728,0.9656593406593407,25,43,0.29467816271417746,0.8105619313658451
B-A-identity,ALL_THREE_PRESPECIFIED_SEEDS_COMPLETED,TV:0.5:back,TV,0.5,back,1,703,728,0.9656593406593407,25,17,0.3067195106070592,0.7875848845057419
B-A-identity,ALL_THREE_PRESPECIFIED_SEEDS_COMPLETED,TV:0.5:back,TV,0.5,back,1,703,728,0.9656593406593407,25,29,0.32129685632138966,0.8579859431259907
B-A-identity,ALL_THREE_PRESPECIFIED_SEEDS_COMPLETED,TV:0.5:back,TV,0.5,back,1,703,728,0.9656593406593407,25,43,0.29467816271417746,0.8105619313658451
B-A-identity,ALL_THREE_PRESPECIFIED_SEEDS_COMPLETED,TV:0.5:random,TV,0.5,random,3,703,728,0.9656593406593407,25,17,0.3067195106070592,0.7875848845057419
B-A-identity,ALL_THREE_PRESPECIFIED_SEEDS_COMPLETED,TV:0.5:random,TV,0.5,random,3,703,728,0.9656593406593407,25,29,0.32129685632138966,0.8579859431259907
B-A-identity,ALL_THREE_PRESPECIFIED_SEEDS_COMPLETED,TV:0.5:random,TV,0.5,random,3,703,728,0.9656593406593407,25,43,0.29467816271417746,0.8105619313658451
B-A-identity,ALL_THREE_PRESPECIFIED_SEEDS_COMPLETED,TV:0.7:front,TV,0.7,front,1,694,728,0.9532967032967034,34,17,0.3067195106070592,0.7875848845057419
B-A-identity,ALL_THREE_PRESPECIFIED_SEEDS_COMPLETED,TV:0.7:front,TV,0.7,front,1,694,728,0.9532967032967034,34,29,0.32129685632138966,0.8579859431259907
B-A-identity,ALL_THREE_PRESPECIFIED_SEEDS_COMPLETED,TV:0.7:front,TV,0.7,front,1,694,728,0.9532967032967034,34,43,0.29467816271417746,0.8105619313658451
B-A-identity,ALL_THREE_PRESPECIFIED_SEEDS_COMPLETED,TV:0.7:middle,TV,0.7,middle,1,694,728,0.9532967032967034,34,17,0.3067195106070592,0.7875848845057419
B-A-identity,ALL_THREE_PRESPECIFIED_SEEDS_COMPLETED,TV:0.7:middle,TV,0.7,middle,1,694,728,0.9532967032967034,34,29,0.32129685632138966,0.8579859431259907
B-A-identity,ALL_THREE_PRESPECIFIED_SEEDS_COMPLETED,TV:0.7:middle,TV,0.7,middle,1,694,728,0.9532967032967034,34,43,0.29467816271417746,0.8105619313658451
B-A-identity,ALL_THREE_PRESPECIFIED_SEEDS_COMPLETED,TV:0.7:back,TV,0.7,back,1,694,728,0.9532967032967034,34,17,0.3067195106070592,0.7875848845057419
B-A-identity,ALL_THREE_PRESPECIFIED_SEEDS_COMPLETED,TV:0.7:back,TV,0.7,back,1,694,728,0.9532967032967034,34,29,0.32129685632138966,0.8579859431259907
B-A-identity,ALL_THREE_PRESPECIFIED_SEEDS_COMPLETED,TV:0.7:back,TV,0.7,back,1,694,728,0.9532967032967034,34,43,0.29467816271417746,0.8105619313658451
B-A-identity,ALL_THREE_PRESPECIFIED_SEEDS_COMPLETED,TV:0.7:random,TV,0.7,random,3,694,728,0.9532967032967034,34,17,0.3067195106070592,0.7875848845057419
B-A-identity,ALL_THREE_PRESPECIFIED_SEEDS_COMPLETED,TV:0.7:random,TV,0.7,random,3,694,728,0.9532967032967034,34,29,0.32129685632138966,0.8579859431259907
B-A-identity,ALL_THREE_PRESPECIFIED_SEEDS_COMPLETED,TV:0.7:random,TV,0.7,random,3,694,728,0.9532967032967034,34,43,0.29467816271417746,0.8105619313658451
B-A-identity,ALL_THREE_PRESPECIFIED_SEEDS_COMPLETED,AV:0.1:front,AV,0.1,front,1,703,728,0.9656593406593407,25,17,0.30567376521027734,0.7872308321080649
B-A-identity,ALL_THREE_PRESPECIFIED_SEEDS_COMPLETED,AV:0.1:front,AV,0.1,front,1,703,728,0.9656593406593407,25,29,0.32500178492752674,0.858809004853106
B-A-identity,ALL_THREE_PRESPECIFIED_SEEDS_COMPLETED,AV:0.1:front,AV,0.1,front,1,703,728,0.9656593406593407,25,43,0.2857428990762324,0.8107745902012179
B-A-identity,ALL_THREE_PRESPECIFIED_SEEDS_COMPLETED,AV:0.1:middle,AV,0.1,middle,1,703,728,0.9656593406593407,25,17,0.29835193022957546,0.7874879082034797
B-A-identity,ALL_THREE_PRESPECIFIED_SEEDS_COMPLETED,AV:0.1:middle,AV,0.1,middle,1,703,728,0.9656593406593407,25,29,0.306915132177501,0.8574177382045661
B-A-identity,ALL_THREE_PRESPECIFIED_SEEDS_COMPLETED,AV:0.1:middle,AV,0.1,middle,1,703,728,0.9656593406593407,25,43,0.28709846480295537,0.8097786893127844
B-A-identity,ALL_THREE_PRESPECIFIED_SEEDS_COMPLETED,AV:0.1:back,AV,0.1,back,1,703,728,0.9656593406593407,25,17,0.3051916676420363,0.7878975474872437
B-A-identity,ALL_THREE_PRESPECIFIED_SEEDS_COMPLETED,AV:0.1:back,AV,0.1,back,1,703,728,0.9656593406593407,25,29,0.3187368710795479,0.858899461072844
B-A-identity,ALL_THREE_PRESPECIFIED_SEEDS_COMPLETED,AV:0.1:back,AV,0.1,back,1,703,728,0.9656593406593407,25,43,0.28992512687467287,0.8106807731514142
B-A-identity,ALL_THREE_PRESPECIFIED_SEEDS_COMPLETED,AV:0.1:random,AV,0.1,random,3,703,728,0.9656593406593407,25,17,0.30151487440838465,0.7874524601486352
B-A-identity,ALL_THREE_PRESPECIFIED_SEEDS_COMPLETED,AV:0.1:random,AV,0.1,random,3,703,728,0.9656593406593407,25,29,0.3142509045389439,0.8589460056227902
B-A-identity,ALL_THREE_PRESPECIFIED_SEEDS_COMPLETED,AV:0.1:random,AV,0.1,random,3,703,728,0.9656593406593407,25,43,0.2866125095820699,0.8104558185427561
B-A-identity,ALL_THREE_PRESPECIFIED_SEEDS_COMPLETED,AV:0.3:front,AV,0.3,front,1,703,728,0.9656593406593407,25,17,0.30172537280994227,0.7886206704314356
B-A-identity,ALL_THREE_PRESPECIFIED_SEEDS_COMPLETED,AV:0.3:front,AV,0.3,front,1,703,728,0.9656593406593407,25,29,0.32016539802181865,0.8635470133663697
B-A-identity,ALL_THREE_PRESPECIFIED_SEEDS_COMPLETED,AV:0.3:front,AV,0.3,front,1,703,728,0.9656593406593407,25,43,0.28336595621284616,0.8126357141274518
B-A-identity,ALL_THREE_PRESPECIFIED_SEEDS_COMPLETED,AV:0.3:middle,AV,0.3,middle,1,703,728,0.9656593406593407,25,17,0.29918757467144563,0.7876845130579838
B-A-identity,ALL_THREE_PRESPECIFIED_SEEDS_COMPLETED,AV:0.3:middle,AV,0.3,middle,1,703,728,0.9656593406593407,25,29,0.3100508167811887,0.8554135575067958
B-A-identity,ALL_THREE_PRESPECIFIED_SEEDS_COMPLETED,AV:0.3:middle,AV,0.3,middle,1,703,728,0.9656593406593407,25,43,0.29509827066888833,0.8094447192679681
B-A-identity,ALL_THREE_PRESPECIFIED_SEEDS_COMPLETED,AV:0.3:back,AV,0.3,back,1,703,728,0.9656593406593407,25,17,0.3098734420345311,0.7895224449716657
B-A-identity,ALL_THREE_PRESPECIFIED_SEEDS_COMPLETED,AV:0.3:back,AV,0.3,back,1,703,728,0.9656593406593407,25,29,0.3268526151369822,0.8598719124110086
B-A-identity,ALL_THREE_PRESPECIFIED_SEEDS_COMPLETED,AV:0.3:back,AV,0.3,back,1,703,728,0.9656593406593407,25,43,0.2855589386689865,0.813711300471818
B-A-identity,ALL_THREE_PRESPECIFIED_SEEDS_COMPLETED,AV:0.3:random,AV,0.3,random,3,703,728,0.9656593406593407,25,17,0.29915328081335857,0.7905553402856224
B-A-identity,ALL_THREE_PRESPECIFIED_SEEDS_COMPLETED,AV:0.3:random,AV,0.3,random,3,703,728,0.9656593406593407,25,29,0.32170510557656185,0.8608933416511945
B-A-identity,ALL_THREE_PRESPECIFIED_SEEDS_COMPLETED,AV:0.3:random,AV,0.3,random,3,703,728,0.9656593406593407,25,43,0.2824279956371594,0.8127625367962716
B-A-identity,ALL_THREE_PRESPECIFIED_SEEDS_COMPLETED,AV:0.5:front,AV,0.5,front,1,703,728,0.9656593406593407,25,17,0.3018416945373467,0.7909916918460922
B-A-identity,ALL_THREE_PRESPECIFIED_SEEDS_COMPLETED,AV:0.5:front,AV,0.5,front,1,703,728,0.9656593406593407,25,29,0.3284328642291992,0.8660201493709522
B-A-identity,ALL_THREE_PRESPECIFIED_SEEDS_COMPLETED,AV:0.5:front,AV,0.5,front,1,703,728,0.9656593406593407,25,43,0.280357401768885,0.8132846697053238
B-A-identity,ALL_THREE_PRESPECIFIED_SEEDS_COMPLETED,AV:0.5:middle,AV,0.5,middle,1,703,728,0.9656593406593407,25,17,0.30401469098277606,0.7893359646288125
B-A-identity,ALL_THREE_PRESPECIFIED_SEEDS_COMPLETED,AV:0.5:middle,AV,0.5,middle,1,703,728,0.9656593406593407,25,29,0.30645239810680214,0.8582549044545126
B-A-identity,ALL_THREE_PRESPECIFIED_SEEDS_COMPLETED,AV:0.5:middle,AV,0.5,middle,1,703,728,0.9656593406593407,25,43,0.29055846761146703,0.8096955460074081
B-A-identity,ALL_THREE_PRESPECIFIED_SEEDS_COMPLETED,AV:0.5:back,AV,0.5,back,1,703,728,0.9656593406593407,25,17,0.30832394894894893,0.7936335554011268
B-A-identity,ALL_THREE_PRESPECIFIED_SEEDS_COMPLETED,AV:0.5:back,AV,0.5,back,1,703,728,0.9656593406593407,25,29,0.3197763954066475,0.8590204764047514
B-A-identity,ALL_THREE_PRESPECIFIED_SEEDS_COMPLETED,AV:0.5:back,AV,0.5,back,1,703,728,0.9656593406593407,25,43,0.2879526098182679,0.8157652391568223
B-A-identity,ALL_THREE_PRESPECIFIED_SEEDS_COMPLETED,AV:0.5:random,AV,0.5,random,3,703,728,0.9656593406593407,25,17,0.30152447689639,0.7944437678902915
B-A-identity,ALL_THREE_PRESPECIFIED_SEEDS_COMPLETED,AV:0.5:random,AV,0.5,random,3,703,728,0.9656593406593407,25,29,0.3148113351163849,0.8616215204252352
B-A-identity,ALL_THREE_PRESPECIFIED_SEEDS_COMPLETED,AV:0.5:random,AV,0.5,random,3,703,728,0.9656593406593407,25,43,0.28307072182051723,0.8159526348053886
B-A-identity,ALL_THREE_PRESPECIFIED_SEEDS_COMPLETED,AV:0.7:front,AV,0.7,front,1,694,728,0.9532967032967034,34,17,0.29681958253386825,0.7993830100237903
B-A-identity,ALL_THREE_PRESPECIFIED_SEEDS_COMPLETED,AV:0.7:front,AV,0.7,front,1,694,728,0.9532967032967034,34,29,0.32787403432982665,0.8794640413083131
B-A-identity,ALL_THREE_PRESPECIFIED_SEEDS_COMPLETED,AV:0.7:front,AV,0.7,front,1,694,728,0.9532967032967034,34,43,0.27243840183361984,0.8193582857685204
B-A-identity,ALL_THREE_PRESPECIFIED_SEEDS_COMPLETED,AV:0.7:middle,AV,0.7,middle,1,694,728,0.9532967032967034,34,17,0.3039426523297491,0.7930758973026448
B-A-identity,ALL_THREE_PRESPECIFIED_SEEDS_COMPLETED,AV:0.7:middle,AV,0.7,middle,1,694,728,0.9532967032967034,34,29,0.3137877366036823,0.8676803487958771
B-A-identity,ALL_THREE_PRESPECIFIED_SEEDS_COMPLETED,AV:0.7:middle,AV,0.7,middle,1,694,728,0.9532967032967034,34,43,0.28253489249339875,0.8132800334254741
B-A-identity,ALL_THREE_PRESPECIFIED_SEEDS_COMPLETED,AV:0.7:back,AV,0.7,back,1,694,728,0.9532967032967034,34,17,0.29320160045268495,0.7958927428117022
B-A-identity,ALL_THREE_PRESPECIFIED_SEEDS_COMPLETED,AV:0.7:back,AV,0.7,back,1,694,728,0.9532967032967034,34,29,0.30091681838546125,0.8620258967683505
B-A-identity,ALL_THREE_PRESPECIFIED_SEEDS_COMPLETED,AV:0.7:back,AV,0.7,back,1,694,728,0.9532967032967034,34,43,0.3057644110275689,0.8182632221372103
B-A-identity,ALL_THREE_PRESPECIFIED_SEEDS_COMPLETED,AV:0.7:random,AV,0.7,random,3,694,728,0.9532967032967034,34,17,0.2947686143262859,0.7958128009346056
B-A-identity,ALL_THREE_PRESPECIFIED_SEEDS_COMPLETED,AV:0.7:random,AV,0.7,random,3,694,728,0.9532967032967034,34,29,0.31779492279565974,0.871196593042811
B-A-identity,ALL_THREE_PRESPECIFIED_SEEDS_COMPLETED,AV:0.7:random,AV,0.7,random,3,694,728,0.9532967032967034,34,43,0.28641503075713604,0.8182821811608383
B-A-zscore,ALL_THREE_PRESPECIFIED_SEEDS_COMPLETED,T:0.1:front,T,0.1,front,1,728,728,1.0,0,17,0.3546529236013547,0.8443088904307813
B-A-zscore,ALL_THREE_PRESPECIFIED_SEEDS_COMPLETED,T:0.1:front,T,0.1,front,1,728,728,1.0,0,29,0.37336044095057375,0.8384772639663745
B-A-zscore,ALL_THREE_PRESPECIFIED_SEEDS_COMPLETED,T:0.1:front,T,0.1,front,1,728,728,1.0,0,43,0.36841356707030654,0.8522815196458275
B-A-zscore,ALL_THREE_PRESPECIFIED_SEEDS_COMPLETED,T:0.1:middle,T,0.1,middle,1,728,728,1.0,0,17,0.3546529236013547,0.8443088904307813
B-A-zscore,ALL_THREE_PRESPECIFIED_SEEDS_COMPLETED,T:0.1:middle,T,0.1,middle,1,728,728,1.0,0,29,0.37336044095057375,0.8384772639663745
B-A-zscore,ALL_THREE_PRESPECIFIED_SEEDS_COMPLETED,T:0.1:middle,T,0.1,middle,1,728,728,1.0,0,43,0.36841356707030654,0.8522815196458275
B-A-zscore,ALL_THREE_PRESPECIFIED_SEEDS_COMPLETED,T:0.1:back,T,0.1,back,1,728,728,1.0,0,17,0.3546529236013547,0.8443088904307813
B-A-zscore,ALL_THREE_PRESPECIFIED_SEEDS_COMPLETED,T:0.1:back,T,0.1,back,1,728,728,1.0,0,29,0.37336044095057375,0.8384772639663745
B-A-zscore,ALL_THREE_PRESPECIFIED_SEEDS_COMPLETED,T:0.1:back,T,0.1,back,1,728,728,1.0,0,43,0.36841356707030654,0.8522815196458275
B-A-zscore,ALL_THREE_PRESPECIFIED_SEEDS_COMPLETED,T:0.1:random,T,0.1,random,3,728,728,1.0,0,17,0.3546529236013547,0.8443088904307813
B-A-zscore,ALL_THREE_PRESPECIFIED_SEEDS_COMPLETED,T:0.1:random,T,0.1,random,3,728,728,1.0,0,29,0.37336044095057375,0.8384772639663746
B-A-zscore,ALL_THREE_PRESPECIFIED_SEEDS_COMPLETED,T:0.1:random,T,0.1,random,3,728,728,1.0,0,43,0.36841356707030654,0.8522815196458277
B-A-zscore,ALL_THREE_PRESPECIFIED_SEEDS_COMPLETED,T:0.3:front,T,0.3,front,1,728,728,1.0,0,17,0.3546529236013547,0.8443088904307813
B-A-zscore,ALL_THREE_PRESPECIFIED_SEEDS_COMPLETED,T:0.3:front,T,0.3,front,1,728,728,1.0,0,29,0.37336044095057375,0.8384772639663745
B-A-zscore,ALL_THREE_PRESPECIFIED_SEEDS_COMPLETED,T:0.3:front,T,0.3,front,1,728,728,1.0,0,43,0.36841356707030654,0.8522815196458275
B-A-zscore,ALL_THREE_PRESPECIFIED_SEEDS_COMPLETED,T:0.3:middle,T,0.3,middle,1,728,728,1.0,0,17,0.3546529236013547,0.8443088904307813
B-A-zscore,ALL_THREE_PRESPECIFIED_SEEDS_COMPLETED,T:0.3:middle,T,0.3,middle,1,728,728,1.0,0,29,0.37336044095057375,0.8384772639663745
B-A-zscore,ALL_THREE_PRESPECIFIED_SEEDS_COMPLETED,T:0.3:middle,T,0.3,middle,1,728,728,1.0,0,43,0.36841356707030654,0.8522815196458275
B-A-zscore,ALL_THREE_PRESPECIFIED_SEEDS_COMPLETED,T:0.3:back,T,0.3,back,1,728,728,1.0,0,17,0.3546529236013547,0.8443088904307813
B-A-zscore,ALL_THREE_PRESPECIFIED_SEEDS_COMPLETED,T:0.3:back,T,0.3,back,1,728,728,1.0,0,29,0.37336044095057375,0.8384772639663745
B-A-zscore,ALL_THREE_PRESPECIFIED_SEEDS_COMPLETED,T:0.3:back,T,0.3,back,1,728,728,1.0,0,43,0.36841356707030654,0.8522815196458275
B-A-zscore,ALL_THREE_PRESPECIFIED_SEEDS_COMPLETED,T:0.3:random,T,0.3,random,3,728,728,1.0,0,17,0.3546529236013547,0.8443088904307813
B-A-zscore,ALL_THREE_PRESPECIFIED_SEEDS_COMPLETED,T:0.3:random,T,0.3,random,3,728,728,1.0,0,29,0.37336044095057375,0.8384772639663746
B-A-zscore,ALL_THREE_PRESPECIFIED_SEEDS_COMPLETED,T:0.3:random,T,0.3,random,3,728,728,1.0,0,43,0.36841356707030654,0.8522815196458277
B-A-zscore,ALL_THREE_PRESPECIFIED_SEEDS_COMPLETED,T:0.5:front,T,0.5,front,1,728,728,1.0,0,17,0.3546529236013547,0.8443088904307813
B-A-zscore,ALL_THREE_PRESPECIFIED_SEEDS_COMPLETED,T:0.5:front,T,0.5,front,1,728,728,1.0,0,29,0.37336044095057375,0.8384772639663745
B-A-zscore,ALL_THREE_PRESPECIFIED_SEEDS_COMPLETED,T:0.5:front,T,0.5,front,1,728,728,1.0,0,43,0.36841356707030654,0.8522815196458275
B-A-zscore,ALL_THREE_PRESPECIFIED_SEEDS_COMPLETED,T:0.5:middle,T,0.5,middle,1,728,728,1.0,0,17,0.3546529236013547,0.8443088904307813
B-A-zscore,ALL_THREE_PRESPECIFIED_SEEDS_COMPLETED,T:0.5:middle,T,0.5,middle,1,728,728,1.0,0,29,0.37336044095057375,0.8384772639663745
B-A-zscore,ALL_THREE_PRESPECIFIED_SEEDS_COMPLETED,T:0.5:middle,T,0.5,middle,1,728,728,1.0,0,43,0.36841356707030654,0.8522815196458275
B-A-zscore,ALL_THREE_PRESPECIFIED_SEEDS_COMPLETED,T:0.5:back,T,0.5,back,1,728,728,1.0,0,17,0.3546529236013547,0.8443088904307813
B-A-zscore,ALL_THREE_PRESPECIFIED_SEEDS_COMPLETED,T:0.5:back,T,0.5,back,1,728,728,1.0,0,29,0.37336044095057375,0.8384772639663745
B-A-zscore,ALL_THREE_PRESPECIFIED_SEEDS_COMPLETED,T:0.5:back,T,0.5,back,1,728,728,1.0,0,43,0.36841356707030654,0.8522815196458275
B-A-zscore,ALL_THREE_PRESPECIFIED_SEEDS_COMPLETED,T:0.5:random,T,0.5,random,3,728,728,1.0,0,17,0.3546529236013547,0.8443088904307813
B-A-zscore,ALL_THREE_PRESPECIFIED_SEEDS_COMPLETED,T:0.5:random,T,0.5,random,3,728,728,1.0,0,29,0.37336044095057375,0.8384772639663746
B-A-zscore,ALL_THREE_PRESPECIFIED_SEEDS_COMPLETED,T:0.5:random,T,0.5,random,3,728,728,1.0,0,43,0.36841356707030654,0.8522815196458277
B-A-zscore,ALL_THREE_PRESPECIFIED_SEEDS_COMPLETED,T:0.7:front,T,0.7,front,1,728,728,1.0,0,17,0.3546529236013547,0.8443088904307813
B-A-zscore,ALL_THREE_PRESPECIFIED_SEEDS_COMPLETED,T:0.7:front,T,0.7,front,1,728,728,1.0,0,29,0.37336044095057375,0.8384772639663745
B-A-zscore,ALL_THREE_PRESPECIFIED_SEEDS_COMPLETED,T:0.7:front,T,0.7,front,1,728,728,1.0,0,43,0.36841356707030654,0.8522815196458275
B-A-zscore,ALL_THREE_PRESPECIFIED_SEEDS_COMPLETED,T:0.7:middle,T,0.7,middle,1,728,728,1.0,0,17,0.3546529236013547,0.8443088904307813
B-A-zscore,ALL_THREE_PRESPECIFIED_SEEDS_COMPLETED,T:0.7:middle,T,0.7,middle,1,728,728,1.0,0,29,0.37336044095057375,0.8384772639663745
B-A-zscore,ALL_THREE_PRESPECIFIED_SEEDS_COMPLETED,T:0.7:middle,T,0.7,middle,1,728,728,1.0,0,43,0.36841356707030654,0.8522815196458275
B-A-zscore,ALL_THREE_PRESPECIFIED_SEEDS_COMPLETED,T:0.7:back,T,0.7,back,1,728,728,1.0,0,17,0.3546529236013547,0.8443088904307813
B-A-zscore,ALL_THREE_PRESPECIFIED_SEEDS_COMPLETED,T:0.7:back,T,0.7,back,1,728,728,1.0,0,29,0.37336044095057375,0.8384772639663745
B-A-zscore,ALL_THREE_PRESPECIFIED_SEEDS_COMPLETED,T:0.7:back,T,0.7,back,1,728,728,1.0,0,43,0.36841356707030654,0.8522815196458275
B-A-zscore,ALL_THREE_PRESPECIFIED_SEEDS_COMPLETED,T:0.7:random,T,0.7,random,3,728,728,1.0,0,17,0.3546529236013547,0.8443088904307813
B-A-zscore,ALL_THREE_PRESPECIFIED_SEEDS_COMPLETED,T:0.7:random,T,0.7,random,3,728,728,1.0,0,29,0.37336044095057375,0.8384772639663746
B-A-zscore,ALL_THREE_PRESPECIFIED_SEEDS_COMPLETED,T:0.7:random,T,0.7,random,3,728,728,1.0,0,43,0.36841356707030654,0.8522815196458277
B-A-zscore,ALL_THREE_PRESPECIFIED_SEEDS_COMPLETED,A:0.1:front,A,0.1,front,1,724,728,0.9945054945054945,4,17,0.3398483609986385,0.8474160788333233
B-A-zscore,ALL_THREE_PRESPECIFIED_SEEDS_COMPLETED,A:0.1:front,A,0.1,front,1,724,728,0.9945054945054945,4,29,0.36236950172173854,0.8432214951621123
B-A-zscore,ALL_THREE_PRESPECIFIED_SEEDS_COMPLETED,A:0.1:front,A,0.1,front,1,724,728,0.9945054945054945,4,43,0.34607063566622825,0.8618097627753901
B-A-zscore,ALL_THREE_PRESPECIFIED_SEEDS_COMPLETED,A:0.1:middle,A,0.1,middle,1,724,728,0.9945054945054945,4,17,0.3363876417976576,0.8454197955726848
B-A-zscore,ALL_THREE_PRESPECIFIED_SEEDS_COMPLETED,A:0.1:middle,A,0.1,middle,1,724,728,0.9945054945054945,4,29,0.35904214940559864,0.8360527459062523
B-A-zscore,ALL_THREE_PRESPECIFIED_SEEDS_COMPLETED,A:0.1:middle,A,0.1,middle,1,724,728,0.9945054945054945,4,43,0.3594547291026043,0.8561494959547737
B-A-zscore,ALL_THREE_PRESPECIFIED_SEEDS_COMPLETED,A:0.1:back,A,0.1,back,1,724,728,0.9945054945054945,4,17,0.35677290859363686,0.8393328318966918
B-A-zscore,ALL_THREE_PRESPECIFIED_SEEDS_COMPLETED,A:0.1:back,A,0.1,back,1,724,728,0.9945054945054945,4,29,0.36496940560445723,0.8385678519078104
B-A-zscore,ALL_THREE_PRESPECIFIED_SEEDS_COMPLETED,A:0.1:back,A,0.1,back,1,724,728,0.9945054945054945,4,43,0.3569628442300609,0.8553578673977377
B-A-zscore,ALL_THREE_PRESPECIFIED_SEEDS_COMPLETED,A:0.1:random,A,0.1,random,3,724,728,0.9945054945054945,4,17,0.33726485795394745,0.8483104279253401
B-A-zscore,ALL_THREE_PRESPECIFIED_SEEDS_COMPLETED,A:0.1:random,A,0.1,random,3,724,728,0.9945054945054945,4,29,0.3623871876801646,0.8423985141648117
B-A-zscore,ALL_THREE_PRESPECIFIED_SEEDS_COMPLETED,A:0.1:random,A,0.1,random,3,724,728,0.9945054945054945,4,43,0.35981025277655315,0.8593939859024015
B-A-zscore,ALL_THREE_PRESPECIFIED_SEEDS_COMPLETED,A:0.3:front,A,0.3,front,1,724,728,0.9945054945054945,4,17,0.3612228537905085,0.8559650777046605
B-A-zscore,ALL_THREE_PRESPECIFIED_SEEDS_COMPLETED,A:0.3:front,A,0.3,front,1,724,728,0.9945054945054945,4,29,0.3652456132919422,0.8522180305065646
B-A-zscore,ALL_THREE_PRESPECIFIED_SEEDS_COMPLETED,A:0.3:front,A,0.3,front,1,724,728,0.9945054945054945,4,43,0.3556757962336297,0.8739236642620628
B-A-zscore,ALL_THREE_PRESPECIFIED_SEEDS_COMPLETED,A:0.3:middle,A,0.3,middle,1,724,728,0.9945054945054945,4,17,0.34791152623409644,0.856796218285396
B-A-zscore,ALL_THREE_PRESPECIFIED_SEEDS_COMPLETED,A:0.3:middle,A,0.3,middle,1,724,728,0.9945054945054945,4,29,0.3295286952736037,0.8381848936312983
B-A-zscore,ALL_THREE_PRESPECIFIED_SEEDS_COMPLETED,A:0.3:middle,A,0.3,middle,1,724,728,0.9945054945054945,4,43,0.37141462353466664,0.8730782615470222
B-A-zscore,ALL_THREE_PRESPECIFIED_SEEDS_COMPLETED,A:0.3:back,A,0.3,back,1,724,728,0.9945054945054945,4,17,0.3617785094864891,0.8579381631436542
B-A-zscore,ALL_THREE_PRESPECIFIED_SEEDS_COMPLETED,A:0.3:back,A,0.3,back,1,724,728,0.9945054945054945,4,29,0.3570214659504403,0.8503158028353617
B-A-zscore,ALL_THREE_PRESPECIFIED_SEEDS_COMPLETED,A:0.3:back,A,0.3,back,1,724,728,0.9945054945054945,4,43,0.3648203846479709,0.8688464439474046
B-A-zscore,ALL_THREE_PRESPECIFIED_SEEDS_COMPLETED,A:0.3:random,A,0.3,random,3,724,728,0.9945054945054945,4,17,0.34997254699367725,0.8616667224764619
B-A-zscore,ALL_THREE_PRESPECIFIED_SEEDS_COMPLETED,A:0.3:random,A,0.3,random,3,724,728,0.9945054945054945,4,29,0.34750347191892056,0.8442447702433968
B-A-zscore,ALL_THREE_PRESPECIFIED_SEEDS_COMPLETED,A:0.3:random,A,0.3,random,3,724,728,0.9945054945054945,4,43,0.36414220013229476,0.8721426113493397
B-A-zscore,ALL_THREE_PRESPECIFIED_SEEDS_COMPLETED,A:0.5:front,A,0.5,front,1,724,728,0.9945054945054945,4,17,0.3636046625669647,0.8675792353315046
B-A-zscore,ALL_THREE_PRESPECIFIED_SEEDS_COMPLETED,A:0.5:front,A,0.5,front,1,724,728,0.9945054945054945,4,29,0.3463330807174292,0.8587739726456246
B-A-zscore,ALL_THREE_PRESPECIFIED_SEEDS_COMPLETED,A:0.5:front,A,0.5,front,1,724,728,0.9945054945054945,4,43,0.3675368063934072,0.8875776623589355
B-A-zscore,ALL_THREE_PRESPECIFIED_SEEDS_COMPLETED,A:0.5:middle,A,0.5,middle,1,724,728,0.9945054945054945,4,17,0.32756919415646574,0.8834767134354519
B-A-zscore,ALL_THREE_PRESPECIFIED_SEEDS_COMPLETED,A:0.5:middle,A,0.5,middle,1,724,728,0.9945054945054945,4,29,0.34584859473715995,0.8452126774532339
B-A-zscore,ALL_THREE_PRESPECIFIED_SEEDS_COMPLETED,A:0.5:middle,A,0.5,middle,1,724,728,0.9945054945054945,4,43,0.36219016405186616,0.8851308616388022
B-A-zscore,ALL_THREE_PRESPECIFIED_SEEDS_COMPLETED,A:0.5:back,A,0.5,back,1,724,728,0.9945054945054945,4,17,0.32421559236016123,0.880109018993028
B-A-zscore,ALL_THREE_PRESPECIFIED_SEEDS_COMPLETED,A:0.5:back,A,0.5,back,1,724,728,0.9945054945054945,4,29,0.33191723550467944,0.8677627741231885
B-A-zscore,ALL_THREE_PRESPECIFIED_SEEDS_COMPLETED,A:0.5:back,A,0.5,back,1,724,728,0.9945054945054945,4,43,0.3629167143457191,0.8993481566402217
B-A-zscore,ALL_THREE_PRESPECIFIED_SEEDS_COMPLETED,A:0.5:random,A,0.5,random,3,724,728,0.9945054945054945,4,17,0.3452452660140912,0.867342133591352
B-A-zscore,ALL_THREE_PRESPECIFIED_SEEDS_COMPLETED,A:0.5:random,A,0.5,random,3,724,728,0.9945054945054945,4,29,0.3553050251753322,0.8515292790482455
B-A-zscore,ALL_THREE_PRESPECIFIED_SEEDS_COMPLETED,A:0.5:random,A,0.5,random,3,724,728,0.9945054945054945,4,43,0.34553032302720266,0.8926369404561938
B-A-zscore,ALL_THREE_PRESPECIFIED_SEEDS_COMPLETED,A:0.7:front,A,0.7,front,1,718,728,0.9862637362637363,10,17,0.34251620813169154,0.9215026291360398
B-A-zscore,ALL_THREE_PRESPECIFIED_SEEDS_COMPLETED,A:0.7:front,A,0.7,front,1,718,728,0.9862637362637363,10,29,0.3406096260952349,0.8850755268176327
B-A-zscore,ALL_THREE_PRESPECIFIED_SEEDS_COMPLETED,A:0.7:front,A,0.7,front,1,718,728,0.9862637362637363,10,43,0.3351666439290391,0.9401960817891989
B-A-zscore,ALL_THREE_PRESPECIFIED_SEEDS_COMPLETED,A:0.7:middle,A,0.7,middle,1,718,728,0.9862637362637363,10,17,0.33790919649014906,0.9081278638432895
B-A-zscore,ALL_THREE_PRESPECIFIED_SEEDS_COMPLETED,A:0.7:middle,A,0.7,middle,1,718,728,0.9862637362637363,10,29,0.35010701334718225,0.8669857777985182
B-A-zscore,ALL_THREE_PRESPECIFIED_SEEDS_COMPLETED,A:0.7:middle,A,0.7,middle,1,718,728,0.9862637362637363,10,43,0.36781322534024596,0.8939265401907276
B-A-zscore,ALL_THREE_PRESPECIFIED_SEEDS_COMPLETED,A:0.7:back,A,0.7,back,1,718,728,0.9862637362637363,10,17,0.3300641712645047,0.9078187607279927
B-A-zscore,ALL_THREE_PRESPECIFIED_SEEDS_COMPLETED,A:0.7:back,A,0.7,back,1,718,728,0.9862637362637363,10,29,0.3340366229762801,0.8977196477830108
B-A-zscore,ALL_THREE_PRESPECIFIED_SEEDS_COMPLETED,A:0.7:back,A,0.7,back,1,718,728,0.9862637362637363,10,43,0.3533796641019277,0.9142539617184942
B-A-zscore,ALL_THREE_PRESPECIFIED_SEEDS_COMPLETED,A:0.7:random,A,0.7,random,3,718,728,0.9862637362637363,10,17,0.3361345930228667,0.921392480206376
B-A-zscore,ALL_THREE_PRESPECIFIED_SEEDS_COMPLETED,A:0.7:random,A,0.7,random,3,718,728,0.9862637362637363,10,29,0.33936940655349074,0.8895536733893789
B-A-zscore,ALL_THREE_PRESPECIFIED_SEEDS_COMPLETED,A:0.7:random,A,0.7,random,3,718,728,0.9862637362637363,10,43,0.3521164951634746,0.9260419887217548
B-A-zscore,ALL_THREE_PRESPECIFIED_SEEDS_COMPLETED,V:0.1:front,V,0.1,front,1,703,728,0.9656593406593407,25,17,0.3546529236013547,0.8443088904307813
B-A-zscore,ALL_THREE_PRESPECIFIED_SEEDS_COMPLETED,V:0.1:front,V,0.1,front,1,703,728,0.9656593406593407,25,29,0.37336044095057375,0.8384772639663745
B-A-zscore,ALL_THREE_PRESPECIFIED_SEEDS_COMPLETED,V:0.1:front,V,0.1,front,1,703,728,0.9656593406593407,25,43,0.36841356707030654,0.8522815196458275
B-A-zscore,ALL_THREE_PRESPECIFIED_SEEDS_COMPLETED,V:0.1:middle,V,0.1,middle,1,703,728,0.9656593406593407,25,17,0.3546529236013547,0.8443088904307813
B-A-zscore,ALL_THREE_PRESPECIFIED_SEEDS_COMPLETED,V:0.1:middle,V,0.1,middle,1,703,728,0.9656593406593407,25,29,0.37336044095057375,0.8384772639663745
B-A-zscore,ALL_THREE_PRESPECIFIED_SEEDS_COMPLETED,V:0.1:middle,V,0.1,middle,1,703,728,0.9656593406593407,25,43,0.36841356707030654,0.8522815196458275
B-A-zscore,ALL_THREE_PRESPECIFIED_SEEDS_COMPLETED,V:0.1:back,V,0.1,back,1,703,728,0.9656593406593407,25,17,0.3546529236013547,0.8443088904307813
B-A-zscore,ALL_THREE_PRESPECIFIED_SEEDS_COMPLETED,V:0.1:back,V,0.1,back,1,703,728,0.9656593406593407,25,29,0.37336044095057375,0.8384772639663745
B-A-zscore,ALL_THREE_PRESPECIFIED_SEEDS_COMPLETED,V:0.1:back,V,0.1,back,1,703,728,0.9656593406593407,25,43,0.36841356707030654,0.8522815196458275
B-A-zscore,ALL_THREE_PRESPECIFIED_SEEDS_COMPLETED,V:0.1:random,V,0.1,random,3,703,728,0.9656593406593407,25,17,0.3546529236013547,0.8443088904307813
B-A-zscore,ALL_THREE_PRESPECIFIED_SEEDS_COMPLETED,V:0.1:random,V,0.1,random,3,703,728,0.9656593406593407,25,29,0.37336044095057375,0.8384772639663746
B-A-zscore,ALL_THREE_PRESPECIFIED_SEEDS_COMPLETED,V:0.1:random,V,0.1,random,3,703,728,0.9656593406593407,25,43,0.36841356707030654,0.8522815196458277
B-A-zscore,ALL_THREE_PRESPECIFIED_SEEDS_COMPLETED,V:0.3:front,V,0.3,front,1,703,728,0.9656593406593407,25,17,0.3546529236013547,0.8443088904307813
B-A-zscore,ALL_THREE_PRESPECIFIED_SEEDS_COMPLETED,V:0.3:front,V,0.3,front,1,703,728,0.9656593406593407,25,29,0.37336044095057375,0.8384772639663745
B-A-zscore,ALL_THREE_PRESPECIFIED_SEEDS_COMPLETED,V:0.3:front,V,0.3,front,1,703,728,0.9656593406593407,25,43,0.36841356707030654,0.8522815196458275
B-A-zscore,ALL_THREE_PRESPECIFIED_SEEDS_COMPLETED,V:0.3:middle,V,0.3,middle,1,703,728,0.9656593406593407,25,17,0.3546529236013547,0.8443088904307813
B-A-zscore,ALL_THREE_PRESPECIFIED_SEEDS_COMPLETED,V:0.3:middle,V,0.3,middle,1,703,728,0.9656593406593407,25,29,0.37336044095057375,0.8384772639663745
B-A-zscore,ALL_THREE_PRESPECIFIED_SEEDS_COMPLETED,V:0.3:middle,V,0.3,middle,1,703,728,0.9656593406593407,25,43,0.36841356707030654,0.8522815196458275
B-A-zscore,ALL_THREE_PRESPECIFIED_SEEDS_COMPLETED,V:0.3:back,V,0.3,back,1,703,728,0.9656593406593407,25,17,0.3546529236013547,0.8443088904307813
B-A-zscore,ALL_THREE_PRESPECIFIED_SEEDS_COMPLETED,V:0.3:back,V,0.3,back,1,703,728,0.9656593406593407,25,29,0.37336044095057375,0.8384772639663745
B-A-zscore,ALL_THREE_PRESPECIFIED_SEEDS_COMPLETED,V:0.3:back,V,0.3,back,1,703,728,0.9656593406593407,25,43,0.36841356707030654,0.8522815196458275
B-A-zscore,ALL_THREE_PRESPECIFIED_SEEDS_COMPLETED,V:0.3:random,V,0.3,random,3,703,728,0.9656593406593407,25,17,0.3546529236013547,0.8443088904307813
B-A-zscore,ALL_THREE_PRESPECIFIED_SEEDS_COMPLETED,V:0.3:random,V,0.3,random,3,703,728,0.9656593406593407,25,29,0.37336044095057375,0.8384772639663746
B-A-zscore,ALL_THREE_PRESPECIFIED_SEEDS_COMPLETED,V:0.3:random,V,0.3,random,3,703,728,0.9656593406593407,25,43,0.36841356707030654,0.8522815196458277
B-A-zscore,ALL_THREE_PRESPECIFIED_SEEDS_COMPLETED,V:0.5:front,V,0.5,front,1,703,728,0.9656593406593407,25,17,0.3546529236013547,0.8443088904307813
B-A-zscore,ALL_THREE_PRESPECIFIED_SEEDS_COMPLETED,V:0.5:front,V,0.5,front,1,703,728,0.9656593406593407,25,29,0.37336044095057375,0.8384772639663745
B-A-zscore,ALL_THREE_PRESPECIFIED_SEEDS_COMPLETED,V:0.5:front,V,0.5,front,1,703,728,0.9656593406593407,25,43,0.36841356707030654,0.8522815196458275
B-A-zscore,ALL_THREE_PRESPECIFIED_SEEDS_COMPLETED,V:0.5:middle,V,0.5,middle,1,703,728,0.9656593406593407,25,17,0.3546529236013547,0.8443088904307813
B-A-zscore,ALL_THREE_PRESPECIFIED_SEEDS_COMPLETED,V:0.5:middle,V,0.5,middle,1,703,728,0.9656593406593407,25,29,0.37336044095057375,0.8384772639663745
B-A-zscore,ALL_THREE_PRESPECIFIED_SEEDS_COMPLETED,V:0.5:middle,V,0.5,middle,1,703,728,0.9656593406593407,25,43,0.36841356707030654,0.8522815196458275
B-A-zscore,ALL_THREE_PRESPECIFIED_SEEDS_COMPLETED,V:0.5:back,V,0.5,back,1,703,728,0.9656593406593407,25,17,0.3546529236013547,0.8443088904307813
B-A-zscore,ALL_THREE_PRESPECIFIED_SEEDS_COMPLETED,V:0.5:back,V,0.5,back,1,703,728,0.9656593406593407,25,29,0.37336044095057375,0.8384772639663745
B-A-zscore,ALL_THREE_PRESPECIFIED_SEEDS_COMPLETED,V:0.5:back,V,0.5,back,1,703,728,0.9656593406593407,25,43,0.36841356707030654,0.8522815196458275
B-A-zscore,ALL_THREE_PRESPECIFIED_SEEDS_COMPLETED,V:0.5:random,V,0.5,random,3,703,728,0.9656593406593407,25,17,0.3546529236013547,0.8443088904307813
B-A-zscore,ALL_THREE_PRESPECIFIED_SEEDS_COMPLETED,V:0.5:random,V,0.5,random,3,703,728,0.9656593406593407,25,29,0.37336044095057375,0.8384772639663746
B-A-zscore,ALL_THREE_PRESPECIFIED_SEEDS_COMPLETED,V:0.5:random,V,0.5,random,3,703,728,0.9656593406593407,25,43,0.36841356707030654,0.8522815196458277
B-A-zscore,ALL_THREE_PRESPECIFIED_SEEDS_COMPLETED,V:0.7:front,V,0.7,front,1,694,728,0.9532967032967034,34,17,0.3546529236013547,0.8443088904307813
B-A-zscore,ALL_THREE_PRESPECIFIED_SEEDS_COMPLETED,V:0.7:front,V,0.7,front,1,694,728,0.9532967032967034,34,29,0.37336044095057375,0.8384772639663745
B-A-zscore,ALL_THREE_PRESPECIFIED_SEEDS_COMPLETED,V:0.7:front,V,0.7,front,1,694,728,0.9532967032967034,34,43,0.36841356707030654,0.8522815196458275
B-A-zscore,ALL_THREE_PRESPECIFIED_SEEDS_COMPLETED,V:0.7:middle,V,0.7,middle,1,694,728,0.9532967032967034,34,17,0.3546529236013547,0.8443088904307813
B-A-zscore,ALL_THREE_PRESPECIFIED_SEEDS_COMPLETED,V:0.7:middle,V,0.7,middle,1,694,728,0.9532967032967034,34,29,0.37336044095057375,0.8384772639663745
B-A-zscore,ALL_THREE_PRESPECIFIED_SEEDS_COMPLETED,V:0.7:middle,V,0.7,middle,1,694,728,0.9532967032967034,34,43,0.36841356707030654,0.8522815196458275
B-A-zscore,ALL_THREE_PRESPECIFIED_SEEDS_COMPLETED,V:0.7:back,V,0.7,back,1,694,728,0.9532967032967034,34,17,0.3546529236013547,0.8443088904307813
B-A-zscore,ALL_THREE_PRESPECIFIED_SEEDS_COMPLETED,V:0.7:back,V,0.7,back,1,694,728,0.9532967032967034,34,29,0.37336044095057375,0.8384772639663745
B-A-zscore,ALL_THREE_PRESPECIFIED_SEEDS_COMPLETED,V:0.7:back,V,0.7,back,1,694,728,0.9532967032967034,34,43,0.36841356707030654,0.8522815196458275
B-A-zscore,ALL_THREE_PRESPECIFIED_SEEDS_COMPLETED,V:0.7:random,V,0.7,random,3,694,728,0.9532967032967034,34,17,0.3546529236013547,0.8443088904307813
B-A-zscore,ALL_THREE_PRESPECIFIED_SEEDS_COMPLETED,V:0.7:random,V,0.7,random,3,694,728,0.9532967032967034,34,29,0.37336044095057375,0.8384772639663746
B-A-zscore,ALL_THREE_PRESPECIFIED_SEEDS_COMPLETED,V:0.7:random,V,0.7,random,3,694,728,0.9532967032967034,34,43,0.36841356707030654,0.8522815196458277
B-A-zscore,ALL_THREE_PRESPECIFIED_SEEDS_COMPLETED,TA:0.1:front,TA,0.1,front,1,724,728,0.9945054945054945,4,17,0.3398483609986385,0.8474160788333233
B-A-zscore,ALL_THREE_PRESPECIFIED_SEEDS_COMPLETED,TA:0.1:front,TA,0.1,front,1,724,728,0.9945054945054945,4,29,0.36236950172173854,0.8432214951621123
B-A-zscore,ALL_THREE_PRESPECIFIED_SEEDS_COMPLETED,TA:0.1:front,TA,0.1,front,1,724,728,0.9945054945054945,4,43,0.34607063566622825,0.8618097627753901
B-A-zscore,ALL_THREE_PRESPECIFIED_SEEDS_COMPLETED,TA:0.1:middle,TA,0.1,middle,1,724,728,0.9945054945054945,4,17,0.3363876417976576,0.8454197955726848
B-A-zscore,ALL_THREE_PRESPECIFIED_SEEDS_COMPLETED,TA:0.1:middle,TA,0.1,middle,1,724,728,0.9945054945054945,4,29,0.35904214940559864,0.8360527459062523
B-A-zscore,ALL_THREE_PRESPECIFIED_SEEDS_COMPLETED,TA:0.1:middle,TA,0.1,middle,1,724,728,0.9945054945054945,4,43,0.3594547291026043,0.8561494959547737
B-A-zscore,ALL_THREE_PRESPECIFIED_SEEDS_COMPLETED,TA:0.1:back,TA,0.1,back,1,724,728,0.9945054945054945,4,17,0.35677290859363686,0.8393328318966918
B-A-zscore,ALL_THREE_PRESPECIFIED_SEEDS_COMPLETED,TA:0.1:back,TA,0.1,back,1,724,728,0.9945054945054945,4,29,0.36496940560445723,0.8385678519078104
B-A-zscore,ALL_THREE_PRESPECIFIED_SEEDS_COMPLETED,TA:0.1:back,TA,0.1,back,1,724,728,0.9945054945054945,4,43,0.3569628442300609,0.8553578673977377
B-A-zscore,ALL_THREE_PRESPECIFIED_SEEDS_COMPLETED,TA:0.1:random,TA,0.1,random,3,724,728,0.9945054945054945,4,17,0.34916083995487784,0.8450327160984198
B-A-zscore,ALL_THREE_PRESPECIFIED_SEEDS_COMPLETED,TA:0.1:random,TA,0.1,random,3,724,728,0.9945054945054945,4,29,0.3524623593096658,0.8416133163264021
B-A-zscore,ALL_THREE_PRESPECIFIED_SEEDS_COMPLETED,TA:0.1:random,TA,0.1,random,3,724,728,0.9945054945054945,4,43,0.35166070004737277,0.8578775030035324
B-A-zscore,ALL_THREE_PRESPECIFIED_SEEDS_COMPLETED,TA:0.3:front,TA,0.3,front,1,724,728,0.9945054945054945,4,17,0.3612228537905085,0.8559650777046605
B-A-zscore,ALL_THREE_PRESPECIFIED_SEEDS_COMPLETED,TA:0.3:front,TA,0.3,front,1,724,728,0.9945054945054945,4,29,0.3652456132919422,0.8522180305065646
B-A-zscore,ALL_THREE_PRESPECIFIED_SEEDS_COMPLETED,TA:0.3:front,TA,0.3,front,1,724,728,0.9945054945054945,4,43,0.3556757962336297,0.8739236642620628
B-A-zscore,ALL_THREE_PRESPECIFIED_SEEDS_COMPLETED,TA:0.3:middle,TA,0.3,middle,1,724,728,0.9945054945054945,4,17,0.34791152623409644,0.856796218285396
B-A-zscore,ALL_THREE_PRESPECIFIED_SEEDS_COMPLETED,TA:0.3:middle,TA,0.3,middle,1,724,728,0.9945054945054945,4,29,0.3295286952736037,0.8381848936312983
B-A-zscore,ALL_THREE_PRESPECIFIED_SEEDS_COMPLETED,TA:0.3:middle,TA,0.3,middle,1,724,728,0.9945054945054945,4,43,0.37141462353466664,0.8730782615470222
B-A-zscore,ALL_THREE_PRESPECIFIED_SEEDS_COMPLETED,TA:0.3:back,TA,0.3,back,1,724,728,0.9945054945054945,4,17,0.3617785094864891,0.8579381631436542
B-A-zscore,ALL_THREE_PRESPECIFIED_SEEDS_COMPLETED,TA:0.3:back,TA,0.3,back,1,724,728,0.9945054945054945,4,29,0.3570214659504403,0.8503158028353617
B-A-zscore,ALL_THREE_PRESPECIFIED_SEEDS_COMPLETED,TA:0.3:back,TA,0.3,back,1,724,728,0.9945054945054945,4,43,0.3648203846479709,0.8688464439474046
B-A-zscore,ALL_THREE_PRESPECIFIED_SEEDS_COMPLETED,TA:0.3:random,TA,0.3,random,3,724,728,0.9945054945054945,4,17,0.3503096372283479,0.857850086579904
B-A-zscore,ALL_THREE_PRESPECIFIED_SEEDS_COMPLETED,TA:0.3:random,TA,0.3,random,3,724,728,0.9945054945054945,4,29,0.35024149852155545,0.8493218573587247
B-A-zscore,ALL_THREE_PRESPECIFIED_SEEDS_COMPLETED,TA:0.3:random,TA,0.3,random,3,724,728,0.9945054945054945,4,43,0.36102426736877974,0.8705593767810882
B-A-zscore,ALL_THREE_PRESPECIFIED_SEEDS_COMPLETED,TA:0.5:front,TA,0.5,front,1,724,728,0.9945054945054945,4,17,0.3636046625669647,0.8675792353315046
B-A-zscore,ALL_THREE_PRESPECIFIED_SEEDS_COMPLETED,TA:0.5:front,TA,0.5,front,1,724,728,0.9945054945054945,4,29,0.3463330807174292,0.8587739726456246
B-A-zscore,ALL_THREE_PRESPECIFIED_SEEDS_COMPLETED,TA:0.5:front,TA,0.5,front,1,724,728,0.9945054945054945,4,43,0.3675368063934072,0.8875776623589355
B-A-zscore,ALL_THREE_PRESPECIFIED_SEEDS_COMPLETED,TA:0.5:middle,TA,0.5,middle,1,724,728,0.9945054945054945,4,17,0.32756919415646574,0.8834767134354519
B-A-zscore,ALL_THREE_PRESPECIFIED_SEEDS_COMPLETED,TA:0.5:middle,TA,0.5,middle,1,724,728,0.9945054945054945,4,29,0.34584859473715995,0.8452126774532339
B-A-zscore,ALL_THREE_PRESPECIFIED_SEEDS_COMPLETED,TA:0.5:middle,TA,0.5,middle,1,724,728,0.9945054945054945,4,43,0.36219016405186616,0.8851308616388022
B-A-zscore,ALL_THREE_PRESPECIFIED_SEEDS_COMPLETED,TA:0.5:back,TA,0.5,back,1,724,728,0.9945054945054945,4,17,0.32421559236016123,0.880109018993028
B-A-zscore,ALL_THREE_PRESPECIFIED_SEEDS_COMPLETED,TA:0.5:back,TA,0.5,back,1,724,728,0.9945054945054945,4,29,0.33191723550467944,0.8677627741231885
B-A-zscore,ALL_THREE_PRESPECIFIED_SEEDS_COMPLETED,TA:0.5:back,TA,0.5,back,1,724,728,0.9945054945054945,4,43,0.3629167143457191,0.8993481566402217
B-A-zscore,ALL_THREE_PRESPECIFIED_SEEDS_COMPLETED,TA:0.5:random,TA,0.5,random,3,724,728,0.9945054945054945,4,17,0.3455746297838808,0.8715701573178677
B-A-zscore,ALL_THREE_PRESPECIFIED_SEEDS_COMPLETED,TA:0.5:random,TA,0.5,random,3,724,728,0.9945054945054945,4,29,0.3340517035447121,0.8534113485847973
B-A-zscore,ALL_THREE_PRESPECIFIED_SEEDS_COMPLETED,TA:0.5:random,TA,0.5,random,3,724,728,0.9945054945054945,4,43,0.35505753686585306,0.8788434617549067
B-A-zscore,ALL_THREE_PRESPECIFIED_SEEDS_COMPLETED,TA:0.7:front,TA,0.7,front,1,718,728,0.9862637362637363,10,17,0.34251620813169154,0.9215026291360398
B-A-zscore,ALL_THREE_PRESPECIFIED_SEEDS_COMPLETED,TA:0.7:front,TA,0.7,front,1,718,728,0.9862637362637363,10,29,0.3406096260952349,0.8850755268176327
B-A-zscore,ALL_THREE_PRESPECIFIED_SEEDS_COMPLETED,TA:0.7:front,TA,0.7,front,1,718,728,0.9862637362637363,10,43,0.3351666439290391,0.9401960817891989
B-A-zscore,ALL_THREE_PRESPECIFIED_SEEDS_COMPLETED,TA:0.7:middle,TA,0.7,middle,1,718,728,0.9862637362637363,10,17,0.33790919649014906,0.9081278638432895
B-A-zscore,ALL_THREE_PRESPECIFIED_SEEDS_COMPLETED,TA:0.7:middle,TA,0.7,middle,1,718,728,0.9862637362637363,10,29,0.35010701334718225,0.8669857777985182
B-A-zscore,ALL_THREE_PRESPECIFIED_SEEDS_COMPLETED,TA:0.7:middle,TA,0.7,middle,1,718,728,0.9862637362637363,10,43,0.36781322534024596,0.8939265401907276
B-A-zscore,ALL_THREE_PRESPECIFIED_SEEDS_COMPLETED,TA:0.7:back,TA,0.7,back,1,718,728,0.9862637362637363,10,17,0.3300641712645047,0.9078187607279927
B-A-zscore,ALL_THREE_PRESPECIFIED_SEEDS_COMPLETED,TA:0.7:back,TA,0.7,back,1,718,728,0.9862637362637363,10,29,0.3340366229762801,0.8977196477830108
B-A-zscore,ALL_THREE_PRESPECIFIED_SEEDS_COMPLETED,TA:0.7:back,TA,0.7,back,1,718,728,0.9862637362637363,10,43,0.3533796641019277,0.9142539617184942
B-A-zscore,ALL_THREE_PRESPECIFIED_SEEDS_COMPLETED,TA:0.7:random,TA,0.7,random,3,718,728,0.9862637362637363,10,17,0.3327142142502703,0.9291590508816622
B-A-zscore,ALL_THREE_PRESPECIFIED_SEEDS_COMPLETED,TA:0.7:random,TA,0.7,random,3,718,728,0.9862637362637363,10,29,0.33681964944519144,0.8898522291883003
B-A-zscore,ALL_THREE_PRESPECIFIED_SEEDS_COMPLETED,TA:0.7:random,TA,0.7,random,3,718,728,0.9862637362637363,10,43,0.3552864934537056,0.9293270502689349
B-A-zscore,ALL_THREE_PRESPECIFIED_SEEDS_COMPLETED,TV:0.1:front,TV,0.1,front,1,703,728,0.9656593406593407,25,17,0.3546529236013547,0.8443088904307813
B-A-zscore,ALL_THREE_PRESPECIFIED_SEEDS_COMPLETED,TV:0.1:front,TV,0.1,front,1,703,728,0.9656593406593407,25,29,0.37336044095057375,0.8384772639663745
B-A-zscore,ALL_THREE_PRESPECIFIED_SEEDS_COMPLETED,TV:0.1:front,TV,0.1,front,1,703,728,0.9656593406593407,25,43,0.36841356707030654,0.8522815196458275
B-A-zscore,ALL_THREE_PRESPECIFIED_SEEDS_COMPLETED,TV:0.1:middle,TV,0.1,middle,1,703,728,0.9656593406593407,25,17,0.3546529236013547,0.8443088904307813
B-A-zscore,ALL_THREE_PRESPECIFIED_SEEDS_COMPLETED,TV:0.1:middle,TV,0.1,middle,1,703,728,0.9656593406593407,25,29,0.37336044095057375,0.8384772639663745
B-A-zscore,ALL_THREE_PRESPECIFIED_SEEDS_COMPLETED,TV:0.1:middle,TV,0.1,middle,1,703,728,0.9656593406593407,25,43,0.36841356707030654,0.8522815196458275
B-A-zscore,ALL_THREE_PRESPECIFIED_SEEDS_COMPLETED,TV:0.1:back,TV,0.1,back,1,703,728,0.9656593406593407,25,17,0.3546529236013547,0.8443088904307813
B-A-zscore,ALL_THREE_PRESPECIFIED_SEEDS_COMPLETED,TV:0.1:back,TV,0.1,back,1,703,728,0.9656593406593407,25,29,0.37336044095057375,0.8384772639663745
B-A-zscore,ALL_THREE_PRESPECIFIED_SEEDS_COMPLETED,TV:0.1:back,TV,0.1,back,1,703,728,0.9656593406593407,25,43,0.36841356707030654,0.8522815196458275
B-A-zscore,ALL_THREE_PRESPECIFIED_SEEDS_COMPLETED,TV:0.1:random,TV,0.1,random,3,703,728,0.9656593406593407,25,17,0.3546529236013547,0.8443088904307813
B-A-zscore,ALL_THREE_PRESPECIFIED_SEEDS_COMPLETED,TV:0.1:random,TV,0.1,random,3,703,728,0.9656593406593407,25,29,0.37336044095057375,0.8384772639663746
B-A-zscore,ALL_THREE_PRESPECIFIED_SEEDS_COMPLETED,TV:0.1:random,TV,0.1,random,3,703,728,0.9656593406593407,25,43,0.36841356707030654,0.8522815196458277
B-A-zscore,ALL_THREE_PRESPECIFIED_SEEDS_COMPLETED,TV:0.3:front,TV,0.3,front,1,703,728,0.9656593406593407,25,17,0.3546529236013547,0.8443088904307813
B-A-zscore,ALL_THREE_PRESPECIFIED_SEEDS_COMPLETED,TV:0.3:front,TV,0.3,front,1,703,728,0.9656593406593407,25,29,0.37336044095057375,0.8384772639663745
B-A-zscore,ALL_THREE_PRESPECIFIED_SEEDS_COMPLETED,TV:0.3:front,TV,0.3,front,1,703,728,0.9656593406593407,25,43,0.36841356707030654,0.8522815196458275
B-A-zscore,ALL_THREE_PRESPECIFIED_SEEDS_COMPLETED,TV:0.3:middle,TV,0.3,middle,1,703,728,0.9656593406593407,25,17,0.3546529236013547,0.8443088904307813
B-A-zscore,ALL_THREE_PRESPECIFIED_SEEDS_COMPLETED,TV:0.3:middle,TV,0.3,middle,1,703,728,0.9656593406593407,25,29,0.37336044095057375,0.8384772639663745
B-A-zscore,ALL_THREE_PRESPECIFIED_SEEDS_COMPLETED,TV:0.3:middle,TV,0.3,middle,1,703,728,0.9656593406593407,25,43,0.36841356707030654,0.8522815196458275
B-A-zscore,ALL_THREE_PRESPECIFIED_SEEDS_COMPLETED,TV:0.3:back,TV,0.3,back,1,703,728,0.9656593406593407,25,17,0.3546529236013547,0.8443088904307813
B-A-zscore,ALL_THREE_PRESPECIFIED_SEEDS_COMPLETED,TV:0.3:back,TV,0.3,back,1,703,728,0.9656593406593407,25,29,0.37336044095057375,0.8384772639663745
B-A-zscore,ALL_THREE_PRESPECIFIED_SEEDS_COMPLETED,TV:0.3:back,TV,0.3,back,1,703,728,0.9656593406593407,25,43,0.36841356707030654,0.8522815196458275
B-A-zscore,ALL_THREE_PRESPECIFIED_SEEDS_COMPLETED,TV:0.3:random,TV,0.3,random,3,703,728,0.9656593406593407,25,17,0.3546529236013547,0.8443088904307813
B-A-zscore,ALL_THREE_PRESPECIFIED_SEEDS_COMPLETED,TV:0.3:random,TV,0.3,random,3,703,728,0.9656593406593407,25,29,0.37336044095057375,0.8384772639663746
B-A-zscore,ALL_THREE_PRESPECIFIED_SEEDS_COMPLETED,TV:0.3:random,TV,0.3,random,3,703,728,0.9656593406593407,25,43,0.36841356707030654,0.8522815196458277
B-A-zscore,ALL_THREE_PRESPECIFIED_SEEDS_COMPLETED,TV:0.5:front,TV,0.5,front,1,703,728,0.9656593406593407,25,17,0.3546529236013547,0.8443088904307813
B-A-zscore,ALL_THREE_PRESPECIFIED_SEEDS_COMPLETED,TV:0.5:front,TV,0.5,front,1,703,728,0.9656593406593407,25,29,0.37336044095057375,0.8384772639663745
B-A-zscore,ALL_THREE_PRESPECIFIED_SEEDS_COMPLETED,TV:0.5:front,TV,0.5,front,1,703,728,0.9656593406593407,25,43,0.36841356707030654,0.8522815196458275
B-A-zscore,ALL_THREE_PRESPECIFIED_SEEDS_COMPLETED,TV:0.5:middle,TV,0.5,middle,1,703,728,0.9656593406593407,25,17,0.3546529236013547,0.8443088904307813
B-A-zscore,ALL_THREE_PRESPECIFIED_SEEDS_COMPLETED,TV:0.5:middle,TV,0.5,middle,1,703,728,0.9656593406593407,25,29,0.37336044095057375,0.8384772639663745
B-A-zscore,ALL_THREE_PRESPECIFIED_SEEDS_COMPLETED,TV:0.5:middle,TV,0.5,middle,1,703,728,0.9656593406593407,25,43,0.36841356707030654,0.8522815196458275
B-A-zscore,ALL_THREE_PRESPECIFIED_SEEDS_COMPLETED,TV:0.5:back,TV,0.5,back,1,703,728,0.9656593406593407,25,17,0.3546529236013547,0.8443088904307813
B-A-zscore,ALL_THREE_PRESPECIFIED_SEEDS_COMPLETED,TV:0.5:back,TV,0.5,back,1,703,728,0.9656593406593407,25,29,0.37336044095057375,0.8384772639663745
B-A-zscore,ALL_THREE_PRESPECIFIED_SEEDS_COMPLETED,TV:0.5:back,TV,0.5,back,1,703,728,0.9656593406593407,25,43,0.36841356707030654,0.8522815196458275
B-A-zscore,ALL_THREE_PRESPECIFIED_SEEDS_COMPLETED,TV:0.5:random,TV,0.5,random,3,703,728,0.9656593406593407,25,17,0.3546529236013547,0.8443088904307813
B-A-zscore,ALL_THREE_PRESPECIFIED_SEEDS_COMPLETED,TV:0.5:random,TV,0.5,random,3,703,728,0.9656593406593407,25,29,0.37336044095057375,0.8384772639663746
B-A-zscore,ALL_THREE_PRESPECIFIED_SEEDS_COMPLETED,TV:0.5:random,TV,0.5,random,3,703,728,0.9656593406593407,25,43,0.36841356707030654,0.8522815196458277
B-A-zscore,ALL_THREE_PRESPECIFIED_SEEDS_COMPLETED,TV:0.7:front,TV,0.7,front,1,694,728,0.9532967032967034,34,17,0.3546529236013547,0.8443088904307813
B-A-zscore,ALL_THREE_PRESPECIFIED_SEEDS_COMPLETED,TV:0.7:front,TV,0.7,front,1,694,728,0.9532967032967034,34,29,0.37336044095057375,0.8384772639663745
B-A-zscore,ALL_THREE_PRESPECIFIED_SEEDS_COMPLETED,TV:0.7:front,TV,0.7,front,1,694,728,0.9532967032967034,34,43,0.36841356707030654,0.8522815196458275
B-A-zscore,ALL_THREE_PRESPECIFIED_SEEDS_COMPLETED,TV:0.7:middle,TV,0.7,middle,1,694,728,0.9532967032967034,34,17,0.3546529236013547,0.8443088904307813
B-A-zscore,ALL_THREE_PRESPECIFIED_SEEDS_COMPLETED,TV:0.7:middle,TV,0.7,middle,1,694,728,0.9532967032967034,34,29,0.37336044095057375,0.8384772639663745
B-A-zscore,ALL_THREE_PRESPECIFIED_SEEDS_COMPLETED,TV:0.7:middle,TV,0.7,middle,1,694,728,0.9532967032967034,34,43,0.36841356707030654,0.8522815196458275
B-A-zscore,ALL_THREE_PRESPECIFIED_SEEDS_COMPLETED,TV:0.7:back,TV,0.7,back,1,694,728,0.9532967032967034,34,17,0.3546529236013547,0.8443088904307813
B-A-zscore,ALL_THREE_PRESPECIFIED_SEEDS_COMPLETED,TV:0.7:back,TV,0.7,back,1,694,728,0.9532967032967034,34,29,0.37336044095057375,0.8384772639663745
B-A-zscore,ALL_THREE_PRESPECIFIED_SEEDS_COMPLETED,TV:0.7:back,TV,0.7,back,1,694,728,0.9532967032967034,34,43,0.36841356707030654,0.8522815196458275
B-A-zscore,ALL_THREE_PRESPECIFIED_SEEDS_COMPLETED,TV:0.7:random,TV,0.7,random,3,694,728,0.9532967032967034,34,17,0.3546529236013547,0.8443088904307813
B-A-zscore,ALL_THREE_PRESPECIFIED_SEEDS_COMPLETED,TV:0.7:random,TV,0.7,random,3,694,728,0.9532967032967034,34,29,0.37336044095057375,0.8384772639663746
B-A-zscore,ALL_THREE_PRESPECIFIED_SEEDS_COMPLETED,TV:0.7:random,TV,0.7,random,3,694,728,0.9532967032967034,34,43,0.36841356707030654,0.8522815196458277
B-A-zscore,ALL_THREE_PRESPECIFIED_SEEDS_COMPLETED,AV:0.1:front,AV,0.1,front,1,703,728,0.9656593406593407,25,17,0.33903624247674413,0.8470275313945251
B-A-zscore,ALL_THREE_PRESPECIFIED_SEEDS_COMPLETED,AV:0.1:front,AV,0.1,front,1,703,728,0.9656593406593407,25,29,0.3640373873126486,0.8435843286173582
B-A-zscore,ALL_THREE_PRESPECIFIED_SEEDS_COMPLETED,AV:0.1:front,AV,0.1,front,1,703,728,0.9656593406593407,25,43,0.34585700237475026,0.8612812524914082
B-A-zscore,ALL_THREE_PRESPECIFIED_SEEDS_COMPLETED,AV:0.1:middle,AV,0.1,middle,1,703,728,0.9656593406593407,25,17,0.3391689749186444,0.8456497697988308
B-A-zscore,ALL_THREE_PRESPECIFIED_SEEDS_COMPLETED,AV:0.1:middle,AV,0.1,middle,1,703,728,0.9656593406593407,25,29,0.3569966272318265,0.8358711909335158
B-A-zscore,ALL_THREE_PRESPECIFIED_SEEDS_COMPLETED,AV:0.1:middle,AV,0.1,middle,1,703,728,0.9656593406593407,25,43,0.36069577940625264,0.8565602075589366
B-A-zscore,ALL_THREE_PRESPECIFIED_SEEDS_COMPLETED,AV:0.1:back,AV,0.1,back,1,703,728,0.9656593406593407,25,17,0.35270122034827917,0.8398292571887346
B-A-zscore,ALL_THREE_PRESPECIFIED_SEEDS_COMPLETED,AV:0.1:back,AV,0.1,back,1,703,728,0.9656593406593407,25,29,0.3641493331076268,0.8384388484840172
B-A-zscore,ALL_THREE_PRESPECIFIED_SEEDS_COMPLETED,AV:0.1:back,AV,0.1,back,1,703,728,0.9656593406593407,25,43,0.35778501914573796,0.8524416963866295
B-A-zscore,ALL_THREE_PRESPECIFIED_SEEDS_COMPLETED,AV:0.1:random,AV,0.1,random,3,703,728,0.9656593406593407,25,17,0.3437771388869484,0.8469229022709605
B-A-zscore,ALL_THREE_PRESPECIFIED_SEEDS_COMPLETED,AV:0.1:random,AV,0.1,random,3,703,728,0.9656593406593407,25,29,0.36350948743639816,0.8407897124552653
B-A-zscore,ALL_THREE_PRESPECIFIED_SEEDS_COMPLETED,AV:0.1:random,AV,0.1,random,3,703,728,0.9656593406593407,25,43,0.35844256686361115,0.8577593932467816
B-A-zscore,ALL_THREE_PRESPECIFIED_SEEDS_COMPLETED,AV:0.3:front,AV,0.3,front,1,703,728,0.9656593406593407,25,17,0.35662523044243266,0.8560984049681293
B-A-zscore,ALL_THREE_PRESPECIFIED_SEEDS_COMPLETED,AV:0.3:front,AV,0.3,front,1,703,728,0.9656593406593407,25,29,0.3668479427066805,0.8504854294176887
B-A-zscore,ALL_THREE_PRESPECIFIED_SEEDS_COMPLETED,AV:0.3:front,AV,0.3,front,1,703,728,0.9656593406593407,25,43,0.3572772199257672,0.870595155927611
B-A-zscore,ALL_THREE_PRESPECIFIED_SEEDS_COMPLETED,AV:0.3:middle,AV,0.3,middle,1,703,728,0.9656593406593407,25,17,0.3496865454552962,0.8584640466663757
B-A-zscore,ALL_THREE_PRESPECIFIED_SEEDS_COMPLETED,AV:0.3:middle,AV,0.3,middle,1,703,728,0.9656593406593407,25,29,0.3303261629474629,0.8379140939295822
B-A-zscore,ALL_THREE_PRESPECIFIED_SEEDS_COMPLETED,AV:0.3:middle,AV,0.3,middle,1,703,728,0.9656593406593407,25,43,0.37198391087384475,0.8740338214457541
B-A-zscore,ALL_THREE_PRESPECIFIED_SEEDS_COMPLETED,AV:0.3:back,AV,0.3,back,1,703,728,0.9656593406593407,25,17,0.3577370748622944,0.8589814528503077
B-A-zscore,ALL_THREE_PRESPECIFIED_SEEDS_COMPLETED,AV:0.3:back,AV,0.3,back,1,703,728,0.9656593406593407,25,29,0.3570214659504403,0.8501482479186961
B-A-zscore,ALL_THREE_PRESPECIFIED_SEEDS_COMPLETED,AV:0.3:back,AV,0.3,back,1,703,728,0.9656593406593407,25,43,0.3633731437941357,0.8676408991664725
B-A-zscore,ALL_THREE_PRESPECIFIED_SEEDS_COMPLETED,AV:0.3:random,AV,0.3,random,3,703,728,0.9656593406593407,25,17,0.34721755376989316,0.8557569669193295
B-A-zscore,ALL_THREE_PRESPECIFIED_SEEDS_COMPLETED,AV:0.3:random,AV,0.3,random,3,703,728,0.9656593406593407,25,29,0.3466617525769618,0.851308809415552
B-A-zscore,ALL_THREE_PRESPECIFIED_SEEDS_COMPLETED,AV:0.3:random,AV,0.3,random,3,703,728,0.9656593406593407,25,43,0.36380718526461503,0.8733951079152992
B-A-zscore,ALL_THREE_PRESPECIFIED_SEEDS_COMPLETED,AV:0.5:front,AV,0.5,front,1,703,728,0.9656593406593407,25,17,0.36446584194003045,0.8648798979396976
B-A-zscore,ALL_THREE_PRESPECIFIED_SEEDS_COMPLETED,AV:0.5:front,AV,0.5,front,1,703,728,0.9656593406593407,25,29,0.3487993487993488,0.8562252638745761
B-A-zscore,ALL_THREE_PRESPECIFIED_SEEDS_COMPLETED,AV:0.5:front,AV,0.5,front,1,703,728,0.9656593406593407,25,43,0.3667907071621331,0.8820418525902314
B-A-zscore,ALL_THREE_PRESPECIFIED_SEEDS_COMPLETED,AV:0.5:middle,AV,0.5,middle,1,703,728,0.9656593406593407,25,17,0.3260082770007589,0.8846192538665011
B-A-zscore,ALL_THREE_PRESPECIFIED_SEEDS_COMPLETED,AV:0.5:middle,AV,0.5,middle,1,703,728,0.9656593406593407,25,29,0.3466573381032214,0.8451694890549394
B-A-zscore,ALL_THREE_PRESPECIFIED_SEEDS_COMPLETED,AV:0.5:middle,AV,0.5,middle,1,703,728,0.9656593406593407,25,43,0.3661896163192651,0.8852236048794341
B-A-zscore,ALL_THREE_PRESPECIFIED_SEEDS_COMPLETED,AV:0.5:back,AV,0.5,back,1,703,728,0.9656593406593407,25,17,0.3249852552687524,0.8808227425166418
B-A-zscore,ALL_THREE_PRESPECIFIED_SEEDS_COMPLETED,AV:0.5:back,AV,0.5,back,1,703,728,0.9656593406593407,25,29,0.3326251905540089,0.8675517640246083
B-A-zscore,ALL_THREE_PRESPECIFIED_SEEDS_COMPLETED,AV:0.5:back,AV,0.5,back,1,703,728,0.9656593406593407,25,43,0.35839676166897066,0.8975315209661078
B-A-zscore,ALL_THREE_PRESPECIFIED_SEEDS_COMPLETED,AV:0.5:random,AV,0.5,random,3,703,728,0.9656593406593407,25,17,0.34040231634980306,0.87453750468014
B-A-zscore,ALL_THREE_PRESPECIFIED_SEEDS_COMPLETED,AV:0.5:random,AV,0.5,random,3,703,728,0.9656593406593407,25,29,0.3504486461523912,0.8540055383012896
B-A-zscore,ALL_THREE_PRESPECIFIED_SEEDS_COMPLETED,AV:0.5:random,AV,0.5,random,3,703,728,0.9656593406593407,25,43,0.35175194955155314,0.8897539798865196
B-A-zscore,ALL_THREE_PRESPECIFIED_SEEDS_COMPLETED,AV:0.7:front,AV,0.7,front,1,694,728,0.9532967032967034,34,17,0.3434879026903566,0.9215102291990271
B-A-zscore,ALL_THREE_PRESPECIFIED_SEEDS_COMPLETED,AV:0.7:front,AV,0.7,front,1,694,728,0.9532967032967034,34,29,0.3449260197848744,0.882832049814649
B-A-zscore,ALL_THREE_PRESPECIFIED_SEEDS_COMPLETED,AV:0.7:front,AV,0.7,front,1,694,728,0.9532967032967034,34,43,0.3415268653574772,0.9336134248624548
B-A-zscore,ALL_THREE_PRESPECIFIED_SEEDS_COMPLETED,AV:0.7:middle,AV,0.7,middle,1,694,728,0.9532967032967034,34,17,0.34016908349579883,0.9044242620339891
B-A-zscore,ALL_THREE_PRESPECIFIED_SEEDS_COMPLETED,AV:0.7:middle,AV,0.7,middle,1,694,728,0.9532967032967034,34,29,0.35095161900280775,0.8665927754693337
B-A-zscore,ALL_THREE_PRESPECIFIED_SEEDS_COMPLETED,AV:0.7:middle,AV,0.7,middle,1,694,728,0.9532967032967034,34,43,0.36925418900855916,0.896316558637229
B-A-zscore,ALL_THREE_PRESPECIFIED_SEEDS_COMPLETED,AV:0.7:back,AV,0.7,back,1,694,728,0.9532967032967034,34,17,0.32954576431165955,0.9075018204070607
B-A-zscore,ALL_THREE_PRESPECIFIED_SEEDS_COMPLETED,AV:0.7:back,AV,0.7,back,1,694,728,0.9532967032967034,34,29,0.33143051107851534,0.8971109855574668
B-A-zscore,ALL_THREE_PRESPECIFIED_SEEDS_COMPLETED,AV:0.7:back,AV,0.7,back,1,694,728,0.9532967032967034,34,43,0.3490088674507213,0.9127327426486063
B-A-zscore,ALL_THREE_PRESPECIFIED_SEEDS_COMPLETED,AV:0.7:random,AV,0.7,random,3,694,728,0.9532967032967034,34,17,0.3385816862974482,0.9120919168836159
B-A-zscore,ALL_THREE_PRESPECIFIED_SEEDS_COMPLETED,AV:0.7:random,AV,0.7,random,3,694,728,0.9532967032967034,34,29,0.3439665221292511,0.8810122520602611
B-A-zscore,ALL_THREE_PRESPECIFIED_SEEDS_COMPLETED,AV:0.7:random,AV,0.7,random,3,694,728,0.9532967032967034,34,43,0.3470598734173585,0.9247357606605414
B-CAT-identity,ALL_THREE_PRESPECIFIED_SEEDS_COMPLETED,T:0.1:front,T,0.1,front,1,728,728,1.0,0,17,0.6134766544513973,0.6405191996981068
B-CAT-identity,ALL_THREE_PRESPECIFIED_SEEDS_COMPLETED,T:0.1:front,T,0.1,front,1,728,728,1.0,0,29,0.5823295027774402,0.7142831655059286
B-CAT-identity,ALL_THREE_PRESPECIFIED_SEEDS_COMPLETED,T:0.1:front,T,0.1,front,1,728,728,1.0,0,43,0.6036795845946644,0.6795742085401738
B-CAT-identity,ALL_THREE_PRESPECIFIED_SEEDS_COMPLETED,T:0.1:middle,T,0.1,middle,1,728,728,1.0,0,17,0.6044927940399908,0.6405667835201462
B-CAT-identity,ALL_THREE_PRESPECIFIED_SEEDS_COMPLETED,T:0.1:middle,T,0.1,middle,1,728,728,1.0,0,29,0.5906720270984763,0.7000904406246903
B-CAT-identity,ALL_THREE_PRESPECIFIED_SEEDS_COMPLETED,T:0.1:middle,T,0.1,middle,1,728,728,1.0,0,43,0.5987360351092622,0.6813109511078417
B-CAT-identity,ALL_THREE_PRESPECIFIED_SEEDS_COMPLETED,T:0.1:back,T,0.1,back,1,728,728,1.0,0,17,0.6099248017257658,0.6419875054705919
B-CAT-identity,ALL_THREE_PRESPECIFIED_SEEDS_COMPLETED,T:0.1:back,T,0.1,back,1,728,728,1.0,0,29,0.5873101908849132,0.7347065692141929
B-CAT-identity,ALL_THREE_PRESPECIFIED_SEEDS_COMPLETED,T:0.1:back,T,0.1,back,1,728,728,1.0,0,43,0.604137113288486,0.6767561981088854
B-CAT-identity,ALL_THREE_PRESPECIFIED_SEEDS_COMPLETED,T:0.1:random,T,0.1,random,3,728,728,1.0,0,17,0.6197940250417338,0.6409908573070372
B-CAT-identity,ALL_THREE_PRESPECIFIED_SEEDS_COMPLETED,T:0.1:random,T,0.1,random,3,728,728,1.0,0,29,0.5895825128502313,0.7054836431507749
B-CAT-identity,ALL_THREE_PRESPECIFIED_SEEDS_COMPLETED,T:0.1:random,T,0.1,random,3,728,728,1.0,0,43,0.6028077244206839,0.6844600867730267
B-CAT-identity,ALL_THREE_PRESPECIFIED_SEEDS_COMPLETED,T:0.3:front,T,0.3,front,1,728,728,1.0,0,17,0.615528922983389,0.6534117851651
B-CAT-identity,ALL_THREE_PRESPECIFIED_SEEDS_COMPLETED,T:0.3:front,T,0.3,front,1,728,728,1.0,0,29,0.5840820265897854,0.7224692064033601
B-CAT-identity,ALL_THREE_PRESPECIFIED_SEEDS_COMPLETED,T:0.3:front,T,0.3,front,1,728,728,1.0,0,43,0.5855652595439037,0.7012119751582229
B-CAT-identity,ALL_THREE_PRESPECIFIED_SEEDS_COMPLETED,T:0.3:middle,T,0.3,middle,1,728,728,1.0,0,17,0.6073815809104719,0.6430880799996705
B-CAT-identity,ALL_THREE_PRESPECIFIED_SEEDS_COMPLETED,T:0.3:middle,T,0.3,middle,1,728,728,1.0,0,29,0.5780120536469306,0.6874164868284345
B-CAT-identity,ALL_THREE_PRESPECIFIED_SEEDS_COMPLETED,T:0.3:middle,T,0.3,middle,1,728,728,1.0,0,43,0.6047515254124302,0.6925236083148815
B-CAT-identity,ALL_THREE_PRESPECIFIED_SEEDS_COMPLETED,T:0.3:back,T,0.3,back,1,728,728,1.0,0,17,0.6055858632689449,0.6494949477543072
B-CAT-identity,ALL_THREE_PRESPECIFIED_SEEDS_COMPLETED,T:0.3:back,T,0.3,back,1,728,728,1.0,0,29,0.5754175141618445,0.737492781705901
B-CAT-identity,ALL_THREE_PRESPECIFIED_SEEDS_COMPLETED,T:0.3:back,T,0.3,back,1,728,728,1.0,0,43,0.5996408344536294,0.6832848458411168
B-CAT-identity,ALL_THREE_PRESPECIFIED_SEEDS_COMPLETED,T:0.3:random,T,0.3,random,3,728,728,1.0,0,17,0.598653118454791,0.6518425607824384
B-CAT-identity,ALL_THREE_PRESPECIFIED_SEEDS_COMPLETED,T:0.3:random,T,0.3,random,3,728,728,1.0,0,29,0.572667085193522,0.706347886309831
B-CAT-identity,ALL_THREE_PRESPECIFIED_SEEDS_COMPLETED,T:0.3:random,T,0.3,random,3,728,728,1.0,0,43,0.587308325681046,0.6947286589507519
B-CAT-identity,ALL_THREE_PRESPECIFIED_SEEDS_COMPLETED,T:0.5:front,T,0.5,front,1,728,728,1.0,0,17,0.5976552780170351,0.6707826756176943
B-CAT-identity,ALL_THREE_PRESPECIFIED_SEEDS_COMPLETED,T:0.5:front,T,0.5,front,1,728,728,1.0,0,29,0.5734301947678059,0.7199288752732113
B-CAT-identity,ALL_THREE_PRESPECIFIED_SEEDS_COMPLETED,T:0.5:front,T,0.5,front,1,728,728,1.0,0,43,0.5931020141190207,0.7268455798091984
B-CAT-identity,ALL_THREE_PRESPECIFIED_SEEDS_COMPLETED,T:0.5:middle,T,0.5,middle,1,728,728,1.0,0,17,0.5853652383331808,0.6476974239221718
B-CAT-identity,ALL_THREE_PRESPECIFIED_SEEDS_COMPLETED,T:0.5:middle,T,0.5,middle,1,728,728,1.0,0,29,0.582588330433158,0.6804072708505523
B-CAT-identity,ALL_THREE_PRESPECIFIED_SEEDS_COMPLETED,T:0.5:middle,T,0.5,middle,1,728,728,1.0,0,43,0.5991413195003181,0.7137620919339287
B-CAT-identity,ALL_THREE_PRESPECIFIED_SEEDS_COMPLETED,T:0.5:back,T,0.5,back,1,728,728,1.0,0,17,0.591929770650848,0.6568869191991386
B-CAT-identity,ALL_THREE_PRESPECIFIED_SEEDS_COMPLETED,T:0.5:back,T,0.5,back,1,728,728,1.0,0,29,0.5668347561509531,0.7423134342198654
B-CAT-identity,ALL_THREE_PRESPECIFIED_SEEDS_COMPLETED,T:0.5:back,T,0.5,back,1,728,728,1.0,0,43,0.5884893307828526,0.6916816967077666
B-CAT-identity,ALL_THREE_PRESPECIFIED_SEEDS_COMPLETED,T:0.5:random,T,0.5,random,3,728,728,1.0,0,17,0.5933294700915575,0.6558604888456375
B-CAT-identity,ALL_THREE_PRESPECIFIED_SEEDS_COMPLETED,T:0.5:random,T,0.5,random,3,728,728,1.0,0,29,0.5694250562730243,0.7049351810366162
B-CAT-identity,ALL_THREE_PRESPECIFIED_SEEDS_COMPLETED,T:0.5:random,T,0.5,random,3,728,728,1.0,0,43,0.5915564220502311,0.7121194507166292
B-CAT-identity,ALL_THREE_PRESPECIFIED_SEEDS_COMPLETED,T:0.7:front,T,0.7,front,1,728,728,1.0,0,17,0.5933617575120284,0.6818699702655047
B-CAT-identity,ALL_THREE_PRESPECIFIED_SEEDS_COMPLETED,T:0.7:front,T,0.7,front,1,728,728,1.0,0,29,0.5666069611776686,0.7079919671264329
B-CAT-identity,ALL_THREE_PRESPECIFIED_SEEDS_COMPLETED,T:0.7:front,T,0.7,front,1,728,728,1.0,0,43,0.583719951764111,0.7647501409997598
B-CAT-identity,ALL_THREE_PRESPECIFIED_SEEDS_COMPLETED,T:0.7:middle,T,0.7,middle,1,728,728,1.0,0,17,0.5669840913778471,0.6636318071204197
B-CAT-identity,ALL_THREE_PRESPECIFIED_SEEDS_COMPLETED,T:0.7:middle,T,0.7,middle,1,728,728,1.0,0,29,0.5878689894265676,0.6878153319258862
B-CAT-identity,ALL_THREE_PRESPECIFIED_SEEDS_COMPLETED,T:0.7:middle,T,0.7,middle,1,728,728,1.0,0,43,0.582114127702363,0.7726097039862857
B-CAT-identity,ALL_THREE_PRESPECIFIED_SEEDS_COMPLETED,T:0.7:back,T,0.7,back,1,728,728,1.0,0,17,0.5745252684906496,0.6820059433346934
B-CAT-identity,ALL_THREE_PRESPECIFIED_SEEDS_COMPLETED,T:0.7:back,T,0.7,back,1,728,728,1.0,0,29,0.5503923043248885,0.7310448326714143
B-CAT-identity,ALL_THREE_PRESPECIFIED_SEEDS_COMPLETED,T:0.7:back,T,0.7,back,1,728,728,1.0,0,43,0.5631470471196836,0.7166922739737317
B-CAT-identity,ALL_THREE_PRESPECIFIED_SEEDS_COMPLETED,T:0.7:random,T,0.7,random,3,728,728,1.0,0,17,0.5766150453815851,0.6695723003296216
B-CAT-identity,ALL_THREE_PRESPECIFIED_SEEDS_COMPLETED,T:0.7:random,T,0.7,random,3,728,728,1.0,0,29,0.5818069569795118,0.6947756562805321
B-CAT-identity,ALL_THREE_PRESPECIFIED_SEEDS_COMPLETED,T:0.7:random,T,0.7,random,3,728,728,1.0,0,43,0.5865375763493786,0.7546900291047648
B-CAT-identity,ALL_THREE_PRESPECIFIED_SEEDS_COMPLETED,A:0.1:front,A,0.1,front,1,724,728,0.9945054945054945,4,17,0.6161061198280877,0.6390875137182704
B-CAT-identity,ALL_THREE_PRESPECIFIED_SEEDS_COMPLETED,A:0.1:front,A,0.1,front,1,724,728,0.9945054945054945,4,29,0.5951315848631884,0.7056450997907822
B-CAT-identity,ALL_THREE_PRESPECIFIED_SEEDS_COMPLETED,A:0.1:front,A,0.1,front,1,724,728,0.9945054945054945,4,43,0.5969104766004992,0.681060151771737
B-CAT-identity,ALL_THREE_PRESPECIFIED_SEEDS_COMPLETED,A:0.1:middle,A,0.1,middle,1,724,728,0.9945054945054945,4,17,0.6159330650442151,0.6370770520572857
B-CAT-identity,ALL_THREE_PRESPECIFIED_SEEDS_COMPLETED,A:0.1:middle,A,0.1,middle,1,724,728,0.9945054945054945,4,29,0.5930677885206402,0.7041694099079705
B-CAT-identity,ALL_THREE_PRESPECIFIED_SEEDS_COMPLETED,A:0.1:middle,A,0.1,middle,1,724,728,0.9945054945054945,4,43,0.5938687466434281,0.6797448782228537
B-CAT-identity,ALL_THREE_PRESPECIFIED_SEEDS_COMPLETED,A:0.1:back,A,0.1,back,1,724,728,0.9945054945054945,4,17,0.6138764433455207,0.6393155438397246
B-CAT-identity,ALL_THREE_PRESPECIFIED_SEEDS_COMPLETED,A:0.1:back,A,0.1,back,1,724,728,0.9945054945054945,4,29,0.59756362024341,0.706039228671036
B-CAT-identity,ALL_THREE_PRESPECIFIED_SEEDS_COMPLETED,A:0.1:back,A,0.1,back,1,724,728,0.9945054945054945,4,43,0.5996435548941681,0.6790900502806775
B-CAT-identity,ALL_THREE_PRESPECIFIED_SEEDS_COMPLETED,A:0.1:random,A,0.1,random,3,724,728,0.9945054945054945,4,17,0.6121439306316325,0.6390151812523542
B-CAT-identity,ALL_THREE_PRESPECIFIED_SEEDS_COMPLETED,A:0.1:random,A,0.1,random,3,724,728,0.9945054945054945,4,29,0.5951079283587909,0.7051251331750849
B-CAT-identity,ALL_THREE_PRESPECIFIED_SEEDS_COMPLETED,A:0.1:random,A,0.1,random,3,724,728,0.9945054945054945,4,43,0.5942168776171621,0.6800360627425066
B-CAT-identity,ALL_THREE_PRESPECIFIED_SEEDS_COMPLETED,A:0.3:front,A,0.3,front,1,724,728,0.9945054945054945,4,17,0.611287592458006,0.6394630530262225
B-CAT-identity,ALL_THREE_PRESPECIFIED_SEEDS_COMPLETED,A:0.3:front,A,0.3,front,1,724,728,0.9945054945054945,4,29,0.5872861974037242,0.7083851986298924
B-CAT-identity,ALL_THREE_PRESPECIFIED_SEEDS_COMPLETED,A:0.3:front,A,0.3,front,1,724,728,0.9945054945054945,4,43,0.6004120343418583,0.6850192110984238
B-CAT-identity,ALL_THREE_PRESPECIFIED_SEEDS_COMPLETED,A:0.3:middle,A,0.3,middle,1,724,728,0.9945054945054945,4,17,0.611324036302691,0.6354609438663369
B-CAT-identity,ALL_THREE_PRESPECIFIED_SEEDS_COMPLETED,A:0.3:middle,A,0.3,middle,1,724,728,0.9945054945054945,4,29,0.5885627419941254,0.7036386716171874
B-CAT-identity,ALL_THREE_PRESPECIFIED_SEEDS_COMPLETED,A:0.3:middle,A,0.3,middle,1,724,728,0.9945054945054945,4,43,0.5913870944005274,0.6803930805105195
B-CAT-identity,ALL_THREE_PRESPECIFIED_SEEDS_COMPLETED,A:0.3:back,A,0.3,back,1,724,728,0.9945054945054945,4,17,0.6072433766332921,0.6423132833362695
B-CAT-identity,ALL_THREE_PRESPECIFIED_SEEDS_COMPLETED,A:0.3:back,A,0.3,back,1,724,728,0.9945054945054945,4,29,0.5926212596512989,0.7066997464149448
B-CAT-identity,ALL_THREE_PRESPECIFIED_SEEDS_COMPLETED,A:0.3:back,A,0.3,back,1,724,728,0.9945054945054945,4,43,0.5999957666850816,0.6782353763152499
B-CAT-identity,ALL_THREE_PRESPECIFIED_SEEDS_COMPLETED,A:0.3:random,A,0.3,random,3,724,728,0.9945054945054945,4,17,0.6033803725160061,0.638533052728015
B-CAT-identity,ALL_THREE_PRESPECIFIED_SEEDS_COMPLETED,A:0.3:random,A,0.3,random,3,724,728,0.9945054945054945,4,29,0.5894935469605124,0.70485742594373
B-CAT-identity,ALL_THREE_PRESPECIFIED_SEEDS_COMPLETED,A:0.3:random,A,0.3,random,3,724,728,0.9945054945054945,4,43,0.5956695321142444,0.6813606207678952
B-CAT-identity,ALL_THREE_PRESPECIFIED_SEEDS_COMPLETED,A:0.5:front,A,0.5,front,1,724,728,0.9945054945054945,4,17,0.6077480191419383,0.637740064000904
B-CAT-identity,ALL_THREE_PRESPECIFIED_SEEDS_COMPLETED,A:0.5:front,A,0.5,front,1,724,728,0.9945054945054945,4,29,0.5909911021108855,0.7113715531784212
B-CAT-identity,ALL_THREE_PRESPECIFIED_SEEDS_COMPLETED,A:0.5:front,A,0.5,front,1,724,728,0.9945054945054945,4,43,0.5983606638830309,0.6899277560480767
B-CAT-identity,ALL_THREE_PRESPECIFIED_SEEDS_COMPLETED,A:0.5:middle,A,0.5,middle,1,724,728,0.9945054945054945,4,17,0.6154648479641621,0.6338807383845151
B-CAT-identity,ALL_THREE_PRESPECIFIED_SEEDS_COMPLETED,A:0.5:middle,A,0.5,middle,1,724,728,0.9945054945054945,4,29,0.5875124215824183,0.7051222765698945
B-CAT-identity,ALL_THREE_PRESPECIFIED_SEEDS_COMPLETED,A:0.5:middle,A,0.5,middle,1,724,728,0.9945054945054945,4,43,0.5918432091701736,0.6800168395799758
B-CAT-identity,ALL_THREE_PRESPECIFIED_SEEDS_COMPLETED,A:0.5:back,A,0.5,back,1,724,728,0.9945054945054945,4,17,0.6112029962878517,0.6432577100093733
B-CAT-identity,ALL_THREE_PRESPECIFIED_SEEDS_COMPLETED,A:0.5:back,A,0.5,back,1,724,728,0.9945054945054945,4,29,0.5831967907132577,0.7075687150045868
B-CAT-identity,ALL_THREE_PRESPECIFIED_SEEDS_COMPLETED,A:0.5:back,A,0.5,back,1,724,728,0.9945054945054945,4,43,0.5976825014886921,0.6754967754593684
B-CAT-identity,ALL_THREE_PRESPECIFIED_SEEDS_COMPLETED,A:0.5:random,A,0.5,random,3,724,728,0.9945054945054945,4,17,0.6072751306139073,0.6359169146368743
B-CAT-identity,ALL_THREE_PRESPECIFIED_SEEDS_COMPLETED,A:0.5:random,A,0.5,random,3,724,728,0.9945054945054945,4,29,0.5829709406826552,0.7047802756781197
B-CAT-identity,ALL_THREE_PRESPECIFIED_SEEDS_COMPLETED,A:0.5:random,A,0.5,random,3,724,728,0.9945054945054945,4,43,0.5902571440706761,0.6827313093547542
B-CAT-identity,ALL_THREE_PRESPECIFIED_SEEDS_COMPLETED,A:0.7:front,A,0.7,front,1,718,728,0.9862637362637363,10,17,0.606581083572813,0.6345955969480821
B-CAT-identity,ALL_THREE_PRESPECIFIED_SEEDS_COMPLETED,A:0.7:front,A,0.7,front,1,718,728,0.9862637362637363,10,29,0.5794248322272414,0.7112116293599804
B-CAT-identity,ALL_THREE_PRESPECIFIED_SEEDS_COMPLETED,A:0.7:front,A,0.7,front,1,718,728,0.9862637362637363,10,43,0.5963840553758061,0.6931023879173713
B-CAT-identity,ALL_THREE_PRESPECIFIED_SEEDS_COMPLETED,A:0.7:middle,A,0.7,middle,1,718,728,0.9862637362637363,10,17,0.6153879682120827,0.6320508460058181
B-CAT-identity,ALL_THREE_PRESPECIFIED_SEEDS_COMPLETED,A:0.7:middle,A,0.7,middle,1,718,728,0.9862637362637363,10,29,0.5765069793815796,0.7059417474790409
B-CAT-identity,ALL_THREE_PRESPECIFIED_SEEDS_COMPLETED,A:0.7:middle,A,0.7,middle,1,718,728,0.9862637362637363,10,43,0.5982599531405242,0.6831003668781045
B-CAT-identity,ALL_THREE_PRESPECIFIED_SEEDS_COMPLETED,A:0.7:back,A,0.7,back,1,718,728,0.9862637362637363,10,17,0.6040335275307953,0.6423256181939735
B-CAT-identity,ALL_THREE_PRESPECIFIED_SEEDS_COMPLETED,A:0.7:back,A,0.7,back,1,718,728,0.9862637362637363,10,29,0.5905923658974532,0.7097891960452966
B-CAT-identity,ALL_THREE_PRESPECIFIED_SEEDS_COMPLETED,A:0.7:back,A,0.7,back,1,718,728,0.9862637362637363,10,43,0.5943808156951248,0.6746889226479842
B-CAT-identity,ALL_THREE_PRESPECIFIED_SEEDS_COMPLETED,A:0.7:random,A,0.7,random,3,718,728,0.9862637362637363,10,17,0.6094722615059017,0.6383544003451606
B-CAT-identity,ALL_THREE_PRESPECIFIED_SEEDS_COMPLETED,A:0.7:random,A,0.7,random,3,718,728,0.9862637362637363,10,29,0.5813178564811837,0.7123062854750857
B-CAT-identity,ALL_THREE_PRESPECIFIED_SEEDS_COMPLETED,A:0.7:random,A,0.7,random,3,718,728,0.9862637362637363,10,43,0.5953604221915967,0.687684423538855
B-CAT-identity,ALL_THREE_PRESPECIFIED_SEEDS_COMPLETED,V:0.1:front,V,0.1,front,1,703,728,0.9656593406593407,25,17,0.6172115211225419,0.6376149956594928
B-CAT-identity,ALL_THREE_PRESPECIFIED_SEEDS_COMPLETED,V:0.1:front,V,0.1,front,1,703,728,0.9656593406593407,25,29,0.5975196713154348,0.7050912204770382
B-CAT-identity,ALL_THREE_PRESPECIFIED_SEEDS_COMPLETED,V:0.1:front,V,0.1,front,1,703,728,0.9656593406593407,25,43,0.5960075015014753,0.6792405699622807
B-CAT-identity,ALL_THREE_PRESPECIFIED_SEEDS_COMPLETED,V:0.1:middle,V,0.1,middle,1,703,728,0.9656593406593407,25,17,0.6094760390469008,0.6382979176494621
B-CAT-identity,ALL_THREE_PRESPECIFIED_SEEDS_COMPLETED,V:0.1:middle,V,0.1,middle,1,703,728,0.9656593406593407,25,29,0.5961643853612734,0.7048282774132011
B-CAT-identity,ALL_THREE_PRESPECIFIED_SEEDS_COMPLETED,V:0.1:middle,V,0.1,middle,1,703,728,0.9656593406593407,25,43,0.5932730079274203,0.6792113639513135
B-CAT-identity,ALL_THREE_PRESPECIFIED_SEEDS_COMPLETED,V:0.1:back,V,0.1,back,1,703,728,0.9656593406593407,25,17,0.6125629923945426,0.6383415519056463
B-CAT-identity,ALL_THREE_PRESPECIFIED_SEEDS_COMPLETED,V:0.1:back,V,0.1,back,1,703,728,0.9656593406593407,25,29,0.5973405746647881,0.7041522817777989
B-CAT-identity,ALL_THREE_PRESPECIFIED_SEEDS_COMPLETED,V:0.1:back,V,0.1,back,1,703,728,0.9656593406593407,25,43,0.5971699981277828,0.679350212794616
B-CAT-identity,ALL_THREE_PRESPECIFIED_SEEDS_COMPLETED,V:0.1:random,V,0.1,random,3,703,728,0.9656593406593407,25,17,0.6144860658645203,0.637966625076879
B-CAT-identity,ALL_THREE_PRESPECIFIED_SEEDS_COMPLETED,V:0.1:random,V,0.1,random,3,703,728,0.9656593406593407,25,29,0.5947727536590616,0.7046220523081148
B-CAT-identity,ALL_THREE_PRESPECIFIED_SEEDS_COMPLETED,V:0.1:random,V,0.1,random,3,703,728,0.9656593406593407,25,43,0.5974809152796358,0.679308030832471
B-CAT-identity,ALL_THREE_PRESPECIFIED_SEEDS_COMPLETED,V:0.3:front,V,0.3,front,1,703,728,0.9656593406593407,25,17,0.6147864361507037,0.635904382125623
B-CAT-identity,ALL_THREE_PRESPECIFIED_SEEDS_COMPLETED,V:0.3:front,V,0.3,front,1,703,728,0.9656593406593407,25,29,0.5940439165193211,0.7067423262435093
B-CAT-identity,ALL_THREE_PRESPECIFIED_SEEDS_COMPLETED,V:0.3:front,V,0.3,front,1,703,728,0.9656593406593407,25,43,0.5978087283260858,0.678364925249128
B-CAT-identity,ALL_THREE_PRESPECIFIED_SEEDS_COMPLETED,V:0.3:middle,V,0.3,middle,1,703,728,0.9656593406593407,25,17,0.6075395978067734,0.6385741271059397
B-CAT-identity,ALL_THREE_PRESPECIFIED_SEEDS_COMPLETED,V:0.3:middle,V,0.3,middle,1,703,728,0.9656593406593407,25,29,0.590738588272303,0.7049677189302651
B-CAT-identity,ALL_THREE_PRESPECIFIED_SEEDS_COMPLETED,V:0.3:middle,V,0.3,middle,1,703,728,0.9656593406593407,25,43,0.5902143169460717,0.678766401800753
B-CAT-identity,ALL_THREE_PRESPECIFIED_SEEDS_COMPLETED,V:0.3:back,V,0.3,back,1,703,728,0.9656593406593407,25,17,0.6145003916451359,0.6411638088963457
B-CAT-identity,ALL_THREE_PRESPECIFIED_SEEDS_COMPLETED,V:0.3:back,V,0.3,back,1,703,728,0.9656593406593407,25,29,0.5966897448415579,0.7038980842718936
B-CAT-identity,ALL_THREE_PRESPECIFIED_SEEDS_COMPLETED,V:0.3:back,V,0.3,back,1,703,728,0.9656593406593407,25,43,0.5957301133185676,0.6813999464201925
B-CAT-identity,ALL_THREE_PRESPECIFIED_SEEDS_COMPLETED,V:0.3:random,V,0.3,random,3,703,728,0.9656593406593407,25,17,0.6105011968746891,0.6387389756617288
B-CAT-identity,ALL_THREE_PRESPECIFIED_SEEDS_COMPLETED,V:0.3:random,V,0.3,random,3,703,728,0.9656593406593407,25,29,0.5922862947858883,0.7048152874850953
B-CAT-identity,ALL_THREE_PRESPECIFIED_SEEDS_COMPLETED,V:0.3:random,V,0.3,random,3,703,728,0.9656593406593407,25,43,0.5955684155962112,0.679565704423875
B-CAT-identity,ALL_THREE_PRESPECIFIED_SEEDS_COMPLETED,V:0.5:front,V,0.5,front,1,703,728,0.9656593406593407,25,17,0.6092917056012618,0.6351551231614744
B-CAT-identity,ALL_THREE_PRESPECIFIED_SEEDS_COMPLETED,V:0.5:front,V,0.5,front,1,703,728,0.9656593406593407,25,29,0.5959762836690796,0.7088291616748973
B-CAT-identity,ALL_THREE_PRESPECIFIED_SEEDS_COMPLETED,V:0.5:front,V,0.5,front,1,703,728,0.9656593406593407,25,43,0.5935688592709263,0.6788229645067726
B-CAT-identity,ALL_THREE_PRESPECIFIED_SEEDS_COMPLETED,V:0.5:middle,V,0.5,middle,1,703,728,0.9656593406593407,25,17,0.608132498317629,0.6387762137981974
B-CAT-identity,ALL_THREE_PRESPECIFIED_SEEDS_COMPLETED,V:0.5:middle,V,0.5,middle,1,703,728,0.9656593406593407,25,29,0.5908134449879238,0.7045610408381185
B-CAT-identity,ALL_THREE_PRESPECIFIED_SEEDS_COMPLETED,V:0.5:middle,V,0.5,middle,1,703,728,0.9656593406593407,25,43,0.5944553007473474,0.6785781821632594
B-CAT-identity,ALL_THREE_PRESPECIFIED_SEEDS_COMPLETED,V:0.5:back,V,0.5,back,1,703,728,0.9656593406593407,25,17,0.6072781884172777,0.6434127383406151
B-CAT-identity,ALL_THREE_PRESPECIFIED_SEEDS_COMPLETED,V:0.5:back,V,0.5,back,1,703,728,0.9656593406593407,25,29,0.5920387262046701,0.7027272001074519
B-CAT-identity,ALL_THREE_PRESPECIFIED_SEEDS_COMPLETED,V:0.5:back,V,0.5,back,1,703,728,0.9656593406593407,25,43,0.5954164493894849,0.6824858983163722
B-CAT-identity,ALL_THREE_PRESPECIFIED_SEEDS_COMPLETED,V:0.5:random,V,0.5,random,3,703,728,0.9656593406593407,25,17,0.6032628757448235,0.6394205534184222
B-CAT-identity,ALL_THREE_PRESPECIFIED_SEEDS_COMPLETED,V:0.5:random,V,0.5,random,3,703,728,0.9656593406593407,25,29,0.5922173640381915,0.7043308097479081
B-CAT-identity,ALL_THREE_PRESPECIFIED_SEEDS_COMPLETED,V:0.5:random,V,0.5,random,3,703,728,0.9656593406593407,25,43,0.5949164145938947,0.6807089619939353
B-CAT-identity,ALL_THREE_PRESPECIFIED_SEEDS_COMPLETED,V:0.7:front,V,0.7,front,1,694,728,0.9532967032967034,34,17,0.6045594139863981,0.6336854035095542
B-CAT-identity,ALL_THREE_PRESPECIFIED_SEEDS_COMPLETED,V:0.7:front,V,0.7,front,1,694,728,0.9532967032967034,34,29,0.5942572673845503,0.7084245018291307
B-CAT-identity,ALL_THREE_PRESPECIFIED_SEEDS_COMPLETED,V:0.7:front,V,0.7,front,1,694,728,0.9532967032967034,34,43,0.5910700334477894,0.6763477534424145
B-CAT-identity,ALL_THREE_PRESPECIFIED_SEEDS_COMPLETED,V:0.7:middle,V,0.7,middle,1,694,728,0.9532967032967034,34,17,0.6081196581196581,0.6394171455918535
B-CAT-identity,ALL_THREE_PRESPECIFIED_SEEDS_COMPLETED,V:0.7:middle,V,0.7,middle,1,694,728,0.9532967032967034,34,29,0.5922964830708248,0.7051936574932699
B-CAT-identity,ALL_THREE_PRESPECIFIED_SEEDS_COMPLETED,V:0.7:middle,V,0.7,middle,1,694,728,0.9532967032967034,34,43,0.5940885065204784,0.6781201119372201
B-CAT-identity,ALL_THREE_PRESPECIFIED_SEEDS_COMPLETED,V:0.7:back,V,0.7,back,1,694,728,0.9532967032967034,34,17,0.5991516756305141,0.6459965182655071
B-CAT-identity,ALL_THREE_PRESPECIFIED_SEEDS_COMPLETED,V:0.7:back,V,0.7,back,1,694,728,0.9532967032967034,34,29,0.580671987237844,0.7042341358551262
B-CAT-identity,ALL_THREE_PRESPECIFIED_SEEDS_COMPLETED,V:0.7:back,V,0.7,back,1,694,728,0.9532967032967034,34,43,0.5929293155773836,0.6835892475306077
B-CAT-identity,ALL_THREE_PRESPECIFIED_SEEDS_COMPLETED,V:0.7:random,V,0.7,random,3,694,728,0.9532967032967034,34,17,0.6064915442231762,0.6416420474286649
B-CAT-identity,ALL_THREE_PRESPECIFIED_SEEDS_COMPLETED,V:0.7:random,V,0.7,random,3,694,728,0.9532967032967034,34,29,0.5907771375226714,0.7074331915002418
B-CAT-identity,ALL_THREE_PRESPECIFIED_SEEDS_COMPLETED,V:0.7:random,V,0.7,random,3,694,728,0.9532967032967034,34,43,0.5973888998380273,0.6798692119388091
B-CAT-identity,ALL_THREE_PRESPECIFIED_SEEDS_COMPLETED,TA:0.1:front,TA,0.1,front,1,724,728,0.9945054945054945,4,17,0.6151749995367718,0.6410841794264283
B-CAT-identity,ALL_THREE_PRESPECIFIED_SEEDS_COMPLETED,TA:0.1:front,TA,0.1,front,1,724,728,0.9945054945054945,4,29,0.5863078581160991,0.7147043625437808
B-CAT-identity,ALL_THREE_PRESPECIFIED_SEEDS_COMPLETED,TA:0.1:front,TA,0.1,front,1,724,728,0.9945054945054945,4,43,0.6027218321128759,0.6809591363314641
B-CAT-identity,ALL_THREE_PRESPECIFIED_SEEDS_COMPLETED,TA:0.1:middle,TA,0.1,middle,1,724,728,0.9945054945054945,4,17,0.5984165434227243,0.6383301002980251
B-CAT-identity,ALL_THREE_PRESPECIFIED_SEEDS_COMPLETED,TA:0.1:middle,TA,0.1,middle,1,724,728,0.9945054945054945,4,29,0.5898853650038068,0.6999789678439201
B-CAT-identity,ALL_THREE_PRESPECIFIED_SEEDS_COMPLETED,TA:0.1:middle,TA,0.1,middle,1,724,728,0.9945054945054945,4,43,0.5958865520136323,0.6794994476674749
B-CAT-identity,ALL_THREE_PRESPECIFIED_SEEDS_COMPLETED,TA:0.1:back,TA,0.1,back,1,724,728,0.9945054945054945,4,17,0.6096853116648971,0.6404165030344502
B-CAT-identity,ALL_THREE_PRESPECIFIED_SEEDS_COMPLETED,TA:0.1:back,TA,0.1,back,1,724,728,0.9945054945054945,4,29,0.5849545775290768,0.7312076764998722
B-CAT-identity,ALL_THREE_PRESPECIFIED_SEEDS_COMPLETED,TA:0.1:back,TA,0.1,back,1,724,728,0.9945054945054945,4,43,0.5994908702291659,0.6787780952789555
B-CAT-identity,ALL_THREE_PRESPECIFIED_SEEDS_COMPLETED,TA:0.1:random,TA,0.1,random,3,724,728,0.9945054945054945,4,17,0.6134662555672338,0.6397971585468643
B-CAT-identity,ALL_THREE_PRESPECIFIED_SEEDS_COMPLETED,TA:0.1:random,TA,0.1,random,3,724,728,0.9945054945054945,4,29,0.5842673448354274,0.7042046832605696
B-CAT-identity,ALL_THREE_PRESPECIFIED_SEEDS_COMPLETED,TA:0.1:random,TA,0.1,random,3,724,728,0.9945054945054945,4,43,0.5967210818542256,0.6824198947938102
B-CAT-identity,ALL_THREE_PRESPECIFIED_SEEDS_COMPLETED,TA:0.3:front,TA,0.3,front,1,724,728,0.9945054945054945,4,17,0.6199644910020915,0.6531158229673555
B-CAT-identity,ALL_THREE_PRESPECIFIED_SEEDS_COMPLETED,TA:0.3:front,TA,0.3,front,1,724,728,0.9945054945054945,4,29,0.5867862872702874,0.7270488467861919
B-CAT-identity,ALL_THREE_PRESPECIFIED_SEEDS_COMPLETED,TA:0.3:front,TA,0.3,front,1,724,728,0.9945054945054945,4,43,0.5888601383338226,0.7067236397057198
B-CAT-identity,ALL_THREE_PRESPECIFIED_SEEDS_COMPLETED,TA:0.3:middle,TA,0.3,middle,1,724,728,0.9945054945054945,4,17,0.6056245378861056,0.6383587464015064
B-CAT-identity,ALL_THREE_PRESPECIFIED_SEEDS_COMPLETED,TA:0.3:middle,TA,0.3,middle,1,724,728,0.9945054945054945,4,29,0.5849785394834458,0.6863388923440732
B-CAT-identity,ALL_THREE_PRESPECIFIED_SEEDS_COMPLETED,TA:0.3:middle,TA,0.3,middle,1,724,728,0.9945054945054945,4,43,0.6033855027828642,0.6895256251439575
B-CAT-identity,ALL_THREE_PRESPECIFIED_SEEDS_COMPLETED,TA:0.3:back,TA,0.3,back,1,724,728,0.9945054945054945,4,17,0.6027069532601108,0.652278901565376
B-CAT-identity,ALL_THREE_PRESPECIFIED_SEEDS_COMPLETED,TA:0.3:back,TA,0.3,back,1,724,728,0.9945054945054945,4,29,0.5811969806104079,0.7374707881140888
B-CAT-identity,ALL_THREE_PRESPECIFIED_SEEDS_COMPLETED,TA:0.3:back,TA,0.3,back,1,724,728,0.9945054945054945,4,43,0.5984113697846722,0.6821564648883766
B-CAT-identity,ALL_THREE_PRESPECIFIED_SEEDS_COMPLETED,TA:0.3:random,TA,0.3,random,3,724,728,0.9945054945054945,4,17,0.6170053044712249,0.6491873231328403
B-CAT-identity,ALL_THREE_PRESPECIFIED_SEEDS_COMPLETED,TA:0.3:random,TA,0.3,random,3,724,728,0.9945054945054945,4,29,0.5887867922319018,0.7081515403075213
B-CAT-identity,ALL_THREE_PRESPECIFIED_SEEDS_COMPLETED,TA:0.3:random,TA,0.3,random,3,724,728,0.9945054945054945,4,43,0.6120237497228495,0.6960685864236732
B-CAT-identity,ALL_THREE_PRESPECIFIED_SEEDS_COMPLETED,TA:0.5:front,TA,0.5,front,1,724,728,0.9945054945054945,4,17,0.6036796252517292,0.668812468854562
B-CAT-identity,ALL_THREE_PRESPECIFIED_SEEDS_COMPLETED,TA:0.5:front,TA,0.5,front,1,724,728,0.9945054945054945,4,29,0.5726249957847644,0.7250686293041876
B-CAT-identity,ALL_THREE_PRESPECIFIED_SEEDS_COMPLETED,TA:0.5:front,TA,0.5,front,1,724,728,0.9945054945054945,4,43,0.5776806634603527,0.7350396347862372
B-CAT-identity,ALL_THREE_PRESPECIFIED_SEEDS_COMPLETED,TA:0.5:middle,TA,0.5,middle,1,724,728,0.9945054945054945,4,17,0.5832527504855399,0.6420104069610326
B-CAT-identity,ALL_THREE_PRESPECIFIED_SEEDS_COMPLETED,TA:0.5:middle,TA,0.5,middle,1,724,728,0.9945054945054945,4,29,0.5794438224877941,0.6799011196292538
B-CAT-identity,ALL_THREE_PRESPECIFIED_SEEDS_COMPLETED,TA:0.5:middle,TA,0.5,middle,1,724,728,0.9945054945054945,4,43,0.5964347937580609,0.7072584801345518
B-CAT-identity,ALL_THREE_PRESPECIFIED_SEEDS_COMPLETED,TA:0.5:back,TA,0.5,back,1,724,728,0.9945054945054945,4,17,0.5838971480544172,0.6572326149739988
B-CAT-identity,ALL_THREE_PRESPECIFIED_SEEDS_COMPLETED,TA:0.5:back,TA,0.5,back,1,724,728,0.9945054945054945,4,29,0.5643573453366172,0.7414794035964635
B-CAT-identity,ALL_THREE_PRESPECIFIED_SEEDS_COMPLETED,TA:0.5:back,TA,0.5,back,1,724,728,0.9945054945054945,4,43,0.5984072124391443,0.689024630288049
B-CAT-identity,ALL_THREE_PRESPECIFIED_SEEDS_COMPLETED,TA:0.5:random,TA,0.5,random,3,724,728,0.9945054945054945,4,17,0.5810477606875973,0.6572636782937732
B-CAT-identity,ALL_THREE_PRESPECIFIED_SEEDS_COMPLETED,TA:0.5:random,TA,0.5,random,3,724,728,0.9945054945054945,4,29,0.5610197179351831,0.7045331827083204
B-CAT-identity,ALL_THREE_PRESPECIFIED_SEEDS_COMPLETED,TA:0.5:random,TA,0.5,random,3,724,728,0.9945054945054945,4,43,0.5771874028569919,0.7209419569841248
B-CAT-identity,ALL_THREE_PRESPECIFIED_SEEDS_COMPLETED,TA:0.7:front,TA,0.7,front,1,718,728,0.9862637362637363,10,17,0.5758313148741361,0.6783629538565568
B-CAT-identity,ALL_THREE_PRESPECIFIED_SEEDS_COMPLETED,TA:0.7:front,TA,0.7,front,1,718,728,0.9862637362637363,10,29,0.5564811998738398,0.714443526463903
B-CAT-identity,ALL_THREE_PRESPECIFIED_SEEDS_COMPLETED,TA:0.7:front,TA,0.7,front,1,718,728,0.9862637362637363,10,43,0.567345636837278,0.7670479138345959
B-CAT-identity,ALL_THREE_PRESPECIFIED_SEEDS_COMPLETED,TA:0.7:middle,TA,0.7,middle,1,718,728,0.9862637362637363,10,17,0.563802681345747,0.6550161084793457
B-CAT-identity,ALL_THREE_PRESPECIFIED_SEEDS_COMPLETED,TA:0.7:middle,TA,0.7,middle,1,718,728,0.9862637362637363,10,29,0.5832172927865203,0.6833243110099779
B-CAT-identity,ALL_THREE_PRESPECIFIED_SEEDS_COMPLETED,TA:0.7:middle,TA,0.7,middle,1,718,728,0.9862637362637363,10,43,0.5728673325870433,0.7601692960760684
B-CAT-identity,ALL_THREE_PRESPECIFIED_SEEDS_COMPLETED,TA:0.7:back,TA,0.7,back,1,718,728,0.9862637362637363,10,17,0.5666197772639004,0.6805849210339967
B-CAT-identity,ALL_THREE_PRESPECIFIED_SEEDS_COMPLETED,TA:0.7:back,TA,0.7,back,1,718,728,0.9862637362637363,10,29,0.5448090985986248,0.7308430962128933
B-CAT-identity,ALL_THREE_PRESPECIFIED_SEEDS_COMPLETED,TA:0.7:back,TA,0.7,back,1,718,728,0.9862637362637363,10,43,0.5535817172037675,0.7141751905846931
B-CAT-identity,ALL_THREE_PRESPECIFIED_SEEDS_COMPLETED,TA:0.7:random,TA,0.7,random,3,718,728,0.9862637362637363,10,17,0.5484804134173488,0.6834411417019397
B-CAT-identity,ALL_THREE_PRESPECIFIED_SEEDS_COMPLETED,TA:0.7:random,TA,0.7,random,3,718,728,0.9862637362637363,10,29,0.5519434579127825,0.7164188713615038
B-CAT-identity,ALL_THREE_PRESPECIFIED_SEEDS_COMPLETED,TA:0.7:random,TA,0.7,random,3,718,728,0.9862637362637363,10,43,0.5587938925183166,0.7539093898924379
B-CAT-identity,ALL_THREE_PRESPECIFIED_SEEDS_COMPLETED,TV:0.1:front,TV,0.1,front,1,703,728,0.9656593406593407,25,17,0.6102579758544675,0.6398777569580828
B-CAT-identity,ALL_THREE_PRESPECIFIED_SEEDS_COMPLETED,TV:0.1:front,TV,0.1,front,1,703,728,0.9656593406593407,25,29,0.5778762854462349,0.713379408529343
B-CAT-identity,ALL_THREE_PRESPECIFIED_SEEDS_COMPLETED,TV:0.1:front,TV,0.1,front,1,703,728,0.9656593406593407,25,43,0.5995563566766099,0.6796121529319802
B-CAT-identity,ALL_THREE_PRESPECIFIED_SEEDS_COMPLETED,TV:0.1:middle,TV,0.1,middle,1,703,728,0.9656593406593407,25,17,0.6043900047910271,0.6392708584798339
B-CAT-identity,ALL_THREE_PRESPECIFIED_SEEDS_COMPLETED,TV:0.1:middle,TV,0.1,middle,1,703,728,0.9656593406593407,25,29,0.5912700145611388,0.6995777107370956
B-CAT-identity,ALL_THREE_PRESPECIFIED_SEEDS_COMPLETED,TV:0.1:middle,TV,0.1,middle,1,703,728,0.9656593406593407,25,43,0.5965742463287774,0.6795264326757495
B-CAT-identity,ALL_THREE_PRESPECIFIED_SEEDS_COMPLETED,TV:0.1:back,TV,0.1,back,1,703,728,0.9656593406593407,25,17,0.6116311450157653,0.6407400550682784
B-CAT-identity,ALL_THREE_PRESPECIFIED_SEEDS_COMPLETED,TV:0.1:back,TV,0.1,back,1,703,728,0.9656593406593407,25,29,0.5841794233707716,0.7289168414420572
B-CAT-identity,ALL_THREE_PRESPECIFIED_SEEDS_COMPLETED,TV:0.1:back,TV,0.1,back,1,703,728,0.9656593406593407,25,43,0.5983815144302204,0.679525893542202
B-CAT-identity,ALL_THREE_PRESPECIFIED_SEEDS_COMPLETED,TV:0.1:random,TV,0.1,random,3,703,728,0.9656593406593407,25,17,0.6116985343608117,0.6381836323548452
B-CAT-identity,ALL_THREE_PRESPECIFIED_SEEDS_COMPLETED,TV:0.1:random,TV,0.1,random,3,703,728,0.9656593406593407,25,29,0.5862389210246342,0.7001394083769906
B-CAT-identity,ALL_THREE_PRESPECIFIED_SEEDS_COMPLETED,TV:0.1:random,TV,0.1,random,3,703,728,0.9656593406593407,25,43,0.5940444933651894,0.681547386119696
B-CAT-identity,ALL_THREE_PRESPECIFIED_SEEDS_COMPLETED,TV:0.3:front,TV,0.3,front,1,703,728,0.9656593406593407,25,17,0.6112235931993101,0.6517994058897955
B-CAT-identity,ALL_THREE_PRESPECIFIED_SEEDS_COMPLETED,TV:0.3:front,TV,0.3,front,1,703,728,0.9656593406593407,25,29,0.5834743048235077,0.7233161382737907
B-CAT-identity,ALL_THREE_PRESPECIFIED_SEEDS_COMPLETED,TV:0.3:front,TV,0.3,front,1,703,728,0.9656593406593407,25,43,0.5916902494677935,0.6997491475638846
B-CAT-identity,ALL_THREE_PRESPECIFIED_SEEDS_COMPLETED,TV:0.3:middle,TV,0.3,middle,1,703,728,0.9656593406593407,25,17,0.6053901096194578,0.6421624208806251
B-CAT-identity,ALL_THREE_PRESPECIFIED_SEEDS_COMPLETED,TV:0.3:middle,TV,0.3,middle,1,703,728,0.9656593406593407,25,29,0.5922679003733905,0.6883757791055269
B-CAT-identity,ALL_THREE_PRESPECIFIED_SEEDS_COMPLETED,TV:0.3:middle,TV,0.3,middle,1,703,728,0.9656593406593407,25,43,0.6061381466604915,0.6904008811913257
B-CAT-identity,ALL_THREE_PRESPECIFIED_SEEDS_COMPLETED,TV:0.3:back,TV,0.3,back,1,703,728,0.9656593406593407,25,17,0.6054986054969848,0.6518925368180755
B-CAT-identity,ALL_THREE_PRESPECIFIED_SEEDS_COMPLETED,TV:0.3:back,TV,0.3,back,1,703,728,0.9656593406593407,25,29,0.5753877296028228,0.7329145607776469
B-CAT-identity,ALL_THREE_PRESPECIFIED_SEEDS_COMPLETED,TV:0.3:back,TV,0.3,back,1,703,728,0.9656593406593407,25,43,0.6014884136424521,0.686129906685712
B-CAT-identity,ALL_THREE_PRESPECIFIED_SEEDS_COMPLETED,TV:0.3:random,TV,0.3,random,3,703,728,0.9656593406593407,25,17,0.6076890375838647,0.6424544897734703
B-CAT-identity,ALL_THREE_PRESPECIFIED_SEEDS_COMPLETED,TV:0.3:random,TV,0.3,random,3,703,728,0.9656593406593407,25,29,0.5793627775038478,0.6984531856976721
B-CAT-identity,ALL_THREE_PRESPECIFIED_SEEDS_COMPLETED,TV:0.3:random,TV,0.3,random,3,703,728,0.9656593406593407,25,43,0.5996567847799387,0.6915719850258961
B-CAT-identity,ALL_THREE_PRESPECIFIED_SEEDS_COMPLETED,TV:0.5:front,TV,0.5,front,1,703,728,0.9656593406593407,25,17,0.5988086989657845,0.6682936092154225
B-CAT-identity,ALL_THREE_PRESPECIFIED_SEEDS_COMPLETED,TV:0.5:front,TV,0.5,front,1,703,728,0.9656593406593407,25,29,0.5747945368881441,0.7211658515120539
B-CAT-identity,ALL_THREE_PRESPECIFIED_SEEDS_COMPLETED,TV:0.5:front,TV,0.5,front,1,703,728,0.9656593406593407,25,43,0.5886436993610434,0.7232666804622248
B-CAT-identity,ALL_THREE_PRESPECIFIED_SEEDS_COMPLETED,TV:0.5:middle,TV,0.5,middle,1,703,728,0.9656593406593407,25,17,0.5769566368513429,0.6478954971846959
B-CAT-identity,ALL_THREE_PRESPECIFIED_SEEDS_COMPLETED,TV:0.5:middle,TV,0.5,middle,1,703,728,0.9656593406593407,25,29,0.5880941176028548,0.6839592487552552
B-CAT-identity,ALL_THREE_PRESPECIFIED_SEEDS_COMPLETED,TV:0.5:middle,TV,0.5,middle,1,703,728,0.9656593406593407,25,43,0.5989197940778405,0.7100029512722548
B-CAT-identity,ALL_THREE_PRESPECIFIED_SEEDS_COMPLETED,TV:0.5:back,TV,0.5,back,1,703,728,0.9656593406593407,25,17,0.5901638896149713,0.6562266389837432
B-CAT-identity,ALL_THREE_PRESPECIFIED_SEEDS_COMPLETED,TV:0.5:back,TV,0.5,back,1,703,728,0.9656593406593407,25,29,0.5724598353923257,0.732047623640328
B-CAT-identity,ALL_THREE_PRESPECIFIED_SEEDS_COMPLETED,TV:0.5:back,TV,0.5,back,1,703,728,0.9656593406593407,25,43,0.5952770716602118,0.6927691651935974
B-CAT-identity,ALL_THREE_PRESPECIFIED_SEEDS_COMPLETED,TV:0.5:random,TV,0.5,random,3,703,728,0.9656593406593407,25,17,0.5908702624876212,0.6539148487473796
B-CAT-identity,ALL_THREE_PRESPECIFIED_SEEDS_COMPLETED,TV:0.5:random,TV,0.5,random,3,703,728,0.9656593406593407,25,29,0.5682027892286856,0.6942099373378908
B-CAT-identity,ALL_THREE_PRESPECIFIED_SEEDS_COMPLETED,TV:0.5:random,TV,0.5,random,3,703,728,0.9656593406593407,25,43,0.5917281776104424,0.7114132064309873
B-CAT-identity,ALL_THREE_PRESPECIFIED_SEEDS_COMPLETED,TV:0.7:front,TV,0.7,front,1,694,728,0.9532967032967034,34,17,0.5817673329614057,0.677583034714309
B-CAT-identity,ALL_THREE_PRESPECIFIED_SEEDS_COMPLETED,TV:0.7:front,TV,0.7,front,1,694,728,0.9532967032967034,34,29,0.5627748478501008,0.7080282080788383
B-CAT-identity,ALL_THREE_PRESPECIFIED_SEEDS_COMPLETED,TV:0.7:front,TV,0.7,front,1,694,728,0.9532967032967034,34,43,0.5844213342206116,0.7528741716420512
B-CAT-identity,ALL_THREE_PRESPECIFIED_SEEDS_COMPLETED,TV:0.7:middle,TV,0.7,middle,1,694,728,0.9532967032967034,34,17,0.543432533401294,0.6601961131356682
B-CAT-identity,ALL_THREE_PRESPECIFIED_SEEDS_COMPLETED,TV:0.7:middle,TV,0.7,middle,1,694,728,0.9532967032967034,34,29,0.5889769820971867,0.6901774165024828
B-CAT-identity,ALL_THREE_PRESPECIFIED_SEEDS_COMPLETED,TV:0.7:middle,TV,0.7,middle,1,694,728,0.9532967032967034,34,43,0.5814411871542479,0.7565238496275385
B-CAT-identity,ALL_THREE_PRESPECIFIED_SEEDS_COMPLETED,TV:0.7:back,TV,0.7,back,1,694,728,0.9532967032967034,34,17,0.5634339729686308,0.680113060464494
B-CAT-identity,ALL_THREE_PRESPECIFIED_SEEDS_COMPLETED,TV:0.7:back,TV,0.7,back,1,694,728,0.9532967032967034,34,29,0.5514312847646181,0.7255731802427333
B-CAT-identity,ALL_THREE_PRESPECIFIED_SEEDS_COMPLETED,TV:0.7:back,TV,0.7,back,1,694,728,0.9532967032967034,34,43,0.5661811256856645,0.7196057380028683
B-CAT-identity,ALL_THREE_PRESPECIFIED_SEEDS_COMPLETED,TV:0.7:random,TV,0.7,random,3,694,728,0.9532967032967034,34,17,0.5521473190986029,0.6788319248555039
B-CAT-identity,ALL_THREE_PRESPECIFIED_SEEDS_COMPLETED,TV:0.7:random,TV,0.7,random,3,694,728,0.9532967032967034,34,29,0.5590200484569485,0.704027998144845
B-CAT-identity,ALL_THREE_PRESPECIFIED_SEEDS_COMPLETED,TV:0.7:random,TV,0.7,random,3,694,728,0.9532967032967034,34,43,0.577901013345,0.7536980563436972
B-CAT-identity,ALL_THREE_PRESPECIFIED_SEEDS_COMPLETED,AV:0.1:front,AV,0.1,front,1,703,728,0.9656593406593407,25,17,0.6187233972741323,0.6384569244449038
B-CAT-identity,ALL_THREE_PRESPECIFIED_SEEDS_COMPLETED,AV:0.1:front,AV,0.1,front,1,703,728,0.9656593406593407,25,29,0.5971978254815783,0.7063728553079233
B-CAT-identity,ALL_THREE_PRESPECIFIED_SEEDS_COMPLETED,AV:0.1:front,AV,0.1,front,1,703,728,0.9656593406593407,25,43,0.5970386771370482,0.6807097699232515
B-CAT-identity,ALL_THREE_PRESPECIFIED_SEEDS_COMPLETED,AV:0.1:middle,AV,0.1,middle,1,703,728,0.9656593406593407,25,17,0.6109209168172837,0.637537597811328
B-CAT-identity,ALL_THREE_PRESPECIFIED_SEEDS_COMPLETED,AV:0.1:middle,AV,0.1,middle,1,703,728,0.9656593406593407,25,29,0.5940256429267704,0.7039403188481139
B-CAT-identity,ALL_THREE_PRESPECIFIED_SEEDS_COMPLETED,AV:0.1:middle,AV,0.1,middle,1,703,728,0.9656593406593407,25,43,0.589945694583943,0.6794412813728591
B-CAT-identity,ALL_THREE_PRESPECIFIED_SEEDS_COMPLETED,AV:0.1:back,AV,0.1,back,1,703,728,0.9656593406593407,25,17,0.613307226251611,0.639713106336965
B-CAT-identity,ALL_THREE_PRESPECIFIED_SEEDS_COMPLETED,AV:0.1:back,AV,0.1,back,1,703,728,0.9656593406593407,25,29,0.5972267559219748,0.7049171447876718
B-CAT-identity,ALL_THREE_PRESPECIFIED_SEEDS_COMPLETED,AV:0.1:back,AV,0.1,back,1,703,728,0.9656593406593407,25,43,0.5996435548941681,0.6787522771439879
B-CAT-identity,ALL_THREE_PRESPECIFIED_SEEDS_COMPLETED,AV:0.1:random,AV,0.1,random,3,703,728,0.9656593406593407,25,17,0.6139316122460904,0.6384230063605697
B-CAT-identity,ALL_THREE_PRESPECIFIED_SEEDS_COMPLETED,AV:0.1:random,AV,0.1,random,3,703,728,0.9656593406593407,25,29,0.5939692740292738,0.7049329302271238
B-CAT-identity,ALL_THREE_PRESPECIFIED_SEEDS_COMPLETED,AV:0.1:random,AV,0.1,random,3,703,728,0.9656593406593407,25,43,0.5961752176129931,0.6795925002353971
B-CAT-identity,ALL_THREE_PRESPECIFIED_SEEDS_COMPLETED,AV:0.3:front,AV,0.3,front,1,703,728,0.9656593406593407,25,17,0.6077480191419383,0.6371033723356719
B-CAT-identity,ALL_THREE_PRESPECIFIED_SEEDS_COMPLETED,AV:0.3:front,AV,0.3,front,1,703,728,0.9656593406593407,25,29,0.5918564115989001,0.711733984941
B-CAT-identity,ALL_THREE_PRESPECIFIED_SEEDS_COMPLETED,AV:0.3:front,AV,0.3,front,1,703,728,0.9656593406593407,25,43,0.5957864606551757,0.6832815459225797
B-CAT-identity,ALL_THREE_PRESPECIFIED_SEEDS_COMPLETED,AV:0.3:middle,AV,0.3,middle,1,703,728,0.9656593406593407,25,17,0.6060445931366256,0.6362501214217435
B-CAT-identity,ALL_THREE_PRESPECIFIED_SEEDS_COMPLETED,AV:0.3:middle,AV,0.3,middle,1,703,728,0.9656593406593407,25,29,0.5875587301300518,0.7030416126644423
B-CAT-identity,ALL_THREE_PRESPECIFIED_SEEDS_COMPLETED,AV:0.3:middle,AV,0.3,middle,1,703,728,0.9656593406593407,25,43,0.5882858430241258,0.6795625124880814
B-CAT-identity,ALL_THREE_PRESPECIFIED_SEEDS_COMPLETED,AV:0.3:back,AV,0.3,back,1,703,728,0.9656593406593407,25,17,0.6050998556428525,0.6455991638617739
B-CAT-identity,ALL_THREE_PRESPECIFIED_SEEDS_COMPLETED,AV:0.3:back,AV,0.3,back,1,703,728,0.9656593406593407,25,29,0.6001224660630508,0.7061754588407444
B-CAT-identity,ALL_THREE_PRESPECIFIED_SEEDS_COMPLETED,AV:0.3:back,AV,0.3,back,1,703,728,0.9656593406593407,25,43,0.5980432276263085,0.679790351729185
B-CAT-identity,ALL_THREE_PRESPECIFIED_SEEDS_COMPLETED,AV:0.3:random,AV,0.3,random,3,703,728,0.9656593406593407,25,17,0.6046946191010442,0.6400343680122869
B-CAT-identity,ALL_THREE_PRESPECIFIED_SEEDS_COMPLETED,AV:0.3:random,AV,0.3,random,3,703,728,0.9656593406593407,25,29,0.589834616012776,0.7066144438828479
B-CAT-identity,ALL_THREE_PRESPECIFIED_SEEDS_COMPLETED,AV:0.3:random,AV,0.3,random,3,703,728,0.9656593406593407,25,43,0.59684124868631,0.6817577445242918
B-CAT-identity,ALL_THREE_PRESPECIFIED_SEEDS_COMPLETED,AV:0.5:front,AV,0.5,front,1,703,728,0.9656593406593407,25,17,0.603352485651561,0.6343674621844452
B-CAT-identity,ALL_THREE_PRESPECIFIED_SEEDS_COMPLETED,AV:0.5:front,AV,0.5,front,1,703,728,0.9656593406593407,25,29,0.5856566854320014,0.7152735691079115
B-CAT-identity,ALL_THREE_PRESPECIFIED_SEEDS_COMPLETED,AV:0.5:front,AV,0.5,front,1,703,728,0.9656593406593407,25,43,0.5942211666964597,0.6880280536307699
B-CAT-identity,ALL_THREE_PRESPECIFIED_SEEDS_COMPLETED,AV:0.5:middle,AV,0.5,middle,1,703,728,0.9656593406593407,25,17,0.5958739312493698,0.6351854585864003
B-CAT-identity,ALL_THREE_PRESPECIFIED_SEEDS_COMPLETED,AV:0.5:middle,AV,0.5,middle,1,703,728,0.9656593406593407,25,29,0.5868828816851973,0.7038585377769457
B-CAT-identity,ALL_THREE_PRESPECIFIED_SEEDS_COMPLETED,AV:0.5:middle,AV,0.5,middle,1,703,728,0.9656593406593407,25,43,0.5850645092169938,0.6797961508509816
B-CAT-identity,ALL_THREE_PRESPECIFIED_SEEDS_COMPLETED,AV:0.5:back,AV,0.5,back,1,703,728,0.9656593406593407,25,17,0.6104216287704091,0.6484353332508452
B-CAT-identity,ALL_THREE_PRESPECIFIED_SEEDS_COMPLETED,AV:0.5:back,AV,0.5,back,1,703,728,0.9656593406593407,25,29,0.6016112920541224,0.7061790871737105
B-CAT-identity,ALL_THREE_PRESPECIFIED_SEEDS_COMPLETED,AV:0.5:back,AV,0.5,back,1,703,728,0.9656593406593407,25,43,0.5945497732637338,0.6786819460590917
B-CAT-identity,ALL_THREE_PRESPECIFIED_SEEDS_COMPLETED,AV:0.5:random,AV,0.5,random,3,703,728,0.9656593406593407,25,17,0.6001106928343067,0.6372663011595746
B-CAT-identity,ALL_THREE_PRESPECIFIED_SEEDS_COMPLETED,AV:0.5:random,AV,0.5,random,3,703,728,0.9656593406593407,25,29,0.5921427354749224,0.7095850572066663
B-CAT-identity,ALL_THREE_PRESPECIFIED_SEEDS_COMPLETED,AV:0.5:random,AV,0.5,random,3,703,728,0.9656593406593407,25,43,0.5924941534648639,0.6824328719197119
B-CAT-identity,ALL_THREE_PRESPECIFIED_SEEDS_COMPLETED,AV:0.7:front,AV,0.7,front,1,694,728,0.9532967032967034,34,17,0.5932035835650294,0.630734345484058
B-CAT-identity,ALL_THREE_PRESPECIFIED_SEEDS_COMPLETED,AV:0.7:front,AV,0.7,front,1,694,728,0.9532967032967034,34,29,0.5788175283844664,0.7151841350717875
B-CAT-identity,ALL_THREE_PRESPECIFIED_SEEDS_COMPLETED,AV:0.7:front,AV,0.7,front,1,694,728,0.9532967032967034,34,43,0.5863751802184942,0.6869369157040517
B-CAT-identity,ALL_THREE_PRESPECIFIED_SEEDS_COMPLETED,AV:0.7:middle,AV,0.7,middle,1,694,728,0.9532967032967034,34,17,0.6015119158166086,0.6356944512556035
B-CAT-identity,ALL_THREE_PRESPECIFIED_SEEDS_COMPLETED,AV:0.7:middle,AV,0.7,middle,1,694,728,0.9532967032967034,34,29,0.5825014324522332,0.7068735827604862
B-CAT-identity,ALL_THREE_PRESPECIFIED_SEEDS_COMPLETED,AV:0.7:middle,AV,0.7,middle,1,694,728,0.9532967032967034,34,43,0.5962815143302947,0.6816588490912762
B-CAT-identity,ALL_THREE_PRESPECIFIED_SEEDS_COMPLETED,AV:0.7:back,AV,0.7,back,1,694,728,0.9532967032967034,34,17,0.5985368071952488,0.6508831136454098
B-CAT-identity,ALL_THREE_PRESPECIFIED_SEEDS_COMPLETED,AV:0.7:back,AV,0.7,back,1,694,728,0.9532967032967034,34,29,0.5753297424499615,0.7102524684754886
B-CAT-identity,ALL_THREE_PRESPECIFIED_SEEDS_COMPLETED,AV:0.7:back,AV,0.7,back,1,694,728,0.9532967032967034,34,43,0.6020326806704052,0.6774104602217859
B-CAT-identity,ALL_THREE_PRESPECIFIED_SEEDS_COMPLETED,AV:0.7:random,AV,0.7,random,3,694,728,0.9532967032967034,34,17,0.591709748247121,0.6406405267679118
B-CAT-identity,ALL_THREE_PRESPECIFIED_SEEDS_COMPLETED,AV:0.7:random,AV,0.7,random,3,694,728,0.9532967032967034,34,29,0.5793360847223642,0.7127646725706781
B-CAT-identity,ALL_THREE_PRESPECIFIED_SEEDS_COMPLETED,AV:0.7:random,AV,0.7,random,3,694,728,0.9532967032967034,34,43,0.5887902307362943,0.6857359604555947
B-CAT-zscore,ALL_THREE_PRESPECIFIED_SEEDS_COMPLETED,T:0.1:front,T,0.1,front,1,728,728,1.0,0,17,0.5723135430052052,0.6859853093958188
B-CAT-zscore,ALL_THREE_PRESPECIFIED_SEEDS_COMPLETED,T:0.1:front,T,0.1,front,1,728,728,1.0,0,29,0.5913064994506264,0.6309173202806071
B-CAT-zscore,ALL_THREE_PRESPECIFIED_SEEDS_COMPLETED,T:0.1:front,T,0.1,front,1,728,728,1.0,0,43,0.5880582389985838,0.6314030753000535
B-CAT-zscore,ALL_THREE_PRESPECIFIED_SEEDS_COMPLETED,T:0.1:middle,T,0.1,middle,1,728,728,1.0,0,17,0.599087237089791,0.6744009666560616
B-CAT-zscore,ALL_THREE_PRESPECIFIED_SEEDS_COMPLETED,T:0.1:middle,T,0.1,middle,1,728,728,1.0,0,29,0.6065385117158323,0.6290432406438433
B-CAT-zscore,ALL_THREE_PRESPECIFIED_SEEDS_COMPLETED,T:0.1:middle,T,0.1,middle,1,728,728,1.0,0,43,0.5985944408835859,0.6264760316695613
B-CAT-zscore,ALL_THREE_PRESPECIFIED_SEEDS_COMPLETED,T:0.1:back,T,0.1,back,1,728,728,1.0,0,17,0.5879847858049493,0.6946091571099005
B-CAT-zscore,ALL_THREE_PRESPECIFIED_SEEDS_COMPLETED,T:0.1:back,T,0.1,back,1,728,728,1.0,0,29,0.5796154370251155,0.6385312552221956
B-CAT-zscore,ALL_THREE_PRESPECIFIED_SEEDS_COMPLETED,T:0.1:back,T,0.1,back,1,728,728,1.0,0,43,0.5852398810432008,0.6342956351681106
B-CAT-zscore,ALL_THREE_PRESPECIFIED_SEEDS_COMPLETED,T:0.1:random,T,0.1,random,3,728,728,1.0,0,17,0.5916316001624063,0.6808585516919532
B-CAT-zscore,ALL_THREE_PRESPECIFIED_SEEDS_COMPLETED,T:0.1:random,T,0.1,random,3,728,728,1.0,0,29,0.6011070408847683,0.6260668879280301
B-CAT-zscore,ALL_THREE_PRESPECIFIED_SEEDS_COMPLETED,T:0.1:random,T,0.1,random,3,728,728,1.0,0,43,0.5962128935128288,0.6290330949185382
B-CAT-zscore,ALL_THREE_PRESPECIFIED_SEEDS_COMPLETED,T:0.3:front,T,0.3,front,1,728,728,1.0,0,17,0.5595419024242761,0.7050138395880912
B-CAT-zscore,ALL_THREE_PRESPECIFIED_SEEDS_COMPLETED,T:0.3:front,T,0.3,front,1,728,728,1.0,0,29,0.5770172532996436,0.6504832487847595
B-CAT-zscore,ALL_THREE_PRESPECIFIED_SEEDS_COMPLETED,T:0.3:front,T,0.3,front,1,728,728,1.0,0,43,0.5776344053451666,0.6486557878785418
B-CAT-zscore,ALL_THREE_PRESPECIFIED_SEEDS_COMPLETED,T:0.3:middle,T,0.3,middle,1,728,728,1.0,0,17,0.5701465611693354,0.6793326901468311
B-CAT-zscore,ALL_THREE_PRESPECIFIED_SEEDS_COMPLETED,T:0.3:middle,T,0.3,middle,1,728,728,1.0,0,29,0.6144750743564823,0.6301089985902834
B-CAT-zscore,ALL_THREE_PRESPECIFIED_SEEDS_COMPLETED,T:0.3:middle,T,0.3,middle,1,728,728,1.0,0,43,0.594489679613514,0.6268005694744336
B-CAT-zscore,ALL_THREE_PRESPECIFIED_SEEDS_COMPLETED,T:0.3:back,T,0.3,back,1,728,728,1.0,0,17,0.5819270644578379,0.696931033430731
B-CAT-zscore,ALL_THREE_PRESPECIFIED_SEEDS_COMPLETED,T:0.3:back,T,0.3,back,1,728,728,1.0,0,29,0.5746102112342522,0.6469148456420913
B-CAT-zscore,ALL_THREE_PRESPECIFIED_SEEDS_COMPLETED,T:0.3:back,T,0.3,back,1,728,728,1.0,0,43,0.5740238910406394,0.6359550069343071
B-CAT-zscore,ALL_THREE_PRESPECIFIED_SEEDS_COMPLETED,T:0.3:random,T,0.3,random,3,728,728,1.0,0,17,0.5729354347260293,0.68963519213896
B-CAT-zscore,ALL_THREE_PRESPECIFIED_SEEDS_COMPLETED,T:0.3:random,T,0.3,random,3,728,728,1.0,0,29,0.5913584419507489,0.6388981918491562
B-CAT-zscore,ALL_THREE_PRESPECIFIED_SEEDS_COMPLETED,T:0.3:random,T,0.3,random,3,728,728,1.0,0,43,0.5796167794180697,0.6367904863533719
B-CAT-zscore,ALL_THREE_PRESPECIFIED_SEEDS_COMPLETED,T:0.5:front,T,0.5,front,1,728,728,1.0,0,17,0.5592835977821468,0.7099685797296403
B-CAT-zscore,ALL_THREE_PRESPECIFIED_SEEDS_COMPLETED,T:0.5:front,T,0.5,front,1,728,728,1.0,0,29,0.5792270620283168,0.6683805509947578
B-CAT-zscore,ALL_THREE_PRESPECIFIED_SEEDS_COMPLETED,T:0.5:front,T,0.5,front,1,728,728,1.0,0,43,0.5774067104098072,0.6663877008481854
B-CAT-zscore,ALL_THREE_PRESPECIFIED_SEEDS_COMPLETED,T:0.5:middle,T,0.5,middle,1,728,728,1.0,0,17,0.5576623552426013,0.6897560901611092
B-CAT-zscore,ALL_THREE_PRESPECIFIED_SEEDS_COMPLETED,T:0.5:middle,T,0.5,middle,1,728,728,1.0,0,29,0.5981320704017631,0.6382565299134733
B-CAT-zscore,ALL_THREE_PRESPECIFIED_SEEDS_COMPLETED,T:0.5:middle,T,0.5,middle,1,728,728,1.0,0,43,0.5832711214847495,0.6312354136396527
B-CAT-zscore,ALL_THREE_PRESPECIFIED_SEEDS_COMPLETED,T:0.5:back,T,0.5,back,1,728,728,1.0,0,17,0.5550121013633168,0.7052646842769188
B-CAT-zscore,ALL_THREE_PRESPECIFIED_SEEDS_COMPLETED,T:0.5:back,T,0.5,back,1,728,728,1.0,0,29,0.5557640667970057,0.6656286506110848
B-CAT-zscore,ALL_THREE_PRESPECIFIED_SEEDS_COMPLETED,T:0.5:back,T,0.5,back,1,728,728,1.0,0,43,0.5755992420439489,0.6347447547531984
B-CAT-zscore,ALL_THREE_PRESPECIFIED_SEEDS_COMPLETED,T:0.5:random,T,0.5,random,3,728,728,1.0,0,17,0.5540180022882281,0.6950828459212661
B-CAT-zscore,ALL_THREE_PRESPECIFIED_SEEDS_COMPLETED,T:0.5:random,T,0.5,random,3,728,728,1.0,0,29,0.5771225269431451,0.649632848984459
B-CAT-zscore,ALL_THREE_PRESPECIFIED_SEEDS_COMPLETED,T:0.5:random,T,0.5,random,3,728,728,1.0,0,43,0.5728197061437509,0.6372661056333254
B-CAT-zscore,ALL_THREE_PRESPECIFIED_SEEDS_COMPLETED,T:0.7:front,T,0.7,front,1,728,728,1.0,0,17,0.5305860293622693,0.7268870473208653
B-CAT-zscore,ALL_THREE_PRESPECIFIED_SEEDS_COMPLETED,T:0.7:front,T,0.7,front,1,728,728,1.0,0,29,0.5754482712452813,0.7011772171243358
B-CAT-zscore,ALL_THREE_PRESPECIFIED_SEEDS_COMPLETED,T:0.7:front,T,0.7,front,1,728,728,1.0,0,43,0.563937664008275,0.6783167282723858
B-CAT-zscore,ALL_THREE_PRESPECIFIED_SEEDS_COMPLETED,T:0.7:middle,T,0.7,middle,1,728,728,1.0,0,17,0.5543493211131717,0.7105120224046654
B-CAT-zscore,ALL_THREE_PRESPECIFIED_SEEDS_COMPLETED,T:0.7:middle,T,0.7,middle,1,728,728,1.0,0,29,0.5752346852781182,0.6711571978476758
B-CAT-zscore,ALL_THREE_PRESPECIFIED_SEEDS_COMPLETED,T:0.7:middle,T,0.7,middle,1,728,728,1.0,0,43,0.5657782048525641,0.6548324013678971
B-CAT-zscore,ALL_THREE_PRESPECIFIED_SEEDS_COMPLETED,T:0.7:back,T,0.7,back,1,728,728,1.0,0,17,0.5462244454891514,0.7285843529232527
B-CAT-zscore,ALL_THREE_PRESPECIFIED_SEEDS_COMPLETED,T:0.7:back,T,0.7,back,1,728,728,1.0,0,29,0.553193464186973,0.6837249642292711
B-CAT-zscore,ALL_THREE_PRESPECIFIED_SEEDS_COMPLETED,T:0.7:back,T,0.7,back,1,728,728,1.0,0,43,0.5558964496438453,0.6545952833567843
B-CAT-zscore,ALL_THREE_PRESPECIFIED_SEEDS_COMPLETED,T:0.7:random,T,0.7,random,3,728,728,1.0,0,17,0.5514327962769011,0.7074927079067873
B-CAT-zscore,ALL_THREE_PRESPECIFIED_SEEDS_COMPLETED,T:0.7:random,T,0.7,random,3,728,728,1.0,0,29,0.5735106658905403,0.6811133190436628
B-CAT-zscore,ALL_THREE_PRESPECIFIED_SEEDS_COMPLETED,T:0.7:random,T,0.7,random,3,728,728,1.0,0,43,0.574349416727858,0.6592161135961563
B-CAT-zscore,ALL_THREE_PRESPECIFIED_SEEDS_COMPLETED,A:0.1:front,A,0.1,front,1,724,728,0.9945054945054945,4,17,0.5916393047470763,0.6769739567264749
B-CAT-zscore,ALL_THREE_PRESPECIFIED_SEEDS_COMPLETED,A:0.1:front,A,0.1,front,1,724,728,0.9945054945054945,4,29,0.6058206495107984,0.6245818945640317
B-CAT-zscore,ALL_THREE_PRESPECIFIED_SEEDS_COMPLETED,A:0.1:front,A,0.1,front,1,724,728,0.9945054945054945,4,43,0.5983561154292861,0.6272885293436268
B-CAT-zscore,ALL_THREE_PRESPECIFIED_SEEDS_COMPLETED,A:0.1:middle,A,0.1,middle,1,724,728,0.9945054945054945,4,17,0.5962676891207753,0.6757832259079826
B-CAT-zscore,ALL_THREE_PRESPECIFIED_SEEDS_COMPLETED,A:0.1:middle,A,0.1,middle,1,724,728,0.9945054945054945,4,29,0.6024080670501051,0.6220282468206638
B-CAT-zscore,ALL_THREE_PRESPECIFIED_SEEDS_COMPLETED,A:0.1:middle,A,0.1,middle,1,724,728,0.9945054945054945,4,43,0.598260266200232,0.6251406595497878
B-CAT-zscore,ALL_THREE_PRESPECIFIED_SEEDS_COMPLETED,A:0.1:back,A,0.1,back,1,724,728,0.9945054945054945,4,17,0.5953154055898943,0.6810032049863046
B-CAT-zscore,ALL_THREE_PRESPECIFIED_SEEDS_COMPLETED,A:0.1:back,A,0.1,back,1,724,728,0.9945054945054945,4,29,0.6093415505181535,0.6240152108876718
B-CAT-zscore,ALL_THREE_PRESPECIFIED_SEEDS_COMPLETED,A:0.1:back,A,0.1,back,1,724,728,0.9945054945054945,4,43,0.5970632971668347,0.627131357811747
B-CAT-zscore,ALL_THREE_PRESPECIFIED_SEEDS_COMPLETED,A:0.1:random,A,0.1,random,3,724,728,0.9945054945054945,4,17,0.5952325280407683,0.6786291612691294
B-CAT-zscore,ALL_THREE_PRESPECIFIED_SEEDS_COMPLETED,A:0.1:random,A,0.1,random,3,724,728,0.9945054945054945,4,29,0.6029125114116378,0.623414850557217
B-CAT-zscore,ALL_THREE_PRESPECIFIED_SEEDS_COMPLETED,A:0.1:random,A,0.1,random,3,724,728,0.9945054945054945,4,43,0.5962992647355267,0.6264473761899026
B-CAT-zscore,ALL_THREE_PRESPECIFIED_SEEDS_COMPLETED,A:0.3:front,A,0.3,front,1,724,728,0.9945054945054945,4,17,0.5922996180010606,0.679127976161928
B-CAT-zscore,ALL_THREE_PRESPECIFIED_SEEDS_COMPLETED,A:0.3:front,A,0.3,front,1,724,728,0.9945054945054945,4,29,0.6019843985556469,0.6275913094859289
B-CAT-zscore,ALL_THREE_PRESPECIFIED_SEEDS_COMPLETED,A:0.3:front,A,0.3,front,1,724,728,0.9945054945054945,4,43,0.5908074908255596,0.6303994096078396
B-CAT-zscore,ALL_THREE_PRESPECIFIED_SEEDS_COMPLETED,A:0.3:middle,A,0.3,middle,1,724,728,0.9945054945054945,4,17,0.5940362362534815,0.6773102226216796
B-CAT-zscore,ALL_THREE_PRESPECIFIED_SEEDS_COMPLETED,A:0.3:middle,A,0.3,middle,1,724,728,0.9945054945054945,4,29,0.6000173840418275,0.619999973141303
B-CAT-zscore,ALL_THREE_PRESPECIFIED_SEEDS_COMPLETED,A:0.3:middle,A,0.3,middle,1,724,728,0.9945054945054945,4,43,0.604773164196109,0.6261874014469488
B-CAT-zscore,ALL_THREE_PRESPECIFIED_SEEDS_COMPLETED,A:0.3:back,A,0.3,back,1,724,728,0.9945054945054945,4,17,0.5910433493174073,0.6836036043425517
B-CAT-zscore,ALL_THREE_PRESPECIFIED_SEEDS_COMPLETED,A:0.3:back,A,0.3,back,1,724,728,0.9945054945054945,4,29,0.6071643737004552,0.6238037672913749
B-CAT-zscore,ALL_THREE_PRESPECIFIED_SEEDS_COMPLETED,A:0.3:back,A,0.3,back,1,724,728,0.9945054945054945,4,43,0.5950278313096456,0.6264367654950327
B-CAT-zscore,ALL_THREE_PRESPECIFIED_SEEDS_COMPLETED,A:0.3:random,A,0.3,random,3,724,728,0.9945054945054945,4,17,0.5912972019197144,0.680209230495772
B-CAT-zscore,ALL_THREE_PRESPECIFIED_SEEDS_COMPLETED,A:0.3:random,A,0.3,random,3,724,728,0.9945054945054945,4,29,0.6045795872725526,0.6233927557349266
B-CAT-zscore,ALL_THREE_PRESPECIFIED_SEEDS_COMPLETED,A:0.3:random,A,0.3,random,3,724,728,0.9945054945054945,4,43,0.6010009095802245,0.6262161076682297
B-CAT-zscore,ALL_THREE_PRESPECIFIED_SEEDS_COMPLETED,A:0.5:front,A,0.5,front,1,724,728,0.9945054945054945,4,17,0.5904963069238535,0.6799271115735762
B-CAT-zscore,ALL_THREE_PRESPECIFIED_SEEDS_COMPLETED,A:0.5:front,A,0.5,front,1,724,728,0.9945054945054945,4,29,0.5962200165425973,0.6312244901275915
B-CAT-zscore,ALL_THREE_PRESPECIFIED_SEEDS_COMPLETED,A:0.5:front,A,0.5,front,1,724,728,0.9945054945054945,4,43,0.5929290752153893,0.6339877714090507
B-CAT-zscore,ALL_THREE_PRESPECIFIED_SEEDS_COMPLETED,A:0.5:middle,A,0.5,middle,1,724,728,0.9945054945054945,4,17,0.5895266565046674,0.677949540028259
B-CAT-zscore,ALL_THREE_PRESPECIFIED_SEEDS_COMPLETED,A:0.5:middle,A,0.5,middle,1,724,728,0.9945054945054945,4,29,0.6022982661377502,0.6182798510071934
B-CAT-zscore,ALL_THREE_PRESPECIFIED_SEEDS_COMPLETED,A:0.5:middle,A,0.5,middle,1,724,728,0.9945054945054945,4,43,0.6099225100866489,0.6257537132040163
B-CAT-zscore,ALL_THREE_PRESPECIFIED_SEEDS_COMPLETED,A:0.5:back,A,0.5,back,1,724,728,0.9945054945054945,4,17,0.5744074977204555,0.6849659084391033
B-CAT-zscore,ALL_THREE_PRESPECIFIED_SEEDS_COMPLETED,A:0.5:back,A,0.5,back,1,724,728,0.9945054945054945,4,29,0.5982869607993576,0.6219958670943935
B-CAT-zscore,ALL_THREE_PRESPECIFIED_SEEDS_COMPLETED,A:0.5:back,A,0.5,back,1,724,728,0.9945054945054945,4,43,0.5979368376065857,0.6262611899759037
B-CAT-zscore,ALL_THREE_PRESPECIFIED_SEEDS_COMPLETED,A:0.5:random,A,0.5,random,3,724,728,0.9945054945054945,4,17,0.5843096101491412,0.6801258920262919
B-CAT-zscore,ALL_THREE_PRESPECIFIED_SEEDS_COMPLETED,A:0.5:random,A,0.5,random,3,724,728,0.9945054945054945,4,29,0.6008572997734487,0.6254556232501199
B-CAT-zscore,ALL_THREE_PRESPECIFIED_SEEDS_COMPLETED,A:0.5:random,A,0.5,random,3,724,728,0.9945054945054945,4,43,0.6005586423827243,0.6291572223449443
B-CAT-zscore,ALL_THREE_PRESPECIFIED_SEEDS_COMPLETED,A:0.7:front,A,0.7,front,1,718,728,0.9862637362637363,10,17,0.5812521177028956,0.6818420352749425
B-CAT-zscore,ALL_THREE_PRESPECIFIED_SEEDS_COMPLETED,A:0.7:front,A,0.7,front,1,718,728,0.9862637362637363,10,29,0.6021315496558829,0.632529053428488
B-CAT-zscore,ALL_THREE_PRESPECIFIED_SEEDS_COMPLETED,A:0.7:front,A,0.7,front,1,718,728,0.9862637362637363,10,43,0.5991983351260022,0.6380573044915474
B-CAT-zscore,ALL_THREE_PRESPECIFIED_SEEDS_COMPLETED,A:0.7:middle,A,0.7,middle,1,718,728,0.9862637362637363,10,17,0.5892963728625602,0.6825211615890782
B-CAT-zscore,ALL_THREE_PRESPECIFIED_SEEDS_COMPLETED,A:0.7:middle,A,0.7,middle,1,718,728,0.9862637362637363,10,29,0.5983478535444916,0.6256345876121246
B-CAT-zscore,ALL_THREE_PRESPECIFIED_SEEDS_COMPLETED,A:0.7:middle,A,0.7,middle,1,718,728,0.9862637362637363,10,43,0.5949584329677492,0.6311653651037077
B-CAT-zscore,ALL_THREE_PRESPECIFIED_SEEDS_COMPLETED,A:0.7:back,A,0.7,back,1,718,728,0.9862637362637363,10,17,0.5804531438168632,0.6878894562175776
B-CAT-zscore,ALL_THREE_PRESPECIFIED_SEEDS_COMPLETED,A:0.7:back,A,0.7,back,1,718,728,0.9862637362637363,10,29,0.5999411724182743,0.6215654863322865
B-CAT-zscore,ALL_THREE_PRESPECIFIED_SEEDS_COMPLETED,A:0.7:back,A,0.7,back,1,718,728,0.9862637362637363,10,43,0.5962581404723492,0.6283945724570223
B-CAT-zscore,ALL_THREE_PRESPECIFIED_SEEDS_COMPLETED,A:0.7:random,A,0.7,random,3,718,728,0.9862637362637363,10,17,0.584403898408818,0.6820362301681625
B-CAT-zscore,ALL_THREE_PRESPECIFIED_SEEDS_COMPLETED,A:0.7:random,A,0.7,random,3,718,728,0.9862637362637363,10,29,0.5948922230374051,0.6256253442871695
B-CAT-zscore,ALL_THREE_PRESPECIFIED_SEEDS_COMPLETED,A:0.7:random,A,0.7,random,3,718,728,0.9862637362637363,10,43,0.5984096299188434,0.6314692105181113
B-CAT-zscore,ALL_THREE_PRESPECIFIED_SEEDS_COMPLETED,V:0.1:front,V,0.1,front,1,703,728,0.9656593406593407,25,17,0.597715918902697,0.6789590081308423
B-CAT-zscore,ALL_THREE_PRESPECIFIED_SEEDS_COMPLETED,V:0.1:front,V,0.1,front,1,703,728,0.9656593406593407,25,29,0.6039241302036378,0.6233542936313244
B-CAT-zscore,ALL_THREE_PRESPECIFIED_SEEDS_COMPLETED,V:0.1:front,V,0.1,front,1,703,728,0.9656593406593407,25,43,0.5959909643961688,0.626691997087219
B-CAT-zscore,ALL_THREE_PRESPECIFIED_SEEDS_COMPLETED,V:0.1:middle,V,0.1,middle,1,703,728,0.9656593406593407,25,17,0.5960025706095945,0.6784869842132129
B-CAT-zscore,ALL_THREE_PRESPECIFIED_SEEDS_COMPLETED,V:0.1:middle,V,0.1,middle,1,703,728,0.9656593406593407,25,29,0.6062420436934517,0.6225256036519607
B-CAT-zscore,ALL_THREE_PRESPECIFIED_SEEDS_COMPLETED,V:0.1:middle,V,0.1,middle,1,703,728,0.9656593406593407,25,43,0.5952127817950487,0.626337151586655
B-CAT-zscore,ALL_THREE_PRESPECIFIED_SEEDS_COMPLETED,V:0.1:back,V,0.1,back,1,703,728,0.9656593406593407,25,17,0.6062480383162452,0.6777710489251338
B-CAT-zscore,ALL_THREE_PRESPECIFIED_SEEDS_COMPLETED,V:0.1:back,V,0.1,back,1,703,728,0.9656593406593407,25,29,0.6051975943817682,0.623187865847645
B-CAT-zscore,ALL_THREE_PRESPECIFIED_SEEDS_COMPLETED,V:0.1:back,V,0.1,back,1,703,728,0.9656593406593407,25,43,0.597799816375154,0.6263682260066091
B-CAT-zscore,ALL_THREE_PRESPECIFIED_SEEDS_COMPLETED,V:0.1:random,V,0.1,random,3,703,728,0.9656593406593407,25,17,0.6012132709917645,0.678182401072303
B-CAT-zscore,ALL_THREE_PRESPECIFIED_SEEDS_COMPLETED,V:0.1:random,V,0.1,random,3,703,728,0.9656593406593407,25,29,0.6051637937658892,0.6225266214977713
B-CAT-zscore,ALL_THREE_PRESPECIFIED_SEEDS_COMPLETED,V:0.1:random,V,0.1,random,3,703,728,0.9656593406593407,25,43,0.5982769534668128,0.6262861140101236
B-CAT-zscore,ALL_THREE_PRESPECIFIED_SEEDS_COMPLETED,V:0.3:front,V,0.3,front,1,703,728,0.9656593406593407,25,17,0.5917204432513518,0.6806421074618081
B-CAT-zscore,ALL_THREE_PRESPECIFIED_SEEDS_COMPLETED,V:0.3:front,V,0.3,front,1,703,728,0.9656593406593407,25,29,0.598955790305616,0.6237262103410443
B-CAT-zscore,ALL_THREE_PRESPECIFIED_SEEDS_COMPLETED,V:0.3:front,V,0.3,front,1,703,728,0.9656593406593407,25,43,0.6029349902761596,0.6273371049957439
B-CAT-zscore,ALL_THREE_PRESPECIFIED_SEEDS_COMPLETED,V:0.3:middle,V,0.3,middle,1,703,728,0.9656593406593407,25,17,0.5969761539255765,0.6779149452107319
B-CAT-zscore,ALL_THREE_PRESPECIFIED_SEEDS_COMPLETED,V:0.3:middle,V,0.3,middle,1,703,728,0.9656593406593407,25,29,0.6031077302229386,0.6215025757418327
B-CAT-zscore,ALL_THREE_PRESPECIFIED_SEEDS_COMPLETED,V:0.3:middle,V,0.3,middle,1,703,728,0.9656593406593407,25,43,0.5942849535595186,0.6264705343464911
B-CAT-zscore,ALL_THREE_PRESPECIFIED_SEEDS_COMPLETED,V:0.3:back,V,0.3,back,1,703,728,0.9656593406593407,25,17,0.6054602277260944,0.6771873159336942
B-CAT-zscore,ALL_THREE_PRESPECIFIED_SEEDS_COMPLETED,V:0.3:back,V,0.3,back,1,703,728,0.9656593406593407,25,29,0.6064671457475982,0.6254828159593732
B-CAT-zscore,ALL_THREE_PRESPECIFIED_SEEDS_COMPLETED,V:0.3:back,V,0.3,back,1,703,728,0.9656593406593407,25,43,0.6019280425448298,0.6269864291859378
B-CAT-zscore,ALL_THREE_PRESPECIFIED_SEEDS_COMPLETED,V:0.3:random,V,0.3,random,3,703,728,0.9656593406593407,25,17,0.5966233732486118,0.6791612802243079
B-CAT-zscore,ALL_THREE_PRESPECIFIED_SEEDS_COMPLETED,V:0.3:random,V,0.3,random,3,703,728,0.9656593406593407,25,29,0.6067200020244764,0.6238613803528766
B-CAT-zscore,ALL_THREE_PRESPECIFIED_SEEDS_COMPLETED,V:0.3:random,V,0.3,random,3,703,728,0.9656593406593407,25,43,0.6004424775858307,0.6280024902801918
B-CAT-zscore,ALL_THREE_PRESPECIFIED_SEEDS_COMPLETED,V:0.5:front,V,0.5,front,1,703,728,0.9656593406593407,25,17,0.5860903464262338,0.6829605086872567
B-CAT-zscore,ALL_THREE_PRESPECIFIED_SEEDS_COMPLETED,V:0.5:front,V,0.5,front,1,703,728,0.9656593406593407,25,29,0.6040992796596316,0.6234924146377195
B-CAT-zscore,ALL_THREE_PRESPECIFIED_SEEDS_COMPLETED,V:0.5:front,V,0.5,front,1,703,728,0.9656593406593407,25,43,0.6000708241060521,0.6283448484155687
B-CAT-zscore,ALL_THREE_PRESPECIFIED_SEEDS_COMPLETED,V:0.5:middle,V,0.5,middle,1,703,728,0.9656593406593407,25,17,0.59446897367434,0.6772931953286049
B-CAT-zscore,ALL_THREE_PRESPECIFIED_SEEDS_COMPLETED,V:0.5:middle,V,0.5,middle,1,703,728,0.9656593406593407,25,29,0.6018134149005899,0.6214251140587334
B-CAT-zscore,ALL_THREE_PRESPECIFIED_SEEDS_COMPLETED,V:0.5:middle,V,0.5,middle,1,703,728,0.9656593406593407,25,43,0.5971076578812994,0.6257502282155706
B-CAT-zscore,ALL_THREE_PRESPECIFIED_SEEDS_COMPLETED,V:0.5:back,V,0.5,back,1,703,728,0.9656593406593407,25,17,0.6004307110021632,0.6753146023328664
B-CAT-zscore,ALL_THREE_PRESPECIFIED_SEEDS_COMPLETED,V:0.5:back,V,0.5,back,1,703,728,0.9656593406593407,25,29,0.6143508692530978,0.6256625119364528
B-CAT-zscore,ALL_THREE_PRESPECIFIED_SEEDS_COMPLETED,V:0.5:back,V,0.5,back,1,703,728,0.9656593406593407,25,43,0.5990897798036001,0.6266564858613912
B-CAT-zscore,ALL_THREE_PRESPECIFIED_SEEDS_COMPLETED,V:0.5:random,V,0.5,random,3,703,728,0.9656593406593407,25,17,0.5911252282368663,0.6786438902624031
B-CAT-zscore,ALL_THREE_PRESPECIFIED_SEEDS_COMPLETED,V:0.5:random,V,0.5,random,3,703,728,0.9656593406593407,25,29,0.6067952040432959,0.6239355332275679
B-CAT-zscore,ALL_THREE_PRESPECIFIED_SEEDS_COMPLETED,V:0.5:random,V,0.5,random,3,703,728,0.9656593406593407,25,43,0.5966565418806056,0.6274946547974108
B-CAT-zscore,ALL_THREE_PRESPECIFIED_SEEDS_COMPLETED,V:0.7:front,V,0.7,front,1,694,728,0.9532967032967034,34,17,0.5875667568546746,0.6802680813227678
B-CAT-zscore,ALL_THREE_PRESPECIFIED_SEEDS_COMPLETED,V:0.7:front,V,0.7,front,1,694,728,0.9532967032967034,34,29,0.5914352904485024,0.6198035714281774
B-CAT-zscore,ALL_THREE_PRESPECIFIED_SEEDS_COMPLETED,V:0.7:front,V,0.7,front,1,694,728,0.9532967032967034,34,43,0.589002568424449,0.626366225538032
B-CAT-zscore,ALL_THREE_PRESPECIFIED_SEEDS_COMPLETED,V:0.7:middle,V,0.7,middle,1,694,728,0.9532967032967034,34,17,0.5915625547088693,0.6800616649878186
B-CAT-zscore,ALL_THREE_PRESPECIFIED_SEEDS_COMPLETED,V:0.7:middle,V,0.7,middle,1,694,728,0.9532967032967034,34,29,0.6012824081867624,0.6202331353218812
B-CAT-zscore,ALL_THREE_PRESPECIFIED_SEEDS_COMPLETED,V:0.7:middle,V,0.7,middle,1,694,728,0.9532967032967034,34,43,0.5986670373518107,0.6265440325260387
B-CAT-zscore,ALL_THREE_PRESPECIFIED_SEEDS_COMPLETED,V:0.7:back,V,0.7,back,1,694,728,0.9532967032967034,34,17,0.5957845332955111,0.674699630795378
B-CAT-zscore,ALL_THREE_PRESPECIFIED_SEEDS_COMPLETED,V:0.7:back,V,0.7,back,1,694,728,0.9532967032967034,34,29,0.6009076177991407,0.626016547335734
B-CAT-zscore,ALL_THREE_PRESPECIFIED_SEEDS_COMPLETED,V:0.7:back,V,0.7,back,1,694,728,0.9532967032967034,34,43,0.5974814652684773,0.6269678978575969
B-CAT-zscore,ALL_THREE_PRESPECIFIED_SEEDS_COMPLETED,V:0.7:random,V,0.7,random,3,694,728,0.9532967032967034,34,17,0.5935195945334372,0.6798297447662446
B-CAT-zscore,ALL_THREE_PRESPECIFIED_SEEDS_COMPLETED,V:0.7:random,V,0.7,random,3,694,728,0.9532967032967034,34,29,0.6022402192654024,0.6237289674350678
B-CAT-zscore,ALL_THREE_PRESPECIFIED_SEEDS_COMPLETED,V:0.7:random,V,0.7,random,3,694,728,0.9532967032967034,34,43,0.5974574947815022,0.6264406349124568
B-CAT-zscore,ALL_THREE_PRESPECIFIED_SEEDS_COMPLETED,TA:0.1:front,TA,0.1,front,1,724,728,0.9945054945054945,4,17,0.5704950114113037,0.6833217950060626
B-CAT-zscore,ALL_THREE_PRESPECIFIED_SEEDS_COMPLETED,TA:0.1:front,TA,0.1,front,1,724,728,0.9945054945054945,4,29,0.5887954677710191,0.6305004103930544
B-CAT-zscore,ALL_THREE_PRESPECIFIED_SEEDS_COMPLETED,TA:0.1:front,TA,0.1,front,1,724,728,0.9945054945054945,4,43,0.5883335246719898,0.6322263430466282
B-CAT-zscore,ALL_THREE_PRESPECIFIED_SEEDS_COMPLETED,TA:0.1:middle,TA,0.1,middle,1,724,728,0.9945054945054945,4,17,0.5974452009649962,0.6722598475627
B-CAT-zscore,ALL_THREE_PRESPECIFIED_SEEDS_COMPLETED,TA:0.1:middle,TA,0.1,middle,1,724,728,0.9945054945054945,4,29,0.6049732391711193,0.6275439266053702
B-CAT-zscore,ALL_THREE_PRESPECIFIED_SEEDS_COMPLETED,TA:0.1:middle,TA,0.1,middle,1,724,728,0.9945054945054945,4,43,0.5986559375718068,0.6250022779373007
B-CAT-zscore,ALL_THREE_PRESPECIFIED_SEEDS_COMPLETED,TA:0.1:back,TA,0.1,back,1,724,728,0.9945054945054945,4,17,0.5777159611831849,0.6942402870966132
B-CAT-zscore,ALL_THREE_PRESPECIFIED_SEEDS_COMPLETED,TA:0.1:back,TA,0.1,back,1,724,728,0.9945054945054945,4,29,0.5762908392571905,0.6378542026594425
B-CAT-zscore,ALL_THREE_PRESPECIFIED_SEEDS_COMPLETED,TA:0.1:back,TA,0.1,back,1,724,728,0.9945054945054945,4,43,0.5829471978474167,0.6330631078560875
B-CAT-zscore,ALL_THREE_PRESPECIFIED_SEEDS_COMPLETED,TA:0.1:random,TA,0.1,random,3,724,728,0.9945054945054945,4,17,0.5835018163798237,0.6838852941739159
B-CAT-zscore,ALL_THREE_PRESPECIFIED_SEEDS_COMPLETED,TA:0.1:random,TA,0.1,random,3,724,728,0.9945054945054945,4,29,0.6003850736474368,0.6256987662896264
B-CAT-zscore,ALL_THREE_PRESPECIFIED_SEEDS_COMPLETED,TA:0.1:random,TA,0.1,random,3,724,728,0.9945054945054945,4,43,0.5953350806393961,0.6309342783497414
B-CAT-zscore,ALL_THREE_PRESPECIFIED_SEEDS_COMPLETED,TA:0.3:front,TA,0.3,front,1,724,728,0.9945054945054945,4,17,0.5647774214341809,0.7061235705361149
B-CAT-zscore,ALL_THREE_PRESPECIFIED_SEEDS_COMPLETED,TA:0.3:front,TA,0.3,front,1,724,728,0.9945054945054945,4,29,0.5763001357318664,0.6547217957786116
B-CAT-zscore,ALL_THREE_PRESPECIFIED_SEEDS_COMPLETED,TA:0.3:front,TA,0.3,front,1,724,728,0.9945054945054945,4,43,0.580844543665032,0.6529302766030414
B-CAT-zscore,ALL_THREE_PRESPECIFIED_SEEDS_COMPLETED,TA:0.3:middle,TA,0.3,middle,1,724,728,0.9945054945054945,4,17,0.576252776139683,0.6797059612634277
B-CAT-zscore,ALL_THREE_PRESPECIFIED_SEEDS_COMPLETED,TA:0.3:middle,TA,0.3,middle,1,724,728,0.9945054945054945,4,29,0.6121439237299419,0.6264101050929729
B-CAT-zscore,ALL_THREE_PRESPECIFIED_SEEDS_COMPLETED,TA:0.3:middle,TA,0.3,middle,1,724,728,0.9945054945054945,4,43,0.593536774647825,0.6272513368330093
B-CAT-zscore,ALL_THREE_PRESPECIFIED_SEEDS_COMPLETED,TA:0.3:back,TA,0.3,back,1,724,728,0.9945054945054945,4,17,0.571319233947786,0.7004745198512234
B-CAT-zscore,ALL_THREE_PRESPECIFIED_SEEDS_COMPLETED,TA:0.3:back,TA,0.3,back,1,724,728,0.9945054945054945,4,29,0.5621714557419072,0.6479398429299101
B-CAT-zscore,ALL_THREE_PRESPECIFIED_SEEDS_COMPLETED,TA:0.3:back,TA,0.3,back,1,724,728,0.9945054945054945,4,43,0.578006383936806,0.6355330945007953
B-CAT-zscore,ALL_THREE_PRESPECIFIED_SEEDS_COMPLETED,TA:0.3:random,TA,0.3,random,3,724,728,0.9945054945054945,4,17,0.5787748595384968,0.6859925211837513
B-CAT-zscore,ALL_THREE_PRESPECIFIED_SEEDS_COMPLETED,TA:0.3:random,TA,0.3,random,3,724,728,0.9945054945054945,4,29,0.5955196926496199,0.637419883224415
B-CAT-zscore,ALL_THREE_PRESPECIFIED_SEEDS_COMPLETED,TA:0.3:random,TA,0.3,random,3,724,728,0.9945054945054945,4,43,0.5922500043652642,0.6339994787567742
B-CAT-zscore,ALL_THREE_PRESPECIFIED_SEEDS_COMPLETED,TA:0.5:front,TA,0.5,front,1,724,728,0.9945054945054945,4,17,0.5596466512050068,0.7088655238623467
B-CAT-zscore,ALL_THREE_PRESPECIFIED_SEEDS_COMPLETED,TA:0.5:front,TA,0.5,front,1,724,728,0.9945054945054945,4,29,0.5770629884714654,0.6765563046792522
B-CAT-zscore,ALL_THREE_PRESPECIFIED_SEEDS_COMPLETED,TA:0.5:front,TA,0.5,front,1,724,728,0.9945054945054945,4,43,0.5693916981997477,0.6744964743950302
B-CAT-zscore,ALL_THREE_PRESPECIFIED_SEEDS_COMPLETED,TA:0.5:middle,TA,0.5,middle,1,724,728,0.9945054945054945,4,17,0.5604345642389678,0.6878584532996583
B-CAT-zscore,ALL_THREE_PRESPECIFIED_SEEDS_COMPLETED,TA:0.5:middle,TA,0.5,middle,1,724,728,0.9945054945054945,4,29,0.5972843999087695,0.6353933778732176
B-CAT-zscore,ALL_THREE_PRESPECIFIED_SEEDS_COMPLETED,TA:0.5:middle,TA,0.5,middle,1,724,728,0.9945054945054945,4,43,0.5838721275363362,0.63310083457295
B-CAT-zscore,ALL_THREE_PRESPECIFIED_SEEDS_COMPLETED,TA:0.5:back,TA,0.5,back,1,724,728,0.9945054945054945,4,17,0.5360757271732753,0.713736578255091
B-CAT-zscore,ALL_THREE_PRESPECIFIED_SEEDS_COMPLETED,TA:0.5:back,TA,0.5,back,1,724,728,0.9945054945054945,4,29,0.564899739659182,0.6670359066702876
B-CAT-zscore,ALL_THREE_PRESPECIFIED_SEEDS_COMPLETED,TA:0.5:back,TA,0.5,back,1,724,728,0.9945054945054945,4,43,0.5758167605442496,0.635896777243553
B-CAT-zscore,ALL_THREE_PRESPECIFIED_SEEDS_COMPLETED,TA:0.5:random,TA,0.5,random,3,724,728,0.9945054945054945,4,17,0.5504822489336837,0.6945654755438406
B-CAT-zscore,ALL_THREE_PRESPECIFIED_SEEDS_COMPLETED,TA:0.5:random,TA,0.5,random,3,724,728,0.9945054945054945,4,29,0.5837309889942066,0.6517304592944329
B-CAT-zscore,ALL_THREE_PRESPECIFIED_SEEDS_COMPLETED,TA:0.5:random,TA,0.5,random,3,724,728,0.9945054945054945,4,43,0.5703965229389996,0.6460142216962125
B-CAT-zscore,ALL_THREE_PRESPECIFIED_SEEDS_COMPLETED,TA:0.7:front,TA,0.7,front,1,718,728,0.9862637362637363,10,17,0.537189833484605,0.7353125992973059
B-CAT-zscore,ALL_THREE_PRESPECIFIED_SEEDS_COMPLETED,TA:0.7:front,TA,0.7,front,1,718,728,0.9862637362637363,10,29,0.5601426784968387,0.708355639742017
B-CAT-zscore,ALL_THREE_PRESPECIFIED_SEEDS_COMPLETED,TA:0.7:front,TA,0.7,front,1,718,728,0.9862637362637363,10,43,0.5713875241487999,0.6896548950046834
B-CAT-zscore,ALL_THREE_PRESPECIFIED_SEEDS_COMPLETED,TA:0.7:middle,TA,0.7,middle,1,718,728,0.9862637362637363,10,17,0.5687385723261856,0.7085447144249434
B-CAT-zscore,ALL_THREE_PRESPECIFIED_SEEDS_COMPLETED,TA:0.7:middle,TA,0.7,middle,1,718,728,0.9862637362637363,10,29,0.5819644199747626,0.6719087944788203
B-CAT-zscore,ALL_THREE_PRESPECIFIED_SEEDS_COMPLETED,TA:0.7:middle,TA,0.7,middle,1,718,728,0.9862637362637363,10,43,0.5754530623740961,0.6569366720058907
B-CAT-zscore,ALL_THREE_PRESPECIFIED_SEEDS_COMPLETED,TA:0.7:back,TA,0.7,back,1,718,728,0.9862637362637363,10,17,0.5382145866939322,0.7338602785913371
B-CAT-zscore,ALL_THREE_PRESPECIFIED_SEEDS_COMPLETED,TA:0.7:back,TA,0.7,back,1,718,728,0.9862637362637363,10,29,0.5611662913477623,0.6880615695922093
B-CAT-zscore,ALL_THREE_PRESPECIFIED_SEEDS_COMPLETED,TA:0.7:back,TA,0.7,back,1,718,728,0.9862637362637363,10,43,0.5374139430568864,0.6553951469109301
B-CAT-zscore,ALL_THREE_PRESPECIFIED_SEEDS_COMPLETED,TA:0.7:random,TA,0.7,random,3,718,728,0.9862637362637363,10,17,0.5370784765448859,0.7326256956793401
B-CAT-zscore,ALL_THREE_PRESPECIFIED_SEEDS_COMPLETED,TA:0.7:random,TA,0.7,random,3,718,728,0.9862637362637363,10,29,0.5610658258204637,0.6936634866612552
B-CAT-zscore,ALL_THREE_PRESPECIFIED_SEEDS_COMPLETED,TA:0.7:random,TA,0.7,random,3,718,728,0.9862637362637363,10,43,0.5505106593617096,0.674018772030586
B-CAT-zscore,ALL_THREE_PRESPECIFIED_SEEDS_COMPLETED,TV:0.1:front,TV,0.1,front,1,703,728,0.9656593406593407,25,17,0.5748643147672695,0.6857436958196379
B-CAT-zscore,ALL_THREE_PRESPECIFIED_SEEDS_COMPLETED,TV:0.1:front,TV,0.1,front,1,703,728,0.9656593406593407,25,29,0.5844955053050812,0.6296255321633377
B-CAT-zscore,ALL_THREE_PRESPECIFIED_SEEDS_COMPLETED,TV:0.1:front,TV,0.1,front,1,703,728,0.9656593406593407,25,43,0.5887650285687335,0.6312772887786096
B-CAT-zscore,ALL_THREE_PRESPECIFIED_SEEDS_COMPLETED,TV:0.1:middle,TV,0.1,middle,1,703,728,0.9656593406593407,25,17,0.6011474800629585,0.6761226728798407
B-CAT-zscore,ALL_THREE_PRESPECIFIED_SEEDS_COMPLETED,TV:0.1:middle,TV,0.1,middle,1,703,728,0.9656593406593407,25,29,0.6160958904109589,0.6270112582486556
B-CAT-zscore,ALL_THREE_PRESPECIFIED_SEEDS_COMPLETED,TV:0.1:middle,TV,0.1,middle,1,703,728,0.9656593406593407,25,43,0.59497363157134,0.6255855721785818
B-CAT-zscore,ALL_THREE_PRESPECIFIED_SEEDS_COMPLETED,TV:0.1:back,TV,0.1,back,1,703,728,0.9656593406593407,25,17,0.5860817890374541,0.6911681499376965
B-CAT-zscore,ALL_THREE_PRESPECIFIED_SEEDS_COMPLETED,TV:0.1:back,TV,0.1,back,1,703,728,0.9656593406593407,25,29,0.5858609431325282,0.6372318698219944
B-CAT-zscore,ALL_THREE_PRESPECIFIED_SEEDS_COMPLETED,TV:0.1:back,TV,0.1,back,1,703,728,0.9656593406593407,25,43,0.5834814771491575,0.6329986341072151
B-CAT-zscore,ALL_THREE_PRESPECIFIED_SEEDS_COMPLETED,TV:0.1:random,TV,0.1,random,3,703,728,0.9656593406593407,25,17,0.5849635272610397,0.6775446700972919
B-CAT-zscore,ALL_THREE_PRESPECIFIED_SEEDS_COMPLETED,TV:0.1:random,TV,0.1,random,3,703,728,0.9656593406593407,25,29,0.6022171118142082,0.6235864281982922
B-CAT-zscore,ALL_THREE_PRESPECIFIED_SEEDS_COMPLETED,TV:0.1:random,TV,0.1,random,3,703,728,0.9656593406593407,25,43,0.595014181326527,0.6236982184397538
B-CAT-zscore,ALL_THREE_PRESPECIFIED_SEEDS_COMPLETED,TV:0.3:front,TV,0.3,front,1,703,728,0.9656593406593407,25,17,0.5629158918989788,0.707464901756004
B-CAT-zscore,ALL_THREE_PRESPECIFIED_SEEDS_COMPLETED,TV:0.3:front,TV,0.3,front,1,703,728,0.9656593406593407,25,29,0.5815001969084723,0.651986097410682
B-CAT-zscore,ALL_THREE_PRESPECIFIED_SEEDS_COMPLETED,TV:0.3:front,TV,0.3,front,1,703,728,0.9656593406593407,25,43,0.583435873301818,0.6487860326265985
B-CAT-zscore,ALL_THREE_PRESPECIFIED_SEEDS_COMPLETED,TV:0.3:middle,TV,0.3,middle,1,703,728,0.9656593406593407,25,17,0.5872229581200666,0.6784856422076061
B-CAT-zscore,ALL_THREE_PRESPECIFIED_SEEDS_COMPLETED,TV:0.3:middle,TV,0.3,middle,1,703,728,0.9656593406593407,25,29,0.6102828580369278,0.6265823852947585
B-CAT-zscore,ALL_THREE_PRESPECIFIED_SEEDS_COMPLETED,TV:0.3:middle,TV,0.3,middle,1,703,728,0.9656593406593407,25,43,0.597945147349822,0.6272411408389926
B-CAT-zscore,ALL_THREE_PRESPECIFIED_SEEDS_COMPLETED,TV:0.3:back,TV,0.3,back,1,703,728,0.9656593406593407,25,17,0.5736994486698489,0.6937840241084264
B-CAT-zscore,ALL_THREE_PRESPECIFIED_SEEDS_COMPLETED,TV:0.3:back,TV,0.3,back,1,703,728,0.9656593406593407,25,29,0.578198113752475,0.6488060396245251
B-CAT-zscore,ALL_THREE_PRESPECIFIED_SEEDS_COMPLETED,TV:0.3:back,TV,0.3,back,1,703,728,0.9656593406593407,25,43,0.5773711357976551,0.6362799814514302
B-CAT-zscore,ALL_THREE_PRESPECIFIED_SEEDS_COMPLETED,TV:0.3:random,TV,0.3,random,3,703,728,0.9656593406593407,25,17,0.5832807702075599,0.6779124019609939
B-CAT-zscore,ALL_THREE_PRESPECIFIED_SEEDS_COMPLETED,TV:0.3:random,TV,0.3,random,3,703,728,0.9656593406593407,25,29,0.6009817579233314,0.6358071714927503
B-CAT-zscore,ALL_THREE_PRESPECIFIED_SEEDS_COMPLETED,TV:0.3:random,TV,0.3,random,3,703,728,0.9656593406593407,25,43,0.5839776199155152,0.6339439364394192
B-CAT-zscore,ALL_THREE_PRESPECIFIED_SEEDS_COMPLETED,TV:0.5:front,TV,0.5,front,1,703,728,0.9656593406593407,25,17,0.5590317118814528,0.7119454026348878
B-CAT-zscore,ALL_THREE_PRESPECIFIED_SEEDS_COMPLETED,TV:0.5:front,TV,0.5,front,1,703,728,0.9656593406593407,25,29,0.5740681919014999,0.665823027226117
B-CAT-zscore,ALL_THREE_PRESPECIFIED_SEEDS_COMPLETED,TV:0.5:front,TV,0.5,front,1,703,728,0.9656593406593407,25,43,0.5739380604709899,0.6672340303166593
B-CAT-zscore,ALL_THREE_PRESPECIFIED_SEEDS_COMPLETED,TV:0.5:middle,TV,0.5,middle,1,703,728,0.9656593406593407,25,17,0.5617438205128613,0.6866714793791838
B-CAT-zscore,ALL_THREE_PRESPECIFIED_SEEDS_COMPLETED,TV:0.5:middle,TV,0.5,middle,1,703,728,0.9656593406593407,25,29,0.5967862066694148,0.6374682206558165
B-CAT-zscore,ALL_THREE_PRESPECIFIED_SEEDS_COMPLETED,TV:0.5:middle,TV,0.5,middle,1,703,728,0.9656593406593407,25,43,0.5831124351245552,0.6317164825594084
B-CAT-zscore,ALL_THREE_PRESPECIFIED_SEEDS_COMPLETED,TV:0.5:back,TV,0.5,back,1,703,728,0.9656593406593407,25,17,0.5645151166440004,0.7010858302416566
B-CAT-zscore,ALL_THREE_PRESPECIFIED_SEEDS_COMPLETED,TV:0.5:back,TV,0.5,back,1,703,728,0.9656593406593407,25,29,0.5601608995714934,0.6640026455316219
B-CAT-zscore,ALL_THREE_PRESPECIFIED_SEEDS_COMPLETED,TV:0.5:back,TV,0.5,back,1,703,728,0.9656593406593407,25,43,0.5760064232910292,0.632697990905349
B-CAT-zscore,ALL_THREE_PRESPECIFIED_SEEDS_COMPLETED,TV:0.5:random,TV,0.5,random,3,703,728,0.9656593406593407,25,17,0.567311848356672,0.6888826664146688
B-CAT-zscore,ALL_THREE_PRESPECIFIED_SEEDS_COMPLETED,TV:0.5:random,TV,0.5,random,3,703,728,0.9656593406593407,25,29,0.5840746455519265,0.6487928000845923
B-CAT-zscore,ALL_THREE_PRESPECIFIED_SEEDS_COMPLETED,TV:0.5:random,TV,0.5,random,3,703,728,0.9656593406593407,25,43,0.5677879563557838,0.6435986598087419
B-CAT-zscore,ALL_THREE_PRESPECIFIED_SEEDS_COMPLETED,TV:0.7:front,TV,0.7,front,1,694,728,0.9532967032967034,34,17,0.5359434722490362,0.7166126034680529
B-CAT-zscore,ALL_THREE_PRESPECIFIED_SEEDS_COMPLETED,TV:0.7:front,TV,0.7,front,1,694,728,0.9532967032967034,34,29,0.5589221598544469,0.6955369406867169
B-CAT-zscore,ALL_THREE_PRESPECIFIED_SEEDS_COMPLETED,TV:0.7:front,TV,0.7,front,1,694,728,0.9532967032967034,34,43,0.5581393038950203,0.6776696299469792
B-CAT-zscore,ALL_THREE_PRESPECIFIED_SEEDS_COMPLETED,TV:0.7:middle,TV,0.7,middle,1,694,728,0.9532967032967034,34,17,0.5665292735410422,0.6961625859384095
B-CAT-zscore,ALL_THREE_PRESPECIFIED_SEEDS_COMPLETED,TV:0.7:middle,TV,0.7,middle,1,694,728,0.9532967032967034,34,29,0.5777296948769618,0.6663980682576869
B-CAT-zscore,ALL_THREE_PRESPECIFIED_SEEDS_COMPLETED,TV:0.7:middle,TV,0.7,middle,1,694,728,0.9532967032967034,34,43,0.5731454060318263,0.6507072238209031
B-CAT-zscore,ALL_THREE_PRESPECIFIED_SEEDS_COMPLETED,TV:0.7:back,TV,0.7,back,1,694,728,0.9532967032967034,34,17,0.5530191186101421,0.725507931516104
B-CAT-zscore,ALL_THREE_PRESPECIFIED_SEEDS_COMPLETED,TV:0.7:back,TV,0.7,back,1,694,728,0.9532967032967034,34,29,0.5447717093980549,0.6815800727965504
B-CAT-zscore,ALL_THREE_PRESPECIFIED_SEEDS_COMPLETED,TV:0.7:back,TV,0.7,back,1,694,728,0.9532967032967034,34,43,0.5421926964009876,0.6508679421902264
B-CAT-zscore,ALL_THREE_PRESPECIFIED_SEEDS_COMPLETED,TV:0.7:random,TV,0.7,random,3,694,728,0.9532967032967034,34,17,0.5424985344771056,0.7043129479743483
B-CAT-zscore,ALL_THREE_PRESPECIFIED_SEEDS_COMPLETED,TV:0.7:random,TV,0.7,random,3,694,728,0.9532967032967034,34,29,0.5659742135851676,0.6739513110623703
B-CAT-zscore,ALL_THREE_PRESPECIFIED_SEEDS_COMPLETED,TV:0.7:random,TV,0.7,random,3,694,728,0.9532967032967034,34,43,0.5593839014320469,0.6640864926670301
B-CAT-zscore,ALL_THREE_PRESPECIFIED_SEEDS_COMPLETED,AV:0.1:front,AV,0.1,front,1,703,728,0.9656593406593407,25,17,0.5939501761698444,0.6776201687932301
B-CAT-zscore,ALL_THREE_PRESPECIFIED_SEEDS_COMPLETED,AV:0.1:front,AV,0.1,front,1,703,728,0.9656593406593407,25,29,0.6041456076347514,0.6247900537665163
B-CAT-zscore,ALL_THREE_PRESPECIFIED_SEEDS_COMPLETED,AV:0.1:front,AV,0.1,front,1,703,728,0.9656593406593407,25,43,0.5998524742046826,0.6274906779037517
B-CAT-zscore,ALL_THREE_PRESPECIFIED_SEEDS_COMPLETED,AV:0.1:middle,AV,0.1,middle,1,703,728,0.9656593406593407,25,17,0.5992993981502163,0.6760375246848236
B-CAT-zscore,ALL_THREE_PRESPECIFIED_SEEDS_COMPLETED,AV:0.1:middle,AV,0.1,middle,1,703,728,0.9656593406593407,25,29,0.6045994536560574,0.6216188128756175
B-CAT-zscore,ALL_THREE_PRESPECIFIED_SEEDS_COMPLETED,AV:0.1:middle,AV,0.1,middle,1,703,728,0.9656593406593407,25,43,0.5972245380205253,0.6251854296892966
B-CAT-zscore,ALL_THREE_PRESPECIFIED_SEEDS_COMPLETED,AV:0.1:back,AV,0.1,back,1,703,728,0.9656593406593407,25,17,0.5989940164500769,0.6802598406275437
B-CAT-zscore,ALL_THREE_PRESPECIFIED_SEEDS_COMPLETED,AV:0.1:back,AV,0.1,back,1,703,728,0.9656593406593407,25,29,0.6072467217624916,0.6238891776783231
B-CAT-zscore,ALL_THREE_PRESPECIFIED_SEEDS_COMPLETED,AV:0.1:back,AV,0.1,back,1,703,728,0.9656593406593407,25,43,0.5965437825887278,0.6268313408106153
B-CAT-zscore,ALL_THREE_PRESPECIFIED_SEEDS_COMPLETED,AV:0.1:random,AV,0.1,random,3,703,728,0.9656593406593407,25,17,0.5959151829418204,0.6784376716822251
B-CAT-zscore,ALL_THREE_PRESPECIFIED_SEEDS_COMPLETED,AV:0.1:random,AV,0.1,random,3,703,728,0.9656593406593407,25,29,0.6037687600174909,0.6221642812432324
B-CAT-zscore,ALL_THREE_PRESPECIFIED_SEEDS_COMPLETED,AV:0.1:random,AV,0.1,random,3,703,728,0.9656593406593407,25,43,0.5990366822315479,0.6256985060607647
B-CAT-zscore,ALL_THREE_PRESPECIFIED_SEEDS_COMPLETED,AV:0.3:front,AV,0.3,front,1,703,728,0.9656593406593407,25,17,0.587470048108346,0.6810167541095454
B-CAT-zscore,ALL_THREE_PRESPECIFIED_SEEDS_COMPLETED,AV:0.3:front,AV,0.3,front,1,703,728,0.9656593406593407,25,29,0.5966276811203152,0.6285660974435114
B-CAT-zscore,ALL_THREE_PRESPECIFIED_SEEDS_COMPLETED,AV:0.3:front,AV,0.3,front,1,703,728,0.9656593406593407,25,43,0.5952078909365341,0.63056836537278
B-CAT-zscore,ALL_THREE_PRESPECIFIED_SEEDS_COMPLETED,AV:0.3:middle,AV,0.3,middle,1,703,728,0.9656593406593407,25,17,0.5955494327221456,0.6759521189819929
B-CAT-zscore,ALL_THREE_PRESPECIFIED_SEEDS_COMPLETED,AV:0.3:middle,AV,0.3,middle,1,703,728,0.9656593406593407,25,29,0.6011157414824081,0.6186391541826767
B-CAT-zscore,ALL_THREE_PRESPECIFIED_SEEDS_COMPLETED,AV:0.3:middle,AV,0.3,middle,1,703,728,0.9656593406593407,25,43,0.6008327439067869,0.6257817507230556
B-CAT-zscore,ALL_THREE_PRESPECIFIED_SEEDS_COMPLETED,AV:0.3:back,AV,0.3,back,1,703,728,0.9656593406593407,25,17,0.5937720971951741,0.6821124209436475
B-CAT-zscore,ALL_THREE_PRESPECIFIED_SEEDS_COMPLETED,AV:0.3:back,AV,0.3,back,1,703,728,0.9656593406593407,25,29,0.6054723263231285,0.6256386116271772
B-CAT-zscore,ALL_THREE_PRESPECIFIED_SEEDS_COMPLETED,AV:0.3:back,AV,0.3,back,1,703,728,0.9656593406593407,25,43,0.5971513751401796,0.6268767440887641
B-CAT-zscore,ALL_THREE_PRESPECIFIED_SEEDS_COMPLETED,AV:0.3:random,AV,0.3,random,3,703,728,0.9656593406593407,25,17,0.5953561838136275,0.6821667388273017
B-CAT-zscore,ALL_THREE_PRESPECIFIED_SEEDS_COMPLETED,AV:0.3:random,AV,0.3,random,3,703,728,0.9656593406593407,25,29,0.6060662576927603,0.6251810214876908
B-CAT-zscore,ALL_THREE_PRESPECIFIED_SEEDS_COMPLETED,AV:0.3:random,AV,0.3,random,3,703,728,0.9656593406593407,25,43,0.6023751239965794,0.6282859556426507
B-CAT-zscore,ALL_THREE_PRESPECIFIED_SEEDS_COMPLETED,AV:0.5:front,AV,0.5,front,1,703,728,0.9656593406593407,25,17,0.585465882184136,0.6832327727614749
B-CAT-zscore,ALL_THREE_PRESPECIFIED_SEEDS_COMPLETED,AV:0.5:front,AV,0.5,front,1,703,728,0.9656593406593407,25,29,0.5983022826103822,0.6314553019917214
B-CAT-zscore,ALL_THREE_PRESPECIFIED_SEEDS_COMPLETED,AV:0.5:front,AV,0.5,front,1,703,728,0.9656593406593407,25,43,0.5965463852346542,0.6345389296169902
B-CAT-zscore,ALL_THREE_PRESPECIFIED_SEEDS_COMPLETED,AV:0.5:middle,AV,0.5,middle,1,703,728,0.9656593406593407,25,17,0.5953492562654157,0.6773236300110251
B-CAT-zscore,ALL_THREE_PRESPECIFIED_SEEDS_COMPLETED,AV:0.5:middle,AV,0.5,middle,1,703,728,0.9656593406593407,25,29,0.5900829661909778,0.617169824011968
B-CAT-zscore,ALL_THREE_PRESPECIFIED_SEEDS_COMPLETED,AV:0.5:middle,AV,0.5,middle,1,703,728,0.9656593406593407,25,43,0.6070982490563045,0.6245485652274271
B-CAT-zscore,ALL_THREE_PRESPECIFIED_SEEDS_COMPLETED,AV:0.5:back,AV,0.5,back,1,703,728,0.9656593406593407,25,17,0.5870050950241916,0.6817952312406276
B-CAT-zscore,ALL_THREE_PRESPECIFIED_SEEDS_COMPLETED,AV:0.5:back,AV,0.5,back,1,703,728,0.9656593406593407,25,29,0.6047608308029132,0.6241967472186054
B-CAT-zscore,ALL_THREE_PRESPECIFIED_SEEDS_COMPLETED,AV:0.5:back,AV,0.5,back,1,703,728,0.9656593406593407,25,43,0.6014023768132065,0.6269779767836943
B-CAT-zscore,ALL_THREE_PRESPECIFIED_SEEDS_COMPLETED,AV:0.5:random,AV,0.5,random,3,703,728,0.9656593406593407,25,17,0.5904619463539195,0.6800997665435743
B-CAT-zscore,ALL_THREE_PRESPECIFIED_SEEDS_COMPLETED,AV:0.5:random,AV,0.5,random,3,703,728,0.9656593406593407,25,29,0.5974716637288736,0.6211873685027794
B-CAT-zscore,ALL_THREE_PRESPECIFIED_SEEDS_COMPLETED,AV:0.5:random,AV,0.5,random,3,703,728,0.9656593406593407,25,43,0.5966162746494624,0.6265854610308971
B-CAT-zscore,ALL_THREE_PRESPECIFIED_SEEDS_COMPLETED,AV:0.7:front,AV,0.7,front,1,694,728,0.9532967032967034,34,17,0.5795958158552791,0.6826442230814571
B-CAT-zscore,ALL_THREE_PRESPECIFIED_SEEDS_COMPLETED,AV:0.7:front,AV,0.7,front,1,694,728,0.9532967032967034,34,29,0.5882360494630375,0.6293035966566775
B-CAT-zscore,ALL_THREE_PRESPECIFIED_SEEDS_COMPLETED,AV:0.7:front,AV,0.7,front,1,694,728,0.9532967032967034,34,43,0.5943644201871954,0.6357352750812104
B-CAT-zscore,ALL_THREE_PRESPECIFIED_SEEDS_COMPLETED,AV:0.7:middle,AV,0.7,middle,1,694,728,0.9532967032967034,34,17,0.5761648988144007,0.6852602799709919
B-CAT-zscore,ALL_THREE_PRESPECIFIED_SEEDS_COMPLETED,AV:0.7:middle,AV,0.7,middle,1,694,728,0.9532967032967034,34,29,0.5864653110956696,0.6236760824030281
B-CAT-zscore,ALL_THREE_PRESPECIFIED_SEEDS_COMPLETED,AV:0.7:middle,AV,0.7,middle,1,694,728,0.9532967032967034,34,43,0.5945381682141759,0.6321784496145223
B-CAT-zscore,ALL_THREE_PRESPECIFIED_SEEDS_COMPLETED,AV:0.7:back,AV,0.7,back,1,694,728,0.9532967032967034,34,17,0.5798132691811902,0.6865660046293799
B-CAT-zscore,ALL_THREE_PRESPECIFIED_SEEDS_COMPLETED,AV:0.7:back,AV,0.7,back,1,694,728,0.9532967032967034,34,29,0.6034594243494499,0.6231138708137403
B-CAT-zscore,ALL_THREE_PRESPECIFIED_SEEDS_COMPLETED,AV:0.7:back,AV,0.7,back,1,694,728,0.9532967032967034,34,43,0.5920760514052609,0.6292958642445008
B-CAT-zscore,ALL_THREE_PRESPECIFIED_SEEDS_COMPLETED,AV:0.7:random,AV,0.7,random,3,694,728,0.9532967032967034,34,17,0.5854849742392951,0.6913107644238116
B-CAT-zscore,ALL_THREE_PRESPECIFIED_SEEDS_COMPLETED,AV:0.7:random,AV,0.7,random,3,694,728,0.9532967032967034,34,29,0.5983117170554415,0.623004013307767
B-CAT-zscore,ALL_THREE_PRESPECIFIED_SEEDS_COMPLETED,AV:0.7:random,AV,0.7,random,3,694,728,0.9532967032967034,34,43,0.5979324366011255,0.6307932866458787
B-T-identity,ALL_THREE_PRESPECIFIED_SEEDS_COMPLETED,T:0.1:front,T,0.1,front,1,728,728,1.0,0,17,0.5871111975620826,0.6323974942326338
B-T-identity,ALL_THREE_PRESPECIFIED_SEEDS_COMPLETED,T:0.1:front,T,0.1,front,1,728,728,1.0,0,29,0.583513184040048,0.6219435625218346
B-T-identity,ALL_THREE_PRESPECIFIED_SEEDS_COMPLETED,T:0.1:front,T,0.1,front,1,728,728,1.0,0,43,0.5917342981401861,0.6129172888436037
B-T-identity,ALL_THREE_PRESPECIFIED_SEEDS_COMPLETED,T:0.1:middle,T,0.1,middle,1,728,728,1.0,0,17,0.5902301496438466,0.6154846495847668
B-T-identity,ALL_THREE_PRESPECIFIED_SEEDS_COMPLETED,T:0.1:middle,T,0.1,middle,1,728,728,1.0,0,29,0.5806022916192407,0.6093070316723302
B-T-identity,ALL_THREE_PRESPECIFIED_SEEDS_COMPLETED,T:0.1:middle,T,0.1,middle,1,728,728,1.0,0,43,0.5972613122521838,0.6112770636135503
B-T-identity,ALL_THREE_PRESPECIFIED_SEEDS_COMPLETED,T:0.1:back,T,0.1,back,1,728,728,1.0,0,17,0.5812627106486756,0.635006360762118
B-T-identity,ALL_THREE_PRESPECIFIED_SEEDS_COMPLETED,T:0.1:back,T,0.1,back,1,728,728,1.0,0,29,0.5799178047005437,0.6393956656904846
B-T-identity,ALL_THREE_PRESPECIFIED_SEEDS_COMPLETED,T:0.1:back,T,0.1,back,1,728,728,1.0,0,43,0.5958828867670735,0.6265420728941336
B-T-identity,ALL_THREE_PRESPECIFIED_SEEDS_COMPLETED,T:0.1:random,T,0.1,random,3,728,728,1.0,0,17,0.5949615224893327,0.622532977712884
B-T-identity,ALL_THREE_PRESPECIFIED_SEEDS_COMPLETED,T:0.1:random,T,0.1,random,3,728,728,1.0,0,29,0.5844850284652813,0.6178320297820945
B-T-identity,ALL_THREE_PRESPECIFIED_SEEDS_COMPLETED,T:0.1:random,T,0.1,random,3,728,728,1.0,0,43,0.599798119033032,0.6151114384075089
B-T-identity,ALL_THREE_PRESPECIFIED_SEEDS_COMPLETED,T:0.3:front,T,0.3,front,1,728,728,1.0,0,17,0.5602679804837262,0.6428993737755553
B-T-identity,ALL_THREE_PRESPECIFIED_SEEDS_COMPLETED,T:0.3:front,T,0.3,front,1,728,728,1.0,0,29,0.5660390003962981,0.635716580051339
B-T-identity,ALL_THREE_PRESPECIFIED_SEEDS_COMPLETED,T:0.3:front,T,0.3,front,1,728,728,1.0,0,43,0.5811697411697412,0.628906095815582
B-T-identity,ALL_THREE_PRESPECIFIED_SEEDS_COMPLETED,T:0.3:middle,T,0.3,middle,1,728,728,1.0,0,17,0.5973612720139395,0.6096448382921773
B-T-identity,ALL_THREE_PRESPECIFIED_SEEDS_COMPLETED,T:0.3:middle,T,0.3,middle,1,728,728,1.0,0,29,0.5824135134379282,0.6117332344817171
B-T-identity,ALL_THREE_PRESPECIFIED_SEEDS_COMPLETED,T:0.3:middle,T,0.3,middle,1,728,728,1.0,0,43,0.6068917177859973,0.6170247657876013
B-T-identity,ALL_THREE_PRESPECIFIED_SEEDS_COMPLETED,T:0.3:back,T,0.3,back,1,728,728,1.0,0,17,0.5799063887997143,0.6391327344730259
B-T-identity,ALL_THREE_PRESPECIFIED_SEEDS_COMPLETED,T:0.3:back,T,0.3,back,1,728,728,1.0,0,29,0.5730683501910184,0.6458041824145846
B-T-identity,ALL_THREE_PRESPECIFIED_SEEDS_COMPLETED,T:0.3:back,T,0.3,back,1,728,728,1.0,0,43,0.5985032324540679,0.6334376998066935
B-T-identity,ALL_THREE_PRESPECIFIED_SEEDS_COMPLETED,T:0.3:random,T,0.3,random,3,728,728,1.0,0,17,0.5865915250049124,0.6249884181617992
B-T-identity,ALL_THREE_PRESPECIFIED_SEEDS_COMPLETED,T:0.3:random,T,0.3,random,3,728,728,1.0,0,29,0.5852539444959325,0.6202810972573678
B-T-identity,ALL_THREE_PRESPECIFIED_SEEDS_COMPLETED,T:0.3:random,T,0.3,random,3,728,728,1.0,0,43,0.5947920477339649,0.6267302914227498
B-T-identity,ALL_THREE_PRESPECIFIED_SEEDS_COMPLETED,T:0.5:front,T,0.5,front,1,728,728,1.0,0,17,0.5743020685439594,0.647832368724886
B-T-identity,ALL_THREE_PRESPECIFIED_SEEDS_COMPLETED,T:0.5:front,T,0.5,front,1,728,728,1.0,0,29,0.5615195130127368,0.6503226906879918
B-T-identity,ALL_THREE_PRESPECIFIED_SEEDS_COMPLETED,T:0.5:front,T,0.5,front,1,728,728,1.0,0,43,0.5690731944060315,0.6515491787553062
B-T-identity,ALL_THREE_PRESPECIFIED_SEEDS_COMPLETED,T:0.5:middle,T,0.5,middle,1,728,728,1.0,0,17,0.592882431135909,0.6210928964682862
B-T-identity,ALL_THREE_PRESPECIFIED_SEEDS_COMPLETED,T:0.5:middle,T,0.5,middle,1,728,728,1.0,0,29,0.5725070022495218,0.6165772803139918
B-T-identity,ALL_THREE_PRESPECIFIED_SEEDS_COMPLETED,T:0.5:middle,T,0.5,middle,1,728,728,1.0,0,43,0.6077815750787022,0.6381065290431481
B-T-identity,ALL_THREE_PRESPECIFIED_SEEDS_COMPLETED,T:0.5:back,T,0.5,back,1,728,728,1.0,0,17,0.5702130420050852,0.6479931633982162
B-T-identity,ALL_THREE_PRESPECIFIED_SEEDS_COMPLETED,T:0.5:back,T,0.5,back,1,728,728,1.0,0,29,0.5589879108154036,0.649935917836866
B-T-identity,ALL_THREE_PRESPECIFIED_SEEDS_COMPLETED,T:0.5:back,T,0.5,back,1,728,728,1.0,0,43,0.5892033869127812,0.6357616240703654
B-T-identity,ALL_THREE_PRESPECIFIED_SEEDS_COMPLETED,T:0.5:random,T,0.5,random,3,728,728,1.0,0,17,0.5870678303874922,0.6284737190097994
B-T-identity,ALL_THREE_PRESPECIFIED_SEEDS_COMPLETED,T:0.5:random,T,0.5,random,3,728,728,1.0,0,29,0.5599046367496142,0.6301478971605127
B-T-identity,ALL_THREE_PRESPECIFIED_SEEDS_COMPLETED,T:0.5:random,T,0.5,random,3,728,728,1.0,0,43,0.5923290256256402,0.6413056387413262
B-T-identity,ALL_THREE_PRESPECIFIED_SEEDS_COMPLETED,T:0.7:front,T,0.7,front,1,728,728,1.0,0,17,0.5702638919925834,0.6764201622921334
B-T-identity,ALL_THREE_PRESPECIFIED_SEEDS_COMPLETED,T:0.7:front,T,0.7,front,1,728,728,1.0,0,29,0.5637414370377966,0.6697742931984856
B-T-identity,ALL_THREE_PRESPECIFIED_SEEDS_COMPLETED,T:0.7:front,T,0.7,front,1,728,728,1.0,0,43,0.5706574716313711,0.6990702402968904
B-T-identity,ALL_THREE_PRESPECIFIED_SEEDS_COMPLETED,T:0.7:middle,T,0.7,middle,1,728,728,1.0,0,17,0.5912281176285724,0.6714083581326842
B-T-identity,ALL_THREE_PRESPECIFIED_SEEDS_COMPLETED,T:0.7:middle,T,0.7,middle,1,728,728,1.0,0,29,0.568119700830287,0.6552737056262341
B-T-identity,ALL_THREE_PRESPECIFIED_SEEDS_COMPLETED,T:0.7:middle,T,0.7,middle,1,728,728,1.0,0,43,0.5756460013590464,0.7097703662242326
B-T-identity,ALL_THREE_PRESPECIFIED_SEEDS_COMPLETED,T:0.7:back,T,0.7,back,1,728,728,1.0,0,17,0.5692631704777454,0.649815582557534
B-T-identity,ALL_THREE_PRESPECIFIED_SEEDS_COMPLETED,T:0.7:back,T,0.7,back,1,728,728,1.0,0,29,0.5245393934043121,0.6636748290867007
B-T-identity,ALL_THREE_PRESPECIFIED_SEEDS_COMPLETED,T:0.7:back,T,0.7,back,1,728,728,1.0,0,43,0.5776419072706896,0.6636276989956169
B-T-identity,ALL_THREE_PRESPECIFIED_SEEDS_COMPLETED,T:0.7:random,T,0.7,random,3,728,728,1.0,0,17,0.581077887309226,0.6643277476768771
B-T-identity,ALL_THREE_PRESPECIFIED_SEEDS_COMPLETED,T:0.7:random,T,0.7,random,3,728,728,1.0,0,29,0.567588251352222,0.6575997898171976
B-T-identity,ALL_THREE_PRESPECIFIED_SEEDS_COMPLETED,T:0.7:random,T,0.7,random,3,728,728,1.0,0,43,0.5865606337177506,0.6940269406489715
B-T-identity,ALL_THREE_PRESPECIFIED_SEEDS_COMPLETED,A:0.1:front,A,0.1,front,1,724,728,0.9945054945054945,4,17,0.5964952650113701,0.6184329031512479
B-T-identity,ALL_THREE_PRESPECIFIED_SEEDS_COMPLETED,A:0.1:front,A,0.1,front,1,724,728,0.9945054945054945,4,29,0.5919285839008207,0.6130139361817523
B-T-identity,ALL_THREE_PRESPECIFIED_SEEDS_COMPLETED,A:0.1:front,A,0.1,front,1,724,728,0.9945054945054945,4,43,0.5982491053775812,0.6103183570480074
B-T-identity,ALL_THREE_PRESPECIFIED_SEEDS_COMPLETED,A:0.1:middle,A,0.1,middle,1,724,728,0.9945054945054945,4,17,0.5964952650113701,0.6184329031512479
B-T-identity,ALL_THREE_PRESPECIFIED_SEEDS_COMPLETED,A:0.1:middle,A,0.1,middle,1,724,728,0.9945054945054945,4,29,0.5919285839008207,0.6130139361817523
B-T-identity,ALL_THREE_PRESPECIFIED_SEEDS_COMPLETED,A:0.1:middle,A,0.1,middle,1,724,728,0.9945054945054945,4,43,0.5982491053775812,0.6103183570480074
B-T-identity,ALL_THREE_PRESPECIFIED_SEEDS_COMPLETED,A:0.1:back,A,0.1,back,1,724,728,0.9945054945054945,4,17,0.5964952650113701,0.6184329031512479
B-T-identity,ALL_THREE_PRESPECIFIED_SEEDS_COMPLETED,A:0.1:back,A,0.1,back,1,724,728,0.9945054945054945,4,29,0.5919285839008207,0.6130139361817523
B-T-identity,ALL_THREE_PRESPECIFIED_SEEDS_COMPLETED,A:0.1:back,A,0.1,back,1,724,728,0.9945054945054945,4,43,0.5982491053775812,0.6103183570480074
B-T-identity,ALL_THREE_PRESPECIFIED_SEEDS_COMPLETED,A:0.1:random,A,0.1,random,3,724,728,0.9945054945054945,4,17,0.5964952650113701,0.6184329031512479
B-T-identity,ALL_THREE_PRESPECIFIED_SEEDS_COMPLETED,A:0.1:random,A,0.1,random,3,724,728,0.9945054945054945,4,29,0.5919285839008207,0.6130139361817523
B-T-identity,ALL_THREE_PRESPECIFIED_SEEDS_COMPLETED,A:0.1:random,A,0.1,random,3,724,728,0.9945054945054945,4,43,0.5982491053775812,0.6103183570480074
B-T-identity,ALL_THREE_PRESPECIFIED_SEEDS_COMPLETED,A:0.3:front,A,0.3,front,1,724,728,0.9945054945054945,4,17,0.5964952650113701,0.6184329031512479
B-T-identity,ALL_THREE_PRESPECIFIED_SEEDS_COMPLETED,A:0.3:front,A,0.3,front,1,724,728,0.9945054945054945,4,29,0.5919285839008207,0.6130139361817523
B-T-identity,ALL_THREE_PRESPECIFIED_SEEDS_COMPLETED,A:0.3:front,A,0.3,front,1,724,728,0.9945054945054945,4,43,0.5982491053775812,0.6103183570480074
B-T-identity,ALL_THREE_PRESPECIFIED_SEEDS_COMPLETED,A:0.3:middle,A,0.3,middle,1,724,728,0.9945054945054945,4,17,0.5964952650113701,0.6184329031512479
B-T-identity,ALL_THREE_PRESPECIFIED_SEEDS_COMPLETED,A:0.3:middle,A,0.3,middle,1,724,728,0.9945054945054945,4,29,0.5919285839008207,0.6130139361817523
B-T-identity,ALL_THREE_PRESPECIFIED_SEEDS_COMPLETED,A:0.3:middle,A,0.3,middle,1,724,728,0.9945054945054945,4,43,0.5982491053775812,0.6103183570480074
B-T-identity,ALL_THREE_PRESPECIFIED_SEEDS_COMPLETED,A:0.3:back,A,0.3,back,1,724,728,0.9945054945054945,4,17,0.5964952650113701,0.6184329031512479
B-T-identity,ALL_THREE_PRESPECIFIED_SEEDS_COMPLETED,A:0.3:back,A,0.3,back,1,724,728,0.9945054945054945,4,29,0.5919285839008207,0.6130139361817523
B-T-identity,ALL_THREE_PRESPECIFIED_SEEDS_COMPLETED,A:0.3:back,A,0.3,back,1,724,728,0.9945054945054945,4,43,0.5982491053775812,0.6103183570480074
B-T-identity,ALL_THREE_PRESPECIFIED_SEEDS_COMPLETED,A:0.3:random,A,0.3,random,3,724,728,0.9945054945054945,4,17,0.5964952650113701,0.6184329031512479
B-T-identity,ALL_THREE_PRESPECIFIED_SEEDS_COMPLETED,A:0.3:random,A,0.3,random,3,724,728,0.9945054945054945,4,29,0.5919285839008207,0.6130139361817523
B-T-identity,ALL_THREE_PRESPECIFIED_SEEDS_COMPLETED,A:0.3:random,A,0.3,random,3,724,728,0.9945054945054945,4,43,0.5982491053775812,0.6103183570480074
B-T-identity,ALL_THREE_PRESPECIFIED_SEEDS_COMPLETED,A:0.5:front,A,0.5,front,1,724,728,0.9945054945054945,4,17,0.5964952650113701,0.6184329031512479
B-T-identity,ALL_THREE_PRESPECIFIED_SEEDS_COMPLETED,A:0.5:front,A,0.5,front,1,724,728,0.9945054945054945,4,29,0.5919285839008207,0.6130139361817523
B-T-identity,ALL_THREE_PRESPECIFIED_SEEDS_COMPLETED,A:0.5:front,A,0.5,front,1,724,728,0.9945054945054945,4,43,0.5982491053775812,0.6103183570480074
B-T-identity,ALL_THREE_PRESPECIFIED_SEEDS_COMPLETED,A:0.5:middle,A,0.5,middle,1,724,728,0.9945054945054945,4,17,0.5964952650113701,0.6184329031512479
B-T-identity,ALL_THREE_PRESPECIFIED_SEEDS_COMPLETED,A:0.5:middle,A,0.5,middle,1,724,728,0.9945054945054945,4,29,0.5919285839008207,0.6130139361817523
B-T-identity,ALL_THREE_PRESPECIFIED_SEEDS_COMPLETED,A:0.5:middle,A,0.5,middle,1,724,728,0.9945054945054945,4,43,0.5982491053775812,0.6103183570480074
B-T-identity,ALL_THREE_PRESPECIFIED_SEEDS_COMPLETED,A:0.5:back,A,0.5,back,1,724,728,0.9945054945054945,4,17,0.5964952650113701,0.6184329031512479
B-T-identity,ALL_THREE_PRESPECIFIED_SEEDS_COMPLETED,A:0.5:back,A,0.5,back,1,724,728,0.9945054945054945,4,29,0.5919285839008207,0.6130139361817523
B-T-identity,ALL_THREE_PRESPECIFIED_SEEDS_COMPLETED,A:0.5:back,A,0.5,back,1,724,728,0.9945054945054945,4,43,0.5982491053775812,0.6103183570480074
B-T-identity,ALL_THREE_PRESPECIFIED_SEEDS_COMPLETED,A:0.5:random,A,0.5,random,3,724,728,0.9945054945054945,4,17,0.5964952650113701,0.6184329031512479
B-T-identity,ALL_THREE_PRESPECIFIED_SEEDS_COMPLETED,A:0.5:random,A,0.5,random,3,724,728,0.9945054945054945,4,29,0.5919285839008207,0.6130139361817523
B-T-identity,ALL_THREE_PRESPECIFIED_SEEDS_COMPLETED,A:0.5:random,A,0.5,random,3,724,728,0.9945054945054945,4,43,0.5982491053775812,0.6103183570480074
B-T-identity,ALL_THREE_PRESPECIFIED_SEEDS_COMPLETED,A:0.7:front,A,0.7,front,1,718,728,0.9862637362637363,10,17,0.5964952650113701,0.6184329031819509
B-T-identity,ALL_THREE_PRESPECIFIED_SEEDS_COMPLETED,A:0.7:front,A,0.7,front,1,718,728,0.9862637362637363,10,29,0.5919285839008207,0.6130139361203464
B-T-identity,ALL_THREE_PRESPECIFIED_SEEDS_COMPLETED,A:0.7:front,A,0.7,front,1,718,728,0.9862637362637363,10,43,0.5982491053775812,0.6103183576569491
B-T-identity,ALL_THREE_PRESPECIFIED_SEEDS_COMPLETED,A:0.7:middle,A,0.7,middle,1,718,728,0.9862637362637363,10,17,0.5964952650113701,0.6184329031819509
B-T-identity,ALL_THREE_PRESPECIFIED_SEEDS_COMPLETED,A:0.7:middle,A,0.7,middle,1,718,728,0.9862637362637363,10,29,0.5919285839008207,0.6130139361203464
B-T-identity,ALL_THREE_PRESPECIFIED_SEEDS_COMPLETED,A:0.7:middle,A,0.7,middle,1,718,728,0.9862637362637363,10,43,0.5982491053775812,0.6103183576569491
B-T-identity,ALL_THREE_PRESPECIFIED_SEEDS_COMPLETED,A:0.7:back,A,0.7,back,1,718,728,0.9862637362637363,10,17,0.5964952650113701,0.6184329031819509
B-T-identity,ALL_THREE_PRESPECIFIED_SEEDS_COMPLETED,A:0.7:back,A,0.7,back,1,718,728,0.9862637362637363,10,29,0.5919285839008207,0.6130139361203464
B-T-identity,ALL_THREE_PRESPECIFIED_SEEDS_COMPLETED,A:0.7:back,A,0.7,back,1,718,728,0.9862637362637363,10,43,0.5982491053775812,0.6103183576569491
B-T-identity,ALL_THREE_PRESPECIFIED_SEEDS_COMPLETED,A:0.7:random,A,0.7,random,3,718,728,0.9862637362637363,10,17,0.5964952650113701,0.6184329031819509
B-T-identity,ALL_THREE_PRESPECIFIED_SEEDS_COMPLETED,A:0.7:random,A,0.7,random,3,718,728,0.9862637362637363,10,29,0.5919285839008207,0.6130139361203464
B-T-identity,ALL_THREE_PRESPECIFIED_SEEDS_COMPLETED,A:0.7:random,A,0.7,random,3,718,728,0.9862637362637363,10,43,0.5982491053775812,0.6103183576569491
B-T-identity,ALL_THREE_PRESPECIFIED_SEEDS_COMPLETED,V:0.1:front,V,0.1,front,1,703,728,0.9656593406593407,25,17,0.5964952650113701,0.6184329031512479
B-T-identity,ALL_THREE_PRESPECIFIED_SEEDS_COMPLETED,V:0.1:front,V,0.1,front,1,703,728,0.9656593406593407,25,29,0.5919285839008207,0.6130139361817523
B-T-identity,ALL_THREE_PRESPECIFIED_SEEDS_COMPLETED,V:0.1:front,V,0.1,front,1,703,728,0.9656593406593407,25,43,0.5982491053775812,0.6103183570480074
B-T-identity,ALL_THREE_PRESPECIFIED_SEEDS_COMPLETED,V:0.1:middle,V,0.1,middle,1,703,728,0.9656593406593407,25,17,0.5964952650113701,0.6184329031512479
B-T-identity,ALL_THREE_PRESPECIFIED_SEEDS_COMPLETED,V:0.1:middle,V,0.1,middle,1,703,728,0.9656593406593407,25,29,0.5919285839008207,0.6130139361817523
B-T-identity,ALL_THREE_PRESPECIFIED_SEEDS_COMPLETED,V:0.1:middle,V,0.1,middle,1,703,728,0.9656593406593407,25,43,0.5982491053775812,0.6103183570480074
B-T-identity,ALL_THREE_PRESPECIFIED_SEEDS_COMPLETED,V:0.1:back,V,0.1,back,1,703,728,0.9656593406593407,25,17,0.5964952650113701,0.6184329031512479
B-T-identity,ALL_THREE_PRESPECIFIED_SEEDS_COMPLETED,V:0.1:back,V,0.1,back,1,703,728,0.9656593406593407,25,29,0.5919285839008207,0.6130139361817523
B-T-identity,ALL_THREE_PRESPECIFIED_SEEDS_COMPLETED,V:0.1:back,V,0.1,back,1,703,728,0.9656593406593407,25,43,0.5982491053775812,0.6103183570480074
B-T-identity,ALL_THREE_PRESPECIFIED_SEEDS_COMPLETED,V:0.1:random,V,0.1,random,3,703,728,0.9656593406593407,25,17,0.5964952650113701,0.6184329031512479
B-T-identity,ALL_THREE_PRESPECIFIED_SEEDS_COMPLETED,V:0.1:random,V,0.1,random,3,703,728,0.9656593406593407,25,29,0.5919285839008207,0.6130139361817523
B-T-identity,ALL_THREE_PRESPECIFIED_SEEDS_COMPLETED,V:0.1:random,V,0.1,random,3,703,728,0.9656593406593407,25,43,0.5982491053775812,0.6103183570480074
B-T-identity,ALL_THREE_PRESPECIFIED_SEEDS_COMPLETED,V:0.3:front,V,0.3,front,1,703,728,0.9656593406593407,25,17,0.5964952650113701,0.6184329031512479
B-T-identity,ALL_THREE_PRESPECIFIED_SEEDS_COMPLETED,V:0.3:front,V,0.3,front,1,703,728,0.9656593406593407,25,29,0.5919285839008207,0.6130139361817523
B-T-identity,ALL_THREE_PRESPECIFIED_SEEDS_COMPLETED,V:0.3:front,V,0.3,front,1,703,728,0.9656593406593407,25,43,0.5982491053775812,0.6103183570480074
B-T-identity,ALL_THREE_PRESPECIFIED_SEEDS_COMPLETED,V:0.3:middle,V,0.3,middle,1,703,728,0.9656593406593407,25,17,0.5964952650113701,0.6184329031512479
B-T-identity,ALL_THREE_PRESPECIFIED_SEEDS_COMPLETED,V:0.3:middle,V,0.3,middle,1,703,728,0.9656593406593407,25,29,0.5919285839008207,0.6130139361817523
B-T-identity,ALL_THREE_PRESPECIFIED_SEEDS_COMPLETED,V:0.3:middle,V,0.3,middle,1,703,728,0.9656593406593407,25,43,0.5982491053775812,0.6103183570480074
B-T-identity,ALL_THREE_PRESPECIFIED_SEEDS_COMPLETED,V:0.3:back,V,0.3,back,1,703,728,0.9656593406593407,25,17,0.5964952650113701,0.6184329031512479
B-T-identity,ALL_THREE_PRESPECIFIED_SEEDS_COMPLETED,V:0.3:back,V,0.3,back,1,703,728,0.9656593406593407,25,29,0.5919285839008207,0.6130139361817523
B-T-identity,ALL_THREE_PRESPECIFIED_SEEDS_COMPLETED,V:0.3:back,V,0.3,back,1,703,728,0.9656593406593407,25,43,0.5982491053775812,0.6103183570480074
B-T-identity,ALL_THREE_PRESPECIFIED_SEEDS_COMPLETED,V:0.3:random,V,0.3,random,3,703,728,0.9656593406593407,25,17,0.5964952650113701,0.6184329031512479
B-T-identity,ALL_THREE_PRESPECIFIED_SEEDS_COMPLETED,V:0.3:random,V,0.3,random,3,703,728,0.9656593406593407,25,29,0.5919285839008207,0.6130139361817523
B-T-identity,ALL_THREE_PRESPECIFIED_SEEDS_COMPLETED,V:0.3:random,V,0.3,random,3,703,728,0.9656593406593407,25,43,0.5982491053775812,0.6103183570480074
B-T-identity,ALL_THREE_PRESPECIFIED_SEEDS_COMPLETED,V:0.5:front,V,0.5,front,1,703,728,0.9656593406593407,25,17,0.5964952650113701,0.6184329031512479
B-T-identity,ALL_THREE_PRESPECIFIED_SEEDS_COMPLETED,V:0.5:front,V,0.5,front,1,703,728,0.9656593406593407,25,29,0.5919285839008207,0.6130139361817523
B-T-identity,ALL_THREE_PRESPECIFIED_SEEDS_COMPLETED,V:0.5:front,V,0.5,front,1,703,728,0.9656593406593407,25,43,0.5982491053775812,0.6103183570480074
B-T-identity,ALL_THREE_PRESPECIFIED_SEEDS_COMPLETED,V:0.5:middle,V,0.5,middle,1,703,728,0.9656593406593407,25,17,0.5964952650113701,0.6184329031512479
B-T-identity,ALL_THREE_PRESPECIFIED_SEEDS_COMPLETED,V:0.5:middle,V,0.5,middle,1,703,728,0.9656593406593407,25,29,0.5919285839008207,0.6130139361817523
B-T-identity,ALL_THREE_PRESPECIFIED_SEEDS_COMPLETED,V:0.5:middle,V,0.5,middle,1,703,728,0.9656593406593407,25,43,0.5982491053775812,0.6103183570480074
B-T-identity,ALL_THREE_PRESPECIFIED_SEEDS_COMPLETED,V:0.5:back,V,0.5,back,1,703,728,0.9656593406593407,25,17,0.5964952650113701,0.6184329031512479
B-T-identity,ALL_THREE_PRESPECIFIED_SEEDS_COMPLETED,V:0.5:back,V,0.5,back,1,703,728,0.9656593406593407,25,29,0.5919285839008207,0.6130139361817523
B-T-identity,ALL_THREE_PRESPECIFIED_SEEDS_COMPLETED,V:0.5:back,V,0.5,back,1,703,728,0.9656593406593407,25,43,0.5982491053775812,0.6103183570480074
B-T-identity,ALL_THREE_PRESPECIFIED_SEEDS_COMPLETED,V:0.5:random,V,0.5,random,3,703,728,0.9656593406593407,25,17,0.5964952650113701,0.6184329031512479
B-T-identity,ALL_THREE_PRESPECIFIED_SEEDS_COMPLETED,V:0.5:random,V,0.5,random,3,703,728,0.9656593406593407,25,29,0.5919285839008207,0.6130139361817523
B-T-identity,ALL_THREE_PRESPECIFIED_SEEDS_COMPLETED,V:0.5:random,V,0.5,random,3,703,728,0.9656593406593407,25,43,0.5982491053775812,0.6103183570480074
B-T-identity,ALL_THREE_PRESPECIFIED_SEEDS_COMPLETED,V:0.7:front,V,0.7,front,1,694,728,0.9532967032967034,34,17,0.5964952650113701,0.6184329031512479
B-T-identity,ALL_THREE_PRESPECIFIED_SEEDS_COMPLETED,V:0.7:front,V,0.7,front,1,694,728,0.9532967032967034,34,29,0.5919285839008207,0.6130139361817523
B-T-identity,ALL_THREE_PRESPECIFIED_SEEDS_COMPLETED,V:0.7:front,V,0.7,front,1,694,728,0.9532967032967034,34,43,0.5982491053775812,0.6103183570480074
B-T-identity,ALL_THREE_PRESPECIFIED_SEEDS_COMPLETED,V:0.7:middle,V,0.7,middle,1,694,728,0.9532967032967034,34,17,0.5964952650113701,0.6184329031512479
B-T-identity,ALL_THREE_PRESPECIFIED_SEEDS_COMPLETED,V:0.7:middle,V,0.7,middle,1,694,728,0.9532967032967034,34,29,0.5919285839008207,0.6130139361817523
B-T-identity,ALL_THREE_PRESPECIFIED_SEEDS_COMPLETED,V:0.7:middle,V,0.7,middle,1,694,728,0.9532967032967034,34,43,0.5982491053775812,0.6103183570480074
B-T-identity,ALL_THREE_PRESPECIFIED_SEEDS_COMPLETED,V:0.7:back,V,0.7,back,1,694,728,0.9532967032967034,34,17,0.5964952650113701,0.6184329031512479
B-T-identity,ALL_THREE_PRESPECIFIED_SEEDS_COMPLETED,V:0.7:back,V,0.7,back,1,694,728,0.9532967032967034,34,29,0.5919285839008207,0.6130139361817523
B-T-identity,ALL_THREE_PRESPECIFIED_SEEDS_COMPLETED,V:0.7:back,V,0.7,back,1,694,728,0.9532967032967034,34,43,0.5982491053775812,0.6103183570480074
B-T-identity,ALL_THREE_PRESPECIFIED_SEEDS_COMPLETED,V:0.7:random,V,0.7,random,3,694,728,0.9532967032967034,34,17,0.5964952650113701,0.6184329031512479
B-T-identity,ALL_THREE_PRESPECIFIED_SEEDS_COMPLETED,V:0.7:random,V,0.7,random,3,694,728,0.9532967032967034,34,29,0.5919285839008207,0.6130139361817523
B-T-identity,ALL_THREE_PRESPECIFIED_SEEDS_COMPLETED,V:0.7:random,V,0.7,random,3,694,728,0.9532967032967034,34,43,0.5982491053775812,0.6103183570480074
B-T-identity,ALL_THREE_PRESPECIFIED_SEEDS_COMPLETED,TA:0.1:front,TA,0.1,front,1,724,728,0.9945054945054945,4,17,0.5831362606648246,0.6311717417747087
B-T-identity,ALL_THREE_PRESPECIFIED_SEEDS_COMPLETED,TA:0.1:front,TA,0.1,front,1,724,728,0.9945054945054945,4,29,0.5811742502490037,0.6212235224157556
B-T-identity,ALL_THREE_PRESPECIFIED_SEEDS_COMPLETED,TA:0.1:front,TA,0.1,front,1,724,728,0.9945054945054945,4,43,0.5906806922243829,0.6111508443987427
B-T-identity,ALL_THREE_PRESPECIFIED_SEEDS_COMPLETED,TA:0.1:middle,TA,0.1,middle,1,724,728,0.9945054945054945,4,17,0.5923545512145107,0.6146592864565869
B-T-identity,ALL_THREE_PRESPECIFIED_SEEDS_COMPLETED,TA:0.1:middle,TA,0.1,middle,1,724,728,0.9945054945054945,4,29,0.5846137285672994,0.6094315954526262
B-T-identity,ALL_THREE_PRESPECIFIED_SEEDS_COMPLETED,TA:0.1:middle,TA,0.1,middle,1,724,728,0.9945054945054945,4,43,0.5972613122521838,0.610736651546616
B-T-identity,ALL_THREE_PRESPECIFIED_SEEDS_COMPLETED,TA:0.1:back,TA,0.1,back,1,724,728,0.9945054945054945,4,17,0.5801432724391898,0.6344860899581952
B-T-identity,ALL_THREE_PRESPECIFIED_SEEDS_COMPLETED,TA:0.1:back,TA,0.1,back,1,724,728,0.9945054945054945,4,29,0.5788801208091184,0.6367803482133461
B-T-identity,ALL_THREE_PRESPECIFIED_SEEDS_COMPLETED,TA:0.1:back,TA,0.1,back,1,724,728,0.9945054945054945,4,43,0.5958828867670735,0.6232215817902585
B-T-identity,ALL_THREE_PRESPECIFIED_SEEDS_COMPLETED,TA:0.1:random,TA,0.1,random,3,724,728,0.9945054945054945,4,17,0.5941708944733644,0.6210133668593678
B-T-identity,ALL_THREE_PRESPECIFIED_SEEDS_COMPLETED,TA:0.1:random,TA,0.1,random,3,724,728,0.9945054945054945,4,29,0.5921348269714353,0.6160990198905284
B-T-identity,ALL_THREE_PRESPECIFIED_SEEDS_COMPLETED,TA:0.1:random,TA,0.1,random,3,724,728,0.9945054945054945,4,43,0.5953708780726097,0.6123096687009647
B-T-identity,ALL_THREE_PRESPECIFIED_SEEDS_COMPLETED,TA:0.3:front,TA,0.3,front,1,724,728,0.9945054945054945,4,17,0.5625070650091121,0.6424793693864498
B-T-identity,ALL_THREE_PRESPECIFIED_SEEDS_COMPLETED,TA:0.3:front,TA,0.3,front,1,724,728,0.9945054945054945,4,29,0.56824474466876,0.6356986765927254
B-T-identity,ALL_THREE_PRESPECIFIED_SEEDS_COMPLETED,TA:0.3:front,TA,0.3,front,1,724,728,0.9945054945054945,4,43,0.5834043284464173,0.6279863901800926
B-T-identity,ALL_THREE_PRESPECIFIED_SEEDS_COMPLETED,TA:0.3:middle,TA,0.3,middle,1,724,728,0.9945054945054945,4,17,0.5994162075799436,0.6090576909655183
B-T-identity,ALL_THREE_PRESPECIFIED_SEEDS_COMPLETED,TA:0.3:middle,TA,0.3,middle,1,724,728,0.9945054945054945,4,29,0.5885382177948547,0.611506174650468
B-T-identity,ALL_THREE_PRESPECIFIED_SEEDS_COMPLETED,TA:0.3:middle,TA,0.3,middle,1,724,728,0.9945054945054945,4,43,0.6088355790475523,0.6163925489714269
B-T-identity,ALL_THREE_PRESPECIFIED_SEEDS_COMPLETED,TA:0.3:back,TA,0.3,back,1,724,728,0.9945054945054945,4,17,0.5799063887997143,0.6388722751422332
B-T-identity,ALL_THREE_PRESPECIFIED_SEEDS_COMPLETED,TA:0.3:back,TA,0.3,back,1,724,728,0.9945054945054945,4,29,0.5730683501910184,0.6458346378601894
B-T-identity,ALL_THREE_PRESPECIFIED_SEEDS_COMPLETED,TA:0.3:back,TA,0.3,back,1,724,728,0.9945054945054945,4,43,0.5985032324540679,0.6336932320252975
B-T-identity,ALL_THREE_PRESPECIFIED_SEEDS_COMPLETED,TA:0.3:random,TA,0.3,random,3,724,728,0.9945054945054945,4,17,0.5862671212069615,0.626739657178458
B-T-identity,ALL_THREE_PRESPECIFIED_SEEDS_COMPLETED,TA:0.3:random,TA,0.3,random,3,724,728,0.9945054945054945,4,29,0.5909306249703639,0.6207700836085869
B-T-identity,ALL_THREE_PRESPECIFIED_SEEDS_COMPLETED,TA:0.3:random,TA,0.3,random,3,724,728,0.9945054945054945,4,43,0.6018617814450017,0.6258722508519986
B-T-identity,ALL_THREE_PRESPECIFIED_SEEDS_COMPLETED,TA:0.5:front,TA,0.5,front,1,724,728,0.9945054945054945,4,17,0.5745118152393854,0.6457270715623303
B-T-identity,ALL_THREE_PRESPECIFIED_SEEDS_COMPLETED,TA:0.5:front,TA,0.5,front,1,724,728,0.9945054945054945,4,29,0.5655367231638418,0.6495836636379033
B-T-identity,ALL_THREE_PRESPECIFIED_SEEDS_COMPLETED,TA:0.5:front,TA,0.5,front,1,724,728,0.9945054945054945,4,43,0.5712082036827569,0.6477149137780953
B-T-identity,ALL_THREE_PRESPECIFIED_SEEDS_COMPLETED,TA:0.5:middle,TA,0.5,middle,1,724,728,0.9945054945054945,4,17,0.5931174534990982,0.6185857189336604
B-T-identity,ALL_THREE_PRESPECIFIED_SEEDS_COMPLETED,TA:0.5:middle,TA,0.5,middle,1,724,728,0.9945054945054945,4,29,0.5763895837237536,0.6155254523865341
B-T-identity,ALL_THREE_PRESPECIFIED_SEEDS_COMPLETED,TA:0.5:middle,TA,0.5,middle,1,724,728,0.9945054945054945,4,43,0.6107895183640107,0.6338586062858147
B-T-identity,ALL_THREE_PRESPECIFIED_SEEDS_COMPLETED,TA:0.5:back,TA,0.5,back,1,724,728,0.9945054945054945,4,17,0.5702130420050852,0.6464469822636641
B-T-identity,ALL_THREE_PRESPECIFIED_SEEDS_COMPLETED,TA:0.5:back,TA,0.5,back,1,724,728,0.9945054945054945,4,29,0.5645883593466571,0.6495110013646619
B-T-identity,ALL_THREE_PRESPECIFIED_SEEDS_COMPLETED,TA:0.5:back,TA,0.5,back,1,724,728,0.9945054945054945,4,43,0.5892033869127812,0.6355324914016259
B-T-identity,ALL_THREE_PRESPECIFIED_SEEDS_COMPLETED,TA:0.5:random,TA,0.5,random,3,724,728,0.9945054945054945,4,17,0.5817360010459565,0.6329906686003817
B-T-identity,ALL_THREE_PRESPECIFIED_SEEDS_COMPLETED,TA:0.5:random,TA,0.5,random,3,724,728,0.9945054945054945,4,29,0.568544213180976,0.632659237689137
B-T-identity,ALL_THREE_PRESPECIFIED_SEEDS_COMPLETED,TA:0.5:random,TA,0.5,random,3,724,728,0.9945054945054945,4,43,0.5856465626383546,0.6431715491367141
B-T-identity,ALL_THREE_PRESPECIFIED_SEEDS_COMPLETED,TA:0.7:front,TA,0.7,front,1,718,728,0.9862637362637363,10,17,0.5725059093469308,0.6711977642003298
B-T-identity,ALL_THREE_PRESPECIFIED_SEEDS_COMPLETED,TA:0.7:front,TA,0.7,front,1,718,728,0.9862637362637363,10,29,0.569418793564954,0.6653964928924464
B-T-identity,ALL_THREE_PRESPECIFIED_SEEDS_COMPLETED,TA:0.7:front,TA,0.7,front,1,718,728,0.9862637362637363,10,43,0.5736107531659353,0.6889344809909804
B-T-identity,ALL_THREE_PRESPECIFIED_SEEDS_COMPLETED,TA:0.7:middle,TA,0.7,middle,1,718,728,0.9862637362637363,10,17,0.5930709216593926,0.6651086806499394
B-T-identity,ALL_THREE_PRESPECIFIED_SEEDS_COMPLETED,TA:0.7:middle,TA,0.7,middle,1,718,728,0.9862637362637363,10,29,0.5739875262703844,0.6507302128395147
B-T-identity,ALL_THREE_PRESPECIFIED_SEEDS_COMPLETED,TA:0.7:middle,TA,0.7,middle,1,718,728,0.9862637362637363,10,43,0.5822552495059088,0.7028994427825667
B-T-identity,ALL_THREE_PRESPECIFIED_SEEDS_COMPLETED,TA:0.7:back,TA,0.7,back,1,718,728,0.9862637362637363,10,17,0.5712731099471431,0.6467070444076064
B-T-identity,ALL_THREE_PRESPECIFIED_SEEDS_COMPLETED,TA:0.7:back,TA,0.7,back,1,718,728,0.9862637362637363,10,29,0.5348349388968154,0.6621373159350996
B-T-identity,ALL_THREE_PRESPECIFIED_SEEDS_COMPLETED,TA:0.7:back,TA,0.7,back,1,718,728,0.9862637362637363,10,43,0.5797845426744509,0.6633444274524624
B-T-identity,ALL_THREE_PRESPECIFIED_SEEDS_COMPLETED,TA:0.7:random,TA,0.7,random,3,718,728,0.9862637362637363,10,17,0.5687273836011258,0.6707849324039726
B-T-identity,ALL_THREE_PRESPECIFIED_SEEDS_COMPLETED,TA:0.7:random,TA,0.7,random,3,718,728,0.9862637362637363,10,29,0.5527753587253101,0.6615383083689675
B-T-identity,ALL_THREE_PRESPECIFIED_SEEDS_COMPLETED,TA:0.7:random,TA,0.7,random,3,718,728,0.9862637362637363,10,43,0.5788043449579234,0.6892724544962957
B-T-identity,ALL_THREE_PRESPECIFIED_SEEDS_COMPLETED,TV:0.1:front,TV,0.1,front,1,703,728,0.9656593406593407,25,17,0.5799127332392531,0.6304931770140244
B-T-identity,ALL_THREE_PRESPECIFIED_SEEDS_COMPLETED,TV:0.1:front,TV,0.1,front,1,703,728,0.9656593406593407,25,29,0.5816478533616852,0.6214233096346776
B-T-identity,ALL_THREE_PRESPECIFIED_SEEDS_COMPLETED,TV:0.1:front,TV,0.1,front,1,703,728,0.9656593406593407,25,43,0.5895988323905944,0.6123259118399941
B-T-identity,ALL_THREE_PRESPECIFIED_SEEDS_COMPLETED,TV:0.1:middle,TV,0.1,middle,1,703,728,0.9656593406593407,25,17,0.5902301496438466,0.6134093427543841
B-T-identity,ALL_THREE_PRESPECIFIED_SEEDS_COMPLETED,TV:0.1:middle,TV,0.1,middle,1,703,728,0.9656593406593407,25,29,0.5846137285672994,0.609034419033528
B-T-identity,ALL_THREE_PRESPECIFIED_SEEDS_COMPLETED,TV:0.1:middle,TV,0.1,middle,1,703,728,0.9656593406593407,25,43,0.5971185040952482,0.6109308563540613
B-T-identity,ALL_THREE_PRESPECIFIED_SEEDS_COMPLETED,TV:0.1:back,TV,0.1,back,1,703,728,0.9656593406593407,25,17,0.5767211565957461,0.6356609105938472
B-T-identity,ALL_THREE_PRESPECIFIED_SEEDS_COMPLETED,TV:0.1:back,TV,0.1,back,1,703,728,0.9656593406593407,25,29,0.5744013527168282,0.6386733430058434
B-T-identity,ALL_THREE_PRESPECIFIED_SEEDS_COMPLETED,TV:0.1:back,TV,0.1,back,1,703,728,0.9656593406593407,25,43,0.5946222925169493,0.6254937000090389
B-T-identity,ALL_THREE_PRESPECIFIED_SEEDS_COMPLETED,TV:0.1:random,TV,0.1,random,3,703,728,0.9656593406593407,25,17,0.5901676062715474,0.6154369131212921
B-T-identity,ALL_THREE_PRESPECIFIED_SEEDS_COMPLETED,TV:0.1:random,TV,0.1,random,3,703,728,0.9656593406593407,25,29,0.5832470752567245,0.6113424183591439
B-T-identity,ALL_THREE_PRESPECIFIED_SEEDS_COMPLETED,TV:0.1:random,TV,0.1,random,3,703,728,0.9656593406593407,25,43,0.6005596125085811,0.6108256053829701
B-T-identity,ALL_THREE_PRESPECIFIED_SEEDS_COMPLETED,TV:0.3:front,TV,0.3,front,1,703,728,0.9656593406593407,25,17,0.559307454790868,0.6404748379862433
B-T-identity,ALL_THREE_PRESPECIFIED_SEEDS_COMPLETED,TV:0.3:front,TV,0.3,front,1,703,728,0.9656593406593407,25,29,0.5664365238508065,0.6350608918005741
B-T-identity,ALL_THREE_PRESPECIFIED_SEEDS_COMPLETED,TV:0.3:front,TV,0.3,front,1,703,728,0.9656593406593407,25,43,0.5800897592819257,0.6282650487309394
B-T-identity,ALL_THREE_PRESPECIFIED_SEEDS_COMPLETED,TV:0.3:middle,TV,0.3,middle,1,703,728,0.9656593406593407,25,17,0.6001992793864938,0.6078760257933626
B-T-identity,ALL_THREE_PRESPECIFIED_SEEDS_COMPLETED,TV:0.3:middle,TV,0.3,middle,1,703,728,0.9656593406593407,25,29,0.5869613143506702,0.6094258826188896
B-T-identity,ALL_THREE_PRESPECIFIED_SEEDS_COMPLETED,TV:0.3:middle,TV,0.3,middle,1,703,728,0.9656593406593407,25,43,0.6094891714335673,0.6157422191695282
B-T-identity,ALL_THREE_PRESPECIFIED_SEEDS_COMPLETED,TV:0.3:back,TV,0.3,back,1,703,728,0.9656593406593407,25,17,0.5774766764515801,0.6390665984182595
B-T-identity,ALL_THREE_PRESPECIFIED_SEEDS_COMPLETED,TV:0.3:back,TV,0.3,back,1,703,728,0.9656593406593407,25,29,0.5682425814905183,0.6470952669502706
B-T-identity,ALL_THREE_PRESPECIFIED_SEEDS_COMPLETED,TV:0.3:back,TV,0.3,back,1,703,728,0.9656593406593407,25,43,0.5973773713922754,0.6344011639570114
B-T-identity,ALL_THREE_PRESPECIFIED_SEEDS_COMPLETED,TV:0.3:random,TV,0.3,random,3,703,728,0.9656593406593407,25,17,0.5894331759456495,0.6170990465478817
B-T-identity,ALL_THREE_PRESPECIFIED_SEEDS_COMPLETED,TV:0.3:random,TV,0.3,random,3,703,728,0.9656593406593407,25,29,0.5743189428678391,0.6166664251038291
B-T-identity,ALL_THREE_PRESPECIFIED_SEEDS_COMPLETED,TV:0.3:random,TV,0.3,random,3,703,728,0.9656593406593407,25,43,0.6038399230772216,0.6179783163565461
B-T-identity,ALL_THREE_PRESPECIFIED_SEEDS_COMPLETED,TV:0.5:front,TV,0.5,front,1,703,728,0.9656593406593407,25,17,0.5730967372154196,0.6452482859234666
B-T-identity,ALL_THREE_PRESPECIFIED_SEEDS_COMPLETED,TV:0.5:front,TV,0.5,front,1,703,728,0.9656593406593407,25,29,0.5664718849321667,0.6478633804702211
B-T-identity,ALL_THREE_PRESPECIFIED_SEEDS_COMPLETED,TV:0.5:front,TV,0.5,front,1,703,728,0.9656593406593407,25,43,0.5691243828635133,0.6474453403974582
B-T-identity,ALL_THREE_PRESPECIFIED_SEEDS_COMPLETED,TV:0.5:middle,TV,0.5,middle,1,703,728,0.9656593406593407,25,17,0.598684599004292,0.6170636855645021
B-T-identity,ALL_THREE_PRESPECIFIED_SEEDS_COMPLETED,TV:0.5:middle,TV,0.5,middle,1,703,728,0.9656593406593407,25,29,0.5766546618083405,0.6135867122803165
B-T-identity,ALL_THREE_PRESPECIFIED_SEEDS_COMPLETED,TV:0.5:middle,TV,0.5,middle,1,703,728,0.9656593406593407,25,43,0.6116213084360186,0.6325760701630305
B-T-identity,ALL_THREE_PRESPECIFIED_SEEDS_COMPLETED,TV:0.5:back,TV,0.5,back,1,703,728,0.9656593406593407,25,17,0.5722075493987042,0.6427159879687958
B-T-identity,ALL_THREE_PRESPECIFIED_SEEDS_COMPLETED,TV:0.5:back,TV,0.5,back,1,703,728,0.9656593406593407,25,29,0.5666504781745633,0.6475584735829386
B-T-identity,ALL_THREE_PRESPECIFIED_SEEDS_COMPLETED,TV:0.5:back,TV,0.5,back,1,703,728,0.9656593406593407,25,43,0.5922060996897045,0.6348018360539764
B-T-identity,ALL_THREE_PRESPECIFIED_SEEDS_COMPLETED,TV:0.5:random,TV,0.5,random,3,703,728,0.9656593406593407,25,17,0.5855602843011054,0.6264758915639881
B-T-identity,ALL_THREE_PRESPECIFIED_SEEDS_COMPLETED,TV:0.5:random,TV,0.5,random,3,703,728,0.9656593406593407,25,29,0.5740490057363736,0.6260398604233656
B-T-identity,ALL_THREE_PRESPECIFIED_SEEDS_COMPLETED,TV:0.5:random,TV,0.5,random,3,703,728,0.9656593406593407,25,43,0.5976401398210225,0.6376480678734032
B-T-identity,ALL_THREE_PRESPECIFIED_SEEDS_COMPLETED,TV:0.7:front,TV,0.7,front,1,694,728,0.9532967032967034,34,17,0.5728833336672713,0.6681938607259755
B-T-identity,ALL_THREE_PRESPECIFIED_SEEDS_COMPLETED,TV:0.7:front,TV,0.7,front,1,694,728,0.9532967032967034,34,29,0.5701362309532695,0.6641053783695807
B-T-identity,ALL_THREE_PRESPECIFIED_SEEDS_COMPLETED,TV:0.7:front,TV,0.7,front,1,694,728,0.9532967032967034,34,43,0.5741059265828383,0.688592240008862
B-T-identity,ALL_THREE_PRESPECIFIED_SEEDS_COMPLETED,TV:0.7:middle,TV,0.7,middle,1,694,728,0.9532967032967034,34,17,0.5955721189664122,0.6582328000564542
B-T-identity,ALL_THREE_PRESPECIFIED_SEEDS_COMPLETED,TV:0.7:middle,TV,0.7,middle,1,694,728,0.9532967032967034,34,29,0.5761163415683831,0.6447004187419745
B-T-identity,ALL_THREE_PRESPECIFIED_SEEDS_COMPLETED,TV:0.7:middle,TV,0.7,middle,1,694,728,0.9532967032967034,34,43,0.5848521446347533,0.696514945715195
B-T-identity,ALL_THREE_PRESPECIFIED_SEEDS_COMPLETED,TV:0.7:back,TV,0.7,back,1,694,728,0.9532967032967034,34,17,0.573754340866468,0.6456770444311877
B-T-identity,ALL_THREE_PRESPECIFIED_SEEDS_COMPLETED,TV:0.7:back,TV,0.7,back,1,694,728,0.9532967032967034,34,29,0.5406646633664874,0.6587475492931765
B-T-identity,ALL_THREE_PRESPECIFIED_SEEDS_COMPLETED,TV:0.7:back,TV,0.7,back,1,694,728,0.9532967032967034,34,43,0.5844257323525617,0.6613715318609528
B-T-identity,ALL_THREE_PRESPECIFIED_SEEDS_COMPLETED,TV:0.7:random,TV,0.7,random,3,694,728,0.9532967032967034,34,17,0.5761184953078183,0.6602448760756251
B-T-identity,ALL_THREE_PRESPECIFIED_SEEDS_COMPLETED,TV:0.7:random,TV,0.7,random,3,694,728,0.9532967032967034,34,29,0.5634823367219196,0.65654747662585
B-T-identity,ALL_THREE_PRESPECIFIED_SEEDS_COMPLETED,TV:0.7:random,TV,0.7,random,3,694,728,0.9532967032967034,34,43,0.5867065235842134,0.6896767222284464
B-T-identity,ALL_THREE_PRESPECIFIED_SEEDS_COMPLETED,AV:0.1:front,AV,0.1,front,1,703,728,0.9656593406593407,25,17,0.5964952650113701,0.6184329031512479
B-T-identity,ALL_THREE_PRESPECIFIED_SEEDS_COMPLETED,AV:0.1:front,AV,0.1,front,1,703,728,0.9656593406593407,25,29,0.5919285839008207,0.6130139361817523
B-T-identity,ALL_THREE_PRESPECIFIED_SEEDS_COMPLETED,AV:0.1:front,AV,0.1,front,1,703,728,0.9656593406593407,25,43,0.5982491053775812,0.6103183570480074
B-T-identity,ALL_THREE_PRESPECIFIED_SEEDS_COMPLETED,AV:0.1:middle,AV,0.1,middle,1,703,728,0.9656593406593407,25,17,0.5964952650113701,0.6184329031512479
B-T-identity,ALL_THREE_PRESPECIFIED_SEEDS_COMPLETED,AV:0.1:middle,AV,0.1,middle,1,703,728,0.9656593406593407,25,29,0.5919285839008207,0.6130139361817523
B-T-identity,ALL_THREE_PRESPECIFIED_SEEDS_COMPLETED,AV:0.1:middle,AV,0.1,middle,1,703,728,0.9656593406593407,25,43,0.5982491053775812,0.6103183570480074
B-T-identity,ALL_THREE_PRESPECIFIED_SEEDS_COMPLETED,AV:0.1:back,AV,0.1,back,1,703,728,0.9656593406593407,25,17,0.5964952650113701,0.6184329031512479
B-T-identity,ALL_THREE_PRESPECIFIED_SEEDS_COMPLETED,AV:0.1:back,AV,0.1,back,1,703,728,0.9656593406593407,25,29,0.5919285839008207,0.6130139361817523
B-T-identity,ALL_THREE_PRESPECIFIED_SEEDS_COMPLETED,AV:0.1:back,AV,0.1,back,1,703,728,0.9656593406593407,25,43,0.5982491053775812,0.6103183570480074
B-T-identity,ALL_THREE_PRESPECIFIED_SEEDS_COMPLETED,AV:0.1:random,AV,0.1,random,3,703,728,0.9656593406593407,25,17,0.5964952650113701,0.6184329031512479
B-T-identity,ALL_THREE_PRESPECIFIED_SEEDS_COMPLETED,AV:0.1:random,AV,0.1,random,3,703,728,0.9656593406593407,25,29,0.5919285839008207,0.6130139361817523
B-T-identity,ALL_THREE_PRESPECIFIED_SEEDS_COMPLETED,AV:0.1:random,AV,0.1,random,3,703,728,0.9656593406593407,25,43,0.5982491053775812,0.6103183570480074
B-T-identity,ALL_THREE_PRESPECIFIED_SEEDS_COMPLETED,AV:0.3:front,AV,0.3,front,1,703,728,0.9656593406593407,25,17,0.5964952650113701,0.6184329031512479
B-T-identity,ALL_THREE_PRESPECIFIED_SEEDS_COMPLETED,AV:0.3:front,AV,0.3,front,1,703,728,0.9656593406593407,25,29,0.5919285839008207,0.6130139361817523
B-T-identity,ALL_THREE_PRESPECIFIED_SEEDS_COMPLETED,AV:0.3:front,AV,0.3,front,1,703,728,0.9656593406593407,25,43,0.5982491053775812,0.6103183570480074
B-T-identity,ALL_THREE_PRESPECIFIED_SEEDS_COMPLETED,AV:0.3:middle,AV,0.3,middle,1,703,728,0.9656593406593407,25,17,0.5964952650113701,0.6184329031512479
B-T-identity,ALL_THREE_PRESPECIFIED_SEEDS_COMPLETED,AV:0.3:middle,AV,0.3,middle,1,703,728,0.9656593406593407,25,29,0.5919285839008207,0.6130139361817523
B-T-identity,ALL_THREE_PRESPECIFIED_SEEDS_COMPLETED,AV:0.3:middle,AV,0.3,middle,1,703,728,0.9656593406593407,25,43,0.5982491053775812,0.6103183570480074
B-T-identity,ALL_THREE_PRESPECIFIED_SEEDS_COMPLETED,AV:0.3:back,AV,0.3,back,1,703,728,0.9656593406593407,25,17,0.5964952650113701,0.6184329031512479
B-T-identity,ALL_THREE_PRESPECIFIED_SEEDS_COMPLETED,AV:0.3:back,AV,0.3,back,1,703,728,0.9656593406593407,25,29,0.5919285839008207,0.6130139361817523
B-T-identity,ALL_THREE_PRESPECIFIED_SEEDS_COMPLETED,AV:0.3:back,AV,0.3,back,1,703,728,0.9656593406593407,25,43,0.5982491053775812,0.6103183570480074
B-T-identity,ALL_THREE_PRESPECIFIED_SEEDS_COMPLETED,AV:0.3:random,AV,0.3,random,3,703,728,0.9656593406593407,25,17,0.5964952650113701,0.6184329031512479
B-T-identity,ALL_THREE_PRESPECIFIED_SEEDS_COMPLETED,AV:0.3:random,AV,0.3,random,3,703,728,0.9656593406593407,25,29,0.5919285839008207,0.6130139361817523
B-T-identity,ALL_THREE_PRESPECIFIED_SEEDS_COMPLETED,AV:0.3:random,AV,0.3,random,3,703,728,0.9656593406593407,25,43,0.5982491053775812,0.6103183570480074
B-T-identity,ALL_THREE_PRESPECIFIED_SEEDS_COMPLETED,AV:0.5:front,AV,0.5,front,1,703,728,0.9656593406593407,25,17,0.5964952650113701,0.6184329031512479
B-T-identity,ALL_THREE_PRESPECIFIED_SEEDS_COMPLETED,AV:0.5:front,AV,0.5,front,1,703,728,0.9656593406593407,25,29,0.5919285839008207,0.6130139361817523
B-T-identity,ALL_THREE_PRESPECIFIED_SEEDS_COMPLETED,AV:0.5:front,AV,0.5,front,1,703,728,0.9656593406593407,25,43,0.5982491053775812,0.6103183570480074
B-T-identity,ALL_THREE_PRESPECIFIED_SEEDS_COMPLETED,AV:0.5:middle,AV,0.5,middle,1,703,728,0.9656593406593407,25,17,0.5964952650113701,0.6184329031512479
B-T-identity,ALL_THREE_PRESPECIFIED_SEEDS_COMPLETED,AV:0.5:middle,AV,0.5,middle,1,703,728,0.9656593406593407,25,29,0.5919285839008207,0.6130139361817523
B-T-identity,ALL_THREE_PRESPECIFIED_SEEDS_COMPLETED,AV:0.5:middle,AV,0.5,middle,1,703,728,0.9656593406593407,25,43,0.5982491053775812,0.6103183570480074
B-T-identity,ALL_THREE_PRESPECIFIED_SEEDS_COMPLETED,AV:0.5:back,AV,0.5,back,1,703,728,0.9656593406593407,25,17,0.5964952650113701,0.6184329031512479
B-T-identity,ALL_THREE_PRESPECIFIED_SEEDS_COMPLETED,AV:0.5:back,AV,0.5,back,1,703,728,0.9656593406593407,25,29,0.5919285839008207,0.6130139361817523
B-T-identity,ALL_THREE_PRESPECIFIED_SEEDS_COMPLETED,AV:0.5:back,AV,0.5,back,1,703,728,0.9656593406593407,25,43,0.5982491053775812,0.6103183570480074
B-T-identity,ALL_THREE_PRESPECIFIED_SEEDS_COMPLETED,AV:0.5:random,AV,0.5,random,3,703,728,0.9656593406593407,25,17,0.5964952650113701,0.6184329031512479
B-T-identity,ALL_THREE_PRESPECIFIED_SEEDS_COMPLETED,AV:0.5:random,AV,0.5,random,3,703,728,0.9656593406593407,25,29,0.5919285839008207,0.6130139361817523
B-T-identity,ALL_THREE_PRESPECIFIED_SEEDS_COMPLETED,AV:0.5:random,AV,0.5,random,3,703,728,0.9656593406593407,25,43,0.5982491053775812,0.6103183570480074
B-T-identity,ALL_THREE_PRESPECIFIED_SEEDS_COMPLETED,AV:0.7:front,AV,0.7,front,1,694,728,0.9532967032967034,34,17,0.5964952650113701,0.6184329031512479
B-T-identity,ALL_THREE_PRESPECIFIED_SEEDS_COMPLETED,AV:0.7:front,AV,0.7,front,1,694,728,0.9532967032967034,34,29,0.5919285839008207,0.6130139361817523
B-T-identity,ALL_THREE_PRESPECIFIED_SEEDS_COMPLETED,AV:0.7:front,AV,0.7,front,1,694,728,0.9532967032967034,34,43,0.5982491053775812,0.6103183570480074
B-T-identity,ALL_THREE_PRESPECIFIED_SEEDS_COMPLETED,AV:0.7:middle,AV,0.7,middle,1,694,728,0.9532967032967034,34,17,0.5964952650113701,0.6184329031512479
B-T-identity,ALL_THREE_PRESPECIFIED_SEEDS_COMPLETED,AV:0.7:middle,AV,0.7,middle,1,694,728,0.9532967032967034,34,29,0.5919285839008207,0.6130139361817523
B-T-identity,ALL_THREE_PRESPECIFIED_SEEDS_COMPLETED,AV:0.7:middle,AV,0.7,middle,1,694,728,0.9532967032967034,34,43,0.5982491053775812,0.6103183570480074
B-T-identity,ALL_THREE_PRESPECIFIED_SEEDS_COMPLETED,AV:0.7:back,AV,0.7,back,1,694,728,0.9532967032967034,34,17,0.5964952650113701,0.6184329031512479
B-T-identity,ALL_THREE_PRESPECIFIED_SEEDS_COMPLETED,AV:0.7:back,AV,0.7,back,1,694,728,0.9532967032967034,34,29,0.5919285839008207,0.6130139361817523
B-T-identity,ALL_THREE_PRESPECIFIED_SEEDS_COMPLETED,AV:0.7:back,AV,0.7,back,1,694,728,0.9532967032967034,34,43,0.5982491053775812,0.6103183570480074
B-T-identity,ALL_THREE_PRESPECIFIED_SEEDS_COMPLETED,AV:0.7:random,AV,0.7,random,3,694,728,0.9532967032967034,34,17,0.5964952650113701,0.6184329031512479
B-T-identity,ALL_THREE_PRESPECIFIED_SEEDS_COMPLETED,AV:0.7:random,AV,0.7,random,3,694,728,0.9532967032967034,34,29,0.5919285839008207,0.6130139361817523
B-T-identity,ALL_THREE_PRESPECIFIED_SEEDS_COMPLETED,AV:0.7:random,AV,0.7,random,3,694,728,0.9532967032967034,34,43,0.5982491053775812,0.6103183570480074
B-T-zscore,ALL_THREE_PRESPECIFIED_SEEDS_COMPLETED,T:0.1:front,T,0.1,front,1,728,728,1.0,0,17,0.5851388823905551,0.6701387485961307
B-T-zscore,ALL_THREE_PRESPECIFIED_SEEDS_COMPLETED,T:0.1:front,T,0.1,front,1,728,728,1.0,0,29,0.5819218493368025,0.6447122132282187
B-T-zscore,ALL_THREE_PRESPECIFIED_SEEDS_COMPLETED,T:0.1:front,T,0.1,front,1,728,728,1.0,0,43,0.6015769264958705,0.6405992291894598
B-T-zscore,ALL_THREE_PRESPECIFIED_SEEDS_COMPLETED,T:0.1:middle,T,0.1,middle,1,728,728,1.0,0,17,0.5733942119573077,0.6561046072878686
B-T-zscore,ALL_THREE_PRESPECIFIED_SEEDS_COMPLETED,T:0.1:middle,T,0.1,middle,1,728,728,1.0,0,29,0.5942235602988469,0.6398119075586162
B-T-zscore,ALL_THREE_PRESPECIFIED_SEEDS_COMPLETED,T:0.1:middle,T,0.1,middle,1,728,728,1.0,0,43,0.6085667830845332,0.6371078429179801
B-T-zscore,ALL_THREE_PRESPECIFIED_SEEDS_COMPLETED,T:0.1:back,T,0.1,back,1,728,728,1.0,0,17,0.5849936537626507,0.6886509480068376
B-T-zscore,ALL_THREE_PRESPECIFIED_SEEDS_COMPLETED,T:0.1:back,T,0.1,back,1,728,728,1.0,0,29,0.5632530691378468,0.6500613820962327
B-T-zscore,ALL_THREE_PRESPECIFIED_SEEDS_COMPLETED,T:0.1:back,T,0.1,back,1,728,728,1.0,0,43,0.586771991125079,0.6502715978478171
B-T-zscore,ALL_THREE_PRESPECIFIED_SEEDS_COMPLETED,T:0.1:random,T,0.1,random,3,728,728,1.0,0,17,0.5862138609366615,0.6587564167938658
B-T-zscore,ALL_THREE_PRESPECIFIED_SEEDS_COMPLETED,T:0.1:random,T,0.1,random,3,728,728,1.0,0,29,0.5850014988793403,0.6422376251056592
B-T-zscore,ALL_THREE_PRESPECIFIED_SEEDS_COMPLETED,T:0.1:random,T,0.1,random,3,728,728,1.0,0,43,0.6023424459563923,0.638645088465617
B-T-zscore,ALL_THREE_PRESPECIFIED_SEEDS_COMPLETED,T:0.3:front,T,0.3,front,1,728,728,1.0,0,17,0.5774197254644182,0.6864505534067975
B-T-zscore,ALL_THREE_PRESPECIFIED_SEEDS_COMPLETED,T:0.3:front,T,0.3,front,1,728,728,1.0,0,29,0.5729053049396643,0.6658620052271494
B-T-zscore,ALL_THREE_PRESPECIFIED_SEEDS_COMPLETED,T:0.3:front,T,0.3,front,1,728,728,1.0,0,43,0.593793696044794,0.6592830828938552
B-T-zscore,ALL_THREE_PRESPECIFIED_SEEDS_COMPLETED,T:0.3:middle,T,0.3,middle,1,728,728,1.0,0,17,0.5888624343119159,0.6566961202636146
B-T-zscore,ALL_THREE_PRESPECIFIED_SEEDS_COMPLETED,T:0.3:middle,T,0.3,middle,1,728,728,1.0,0,29,0.5955888007942501,0.6463258795046496
B-T-zscore,ALL_THREE_PRESPECIFIED_SEEDS_COMPLETED,T:0.3:middle,T,0.3,middle,1,728,728,1.0,0,43,0.5923040469568533,0.6447891281040738
B-T-zscore,ALL_THREE_PRESPECIFIED_SEEDS_COMPLETED,T:0.3:back,T,0.3,back,1,728,728,1.0,0,17,0.5788060913511414,0.6969735901994671
B-T-zscore,ALL_THREE_PRESPECIFIED_SEEDS_COMPLETED,T:0.3:back,T,0.3,back,1,728,728,1.0,0,29,0.5698292902434315,0.6553064464933014
B-T-zscore,ALL_THREE_PRESPECIFIED_SEEDS_COMPLETED,T:0.3:back,T,0.3,back,1,728,728,1.0,0,43,0.5875536164293077,0.6565287821031633
B-T-zscore,ALL_THREE_PRESPECIFIED_SEEDS_COMPLETED,T:0.3:random,T,0.3,random,3,728,728,1.0,0,17,0.5782068712911603,0.6728495120269912
B-T-zscore,ALL_THREE_PRESPECIFIED_SEEDS_COMPLETED,T:0.3:random,T,0.3,random,3,728,728,1.0,0,29,0.5860286570110809,0.6513106529651024
B-T-zscore,ALL_THREE_PRESPECIFIED_SEEDS_COMPLETED,T:0.3:random,T,0.3,random,3,728,728,1.0,0,43,0.5935705828306695,0.6523239028575274
B-T-zscore,ALL_THREE_PRESPECIFIED_SEEDS_COMPLETED,T:0.5:front,T,0.5,front,1,728,728,1.0,0,17,0.5706235655525592,0.7071096158316512
B-T-zscore,ALL_THREE_PRESPECIFIED_SEEDS_COMPLETED,T:0.5:front,T,0.5,front,1,728,728,1.0,0,29,0.5584504928393917,0.6805025364165476
B-T-zscore,ALL_THREE_PRESPECIFIED_SEEDS_COMPLETED,T:0.5:front,T,0.5,front,1,728,728,1.0,0,43,0.5772587186488205,0.673381359857548
B-T-zscore,ALL_THREE_PRESPECIFIED_SEEDS_COMPLETED,T:0.5:middle,T,0.5,middle,1,728,728,1.0,0,17,0.56444268883785,0.6682106979587243
B-T-zscore,ALL_THREE_PRESPECIFIED_SEEDS_COMPLETED,T:0.5:middle,T,0.5,middle,1,728,728,1.0,0,29,0.577785594115472,0.6611337185809184
B-T-zscore,ALL_THREE_PRESPECIFIED_SEEDS_COMPLETED,T:0.5:middle,T,0.5,middle,1,728,728,1.0,0,43,0.5812107471942188,0.6609573822045074
B-T-zscore,ALL_THREE_PRESPECIFIED_SEEDS_COMPLETED,T:0.5:back,T,0.5,back,1,728,728,1.0,0,17,0.5531880189719983,0.7189224934669795
B-T-zscore,ALL_THREE_PRESPECIFIED_SEEDS_COMPLETED,T:0.5:back,T,0.5,back,1,728,728,1.0,0,29,0.5454346913477254,0.6685301538417372
B-T-zscore,ALL_THREE_PRESPECIFIED_SEEDS_COMPLETED,T:0.5:back,T,0.5,back,1,728,728,1.0,0,43,0.5570858567704244,0.670476034130763
B-T-zscore,ALL_THREE_PRESPECIFIED_SEEDS_COMPLETED,T:0.5:random,T,0.5,random,3,728,728,1.0,0,17,0.5655285767444068,0.6746689587948339
B-T-zscore,ALL_THREE_PRESPECIFIED_SEEDS_COMPLETED,T:0.5:random,T,0.5,random,3,728,728,1.0,0,29,0.5609372749109441,0.660846432337003
B-T-zscore,ALL_THREE_PRESPECIFIED_SEEDS_COMPLETED,T:0.5:random,T,0.5,random,3,728,728,1.0,0,43,0.5732875681468668,0.6573387524214337
B-T-zscore,ALL_THREE_PRESPECIFIED_SEEDS_COMPLETED,T:0.7:front,T,0.7,front,1,728,728,1.0,0,17,0.5741543068202358,0.7342730604952001
B-T-zscore,ALL_THREE_PRESPECIFIED_SEEDS_COMPLETED,T:0.7:front,T,0.7,front,1,728,728,1.0,0,29,0.5629243486590134,0.6962302767794456
B-T-zscore,ALL_THREE_PRESPECIFIED_SEEDS_COMPLETED,T:0.7:front,T,0.7,front,1,728,728,1.0,0,43,0.5713556733388989,0.7088755004959959
B-T-zscore,ALL_THREE_PRESPECIFIED_SEEDS_COMPLETED,T:0.7:middle,T,0.7,middle,1,728,728,1.0,0,17,0.5687289462848675,0.6851701521139418
B-T-zscore,ALL_THREE_PRESPECIFIED_SEEDS_COMPLETED,T:0.7:middle,T,0.7,middle,1,728,728,1.0,0,29,0.5689481198900577,0.6907482493825827
B-T-zscore,ALL_THREE_PRESPECIFIED_SEEDS_COMPLETED,T:0.7:middle,T,0.7,middle,1,728,728,1.0,0,43,0.5941862375438741,0.690830041355534
B-T-zscore,ALL_THREE_PRESPECIFIED_SEEDS_COMPLETED,T:0.7:back,T,0.7,back,1,728,728,1.0,0,17,0.5270685917283982,0.7443437922162587
B-T-zscore,ALL_THREE_PRESPECIFIED_SEEDS_COMPLETED,T:0.7:back,T,0.7,back,1,728,728,1.0,0,29,0.5371541517152804,0.6870267688292577
B-T-zscore,ALL_THREE_PRESPECIFIED_SEEDS_COMPLETED,T:0.7:back,T,0.7,back,1,728,728,1.0,0,43,0.5389257090759281,0.6944662807470925
B-T-zscore,ALL_THREE_PRESPECIFIED_SEEDS_COMPLETED,T:0.7:random,T,0.7,random,3,728,728,1.0,0,17,0.5669521110165721,0.696223553363383
B-T-zscore,ALL_THREE_PRESPECIFIED_SEEDS_COMPLETED,T:0.7:random,T,0.7,random,3,728,728,1.0,0,29,0.55901332738842,0.6806681328537344
B-T-zscore,ALL_THREE_PRESPECIFIED_SEEDS_COMPLETED,T:0.7:random,T,0.7,random,3,728,728,1.0,0,43,0.5709978998035481,0.6920987467021185
B-T-zscore,ALL_THREE_PRESPECIFIED_SEEDS_COMPLETED,A:0.1:front,A,0.1,front,1,724,728,0.9945054945054945,4,17,0.5918286157919018,0.6565257610332932
B-T-zscore,ALL_THREE_PRESPECIFIED_SEEDS_COMPLETED,A:0.1:front,A,0.1,front,1,724,728,0.9945054945054945,4,29,0.5932581274566998,0.6358142077948726
B-T-zscore,ALL_THREE_PRESPECIFIED_SEEDS_COMPLETED,A:0.1:front,A,0.1,front,1,724,728,0.9945054945054945,4,43,0.6132684170558608,0.6346937359832316
B-T-zscore,ALL_THREE_PRESPECIFIED_SEEDS_COMPLETED,A:0.1:middle,A,0.1,middle,1,724,728,0.9945054945054945,4,17,0.5918286157919018,0.6565257610332932
B-T-zscore,ALL_THREE_PRESPECIFIED_SEEDS_COMPLETED,A:0.1:middle,A,0.1,middle,1,724,728,0.9945054945054945,4,29,0.5932581274566998,0.6358142077948726
B-T-zscore,ALL_THREE_PRESPECIFIED_SEEDS_COMPLETED,A:0.1:middle,A,0.1,middle,1,724,728,0.9945054945054945,4,43,0.6132684170558608,0.6346937359832316
B-T-zscore,ALL_THREE_PRESPECIFIED_SEEDS_COMPLETED,A:0.1:back,A,0.1,back,1,724,728,0.9945054945054945,4,17,0.5918286157919018,0.6565257610332932
B-T-zscore,ALL_THREE_PRESPECIFIED_SEEDS_COMPLETED,A:0.1:back,A,0.1,back,1,724,728,0.9945054945054945,4,29,0.5932581274566998,0.6358142077948726
B-T-zscore,ALL_THREE_PRESPECIFIED_SEEDS_COMPLETED,A:0.1:back,A,0.1,back,1,724,728,0.9945054945054945,4,43,0.6132684170558608,0.6346937359832316
B-T-zscore,ALL_THREE_PRESPECIFIED_SEEDS_COMPLETED,A:0.1:random,A,0.1,random,3,724,728,0.9945054945054945,4,17,0.5918286157919018,0.6565257610332932
B-T-zscore,ALL_THREE_PRESPECIFIED_SEEDS_COMPLETED,A:0.1:random,A,0.1,random,3,724,728,0.9945054945054945,4,29,0.5932581274566998,0.6358142077948726
B-T-zscore,ALL_THREE_PRESPECIFIED_SEEDS_COMPLETED,A:0.1:random,A,0.1,random,3,724,728,0.9945054945054945,4,43,0.6132684170558608,0.6346937359832316
B-T-zscore,ALL_THREE_PRESPECIFIED_SEEDS_COMPLETED,A:0.3:front,A,0.3,front,1,724,728,0.9945054945054945,4,17,0.5918286157919018,0.6565257610332932
B-T-zscore,ALL_THREE_PRESPECIFIED_SEEDS_COMPLETED,A:0.3:front,A,0.3,front,1,724,728,0.9945054945054945,4,29,0.5932581274566998,0.6358142077948726
B-T-zscore,ALL_THREE_PRESPECIFIED_SEEDS_COMPLETED,A:0.3:front,A,0.3,front,1,724,728,0.9945054945054945,4,43,0.6132684170558608,0.6346937359832316
B-T-zscore,ALL_THREE_PRESPECIFIED_SEEDS_COMPLETED,A:0.3:middle,A,0.3,middle,1,724,728,0.9945054945054945,4,17,0.5918286157919018,0.6565257610332932
B-T-zscore,ALL_THREE_PRESPECIFIED_SEEDS_COMPLETED,A:0.3:middle,A,0.3,middle,1,724,728,0.9945054945054945,4,29,0.5932581274566998,0.6358142077948726
B-T-zscore,ALL_THREE_PRESPECIFIED_SEEDS_COMPLETED,A:0.3:middle,A,0.3,middle,1,724,728,0.9945054945054945,4,43,0.6132684170558608,0.6346937359832316
B-T-zscore,ALL_THREE_PRESPECIFIED_SEEDS_COMPLETED,A:0.3:back,A,0.3,back,1,724,728,0.9945054945054945,4,17,0.5918286157919018,0.6565257610332932
B-T-zscore,ALL_THREE_PRESPECIFIED_SEEDS_COMPLETED,A:0.3:back,A,0.3,back,1,724,728,0.9945054945054945,4,29,0.5932581274566998,0.6358142077948726
B-T-zscore,ALL_THREE_PRESPECIFIED_SEEDS_COMPLETED,A:0.3:back,A,0.3,back,1,724,728,0.9945054945054945,4,43,0.6132684170558608,0.6346937359832316
B-T-zscore,ALL_THREE_PRESPECIFIED_SEEDS_COMPLETED,A:0.3:random,A,0.3,random,3,724,728,0.9945054945054945,4,17,0.5918286157919018,0.6565257610332932
B-T-zscore,ALL_THREE_PRESPECIFIED_SEEDS_COMPLETED,A:0.3:random,A,0.3,random,3,724,728,0.9945054945054945,4,29,0.5932581274566998,0.6358142077948726
B-T-zscore,ALL_THREE_PRESPECIFIED_SEEDS_COMPLETED,A:0.3:random,A,0.3,random,3,724,728,0.9945054945054945,4,43,0.6132684170558608,0.6346937359832316
B-T-zscore,ALL_THREE_PRESPECIFIED_SEEDS_COMPLETED,A:0.5:front,A,0.5,front,1,724,728,0.9945054945054945,4,17,0.5918286157919018,0.6565257610332932
B-T-zscore,ALL_THREE_PRESPECIFIED_SEEDS_COMPLETED,A:0.5:front,A,0.5,front,1,724,728,0.9945054945054945,4,29,0.5932581274566998,0.6358142077948726
B-T-zscore,ALL_THREE_PRESPECIFIED_SEEDS_COMPLETED,A:0.5:front,A,0.5,front,1,724,728,0.9945054945054945,4,43,0.6132684170558608,0.6346937359832316
B-T-zscore,ALL_THREE_PRESPECIFIED_SEEDS_COMPLETED,A:0.5:middle,A,0.5,middle,1,724,728,0.9945054945054945,4,17,0.5918286157919018,0.6565257610332932
B-T-zscore,ALL_THREE_PRESPECIFIED_SEEDS_COMPLETED,A:0.5:middle,A,0.5,middle,1,724,728,0.9945054945054945,4,29,0.5932581274566998,0.6358142077948726
B-T-zscore,ALL_THREE_PRESPECIFIED_SEEDS_COMPLETED,A:0.5:middle,A,0.5,middle,1,724,728,0.9945054945054945,4,43,0.6132684170558608,0.6346937359832316
B-T-zscore,ALL_THREE_PRESPECIFIED_SEEDS_COMPLETED,A:0.5:back,A,0.5,back,1,724,728,0.9945054945054945,4,17,0.5918286157919018,0.6565257610332932
B-T-zscore,ALL_THREE_PRESPECIFIED_SEEDS_COMPLETED,A:0.5:back,A,0.5,back,1,724,728,0.9945054945054945,4,29,0.5932581274566998,0.6358142077948726
B-T-zscore,ALL_THREE_PRESPECIFIED_SEEDS_COMPLETED,A:0.5:back,A,0.5,back,1,724,728,0.9945054945054945,4,43,0.6132684170558608,0.6346937359832316
B-T-zscore,ALL_THREE_PRESPECIFIED_SEEDS_COMPLETED,A:0.5:random,A,0.5,random,3,724,728,0.9945054945054945,4,17,0.5918286157919018,0.6565257610332932
B-T-zscore,ALL_THREE_PRESPECIFIED_SEEDS_COMPLETED,A:0.5:random,A,0.5,random,3,724,728,0.9945054945054945,4,29,0.5932581274566998,0.6358142077948726
B-T-zscore,ALL_THREE_PRESPECIFIED_SEEDS_COMPLETED,A:0.5:random,A,0.5,random,3,724,728,0.9945054945054945,4,43,0.6132684170558608,0.6346937359832316
B-T-zscore,ALL_THREE_PRESPECIFIED_SEEDS_COMPLETED,A:0.7:front,A,0.7,front,1,718,728,0.9862637362637363,10,17,0.5918286157919018,0.6565257608695442
B-T-zscore,ALL_THREE_PRESPECIFIED_SEEDS_COMPLETED,A:0.7:front,A,0.7,front,1,718,728,0.9862637362637363,10,29,0.5932581274566998,0.6358142076311236
B-T-zscore,ALL_THREE_PRESPECIFIED_SEEDS_COMPLETED,A:0.7:front,A,0.7,front,1,718,728,0.9862637362637363,10,43,0.6132684170558608,0.6346937362493238
B-T-zscore,ALL_THREE_PRESPECIFIED_SEEDS_COMPLETED,A:0.7:middle,A,0.7,middle,1,718,728,0.9862637362637363,10,17,0.5918286157919018,0.6565257608695442
B-T-zscore,ALL_THREE_PRESPECIFIED_SEEDS_COMPLETED,A:0.7:middle,A,0.7,middle,1,718,728,0.9862637362637363,10,29,0.5932581274566998,0.6358142076311236
B-T-zscore,ALL_THREE_PRESPECIFIED_SEEDS_COMPLETED,A:0.7:middle,A,0.7,middle,1,718,728,0.9862637362637363,10,43,0.6132684170558608,0.6346937362493238
B-T-zscore,ALL_THREE_PRESPECIFIED_SEEDS_COMPLETED,A:0.7:back,A,0.7,back,1,718,728,0.9862637362637363,10,17,0.5918286157919018,0.6565257608695442
B-T-zscore,ALL_THREE_PRESPECIFIED_SEEDS_COMPLETED,A:0.7:back,A,0.7,back,1,718,728,0.9862637362637363,10,29,0.5932581274566998,0.6358142076311236
B-T-zscore,ALL_THREE_PRESPECIFIED_SEEDS_COMPLETED,A:0.7:back,A,0.7,back,1,718,728,0.9862637362637363,10,43,0.6132684170558608,0.6346937362493238
B-T-zscore,ALL_THREE_PRESPECIFIED_SEEDS_COMPLETED,A:0.7:random,A,0.7,random,3,718,728,0.9862637362637363,10,17,0.5918286157919018,0.6565257608695442
B-T-zscore,ALL_THREE_PRESPECIFIED_SEEDS_COMPLETED,A:0.7:random,A,0.7,random,3,718,728,0.9862637362637363,10,29,0.5932581274566998,0.6358142076311236
B-T-zscore,ALL_THREE_PRESPECIFIED_SEEDS_COMPLETED,A:0.7:random,A,0.7,random,3,718,728,0.9862637362637363,10,43,0.6132684170558608,0.6346937362493238
B-T-zscore,ALL_THREE_PRESPECIFIED_SEEDS_COMPLETED,V:0.1:front,V,0.1,front,1,703,728,0.9656593406593407,25,17,0.5918286157919018,0.6565257610332932
B-T-zscore,ALL_THREE_PRESPECIFIED_SEEDS_COMPLETED,V:0.1:front,V,0.1,front,1,703,728,0.9656593406593407,25,29,0.5932581274566998,0.6358142077948726
B-T-zscore,ALL_THREE_PRESPECIFIED_SEEDS_COMPLETED,V:0.1:front,V,0.1,front,1,703,728,0.9656593406593407,25,43,0.6132684170558608,0.6346937359832316
B-T-zscore,ALL_THREE_PRESPECIFIED_SEEDS_COMPLETED,V:0.1:middle,V,0.1,middle,1,703,728,0.9656593406593407,25,17,0.5918286157919018,0.6565257610332932
B-T-zscore,ALL_THREE_PRESPECIFIED_SEEDS_COMPLETED,V:0.1:middle,V,0.1,middle,1,703,728,0.9656593406593407,25,29,0.5932581274566998,0.6358142077948726
B-T-zscore,ALL_THREE_PRESPECIFIED_SEEDS_COMPLETED,V:0.1:middle,V,0.1,middle,1,703,728,0.9656593406593407,25,43,0.6132684170558608,0.6346937359832316
B-T-zscore,ALL_THREE_PRESPECIFIED_SEEDS_COMPLETED,V:0.1:back,V,0.1,back,1,703,728,0.9656593406593407,25,17,0.5918286157919018,0.6565257610332932
B-T-zscore,ALL_THREE_PRESPECIFIED_SEEDS_COMPLETED,V:0.1:back,V,0.1,back,1,703,728,0.9656593406593407,25,29,0.5932581274566998,0.6358142077948726
B-T-zscore,ALL_THREE_PRESPECIFIED_SEEDS_COMPLETED,V:0.1:back,V,0.1,back,1,703,728,0.9656593406593407,25,43,0.6132684170558608,0.6346937359832316
B-T-zscore,ALL_THREE_PRESPECIFIED_SEEDS_COMPLETED,V:0.1:random,V,0.1,random,3,703,728,0.9656593406593407,25,17,0.5918286157919018,0.6565257610332932
B-T-zscore,ALL_THREE_PRESPECIFIED_SEEDS_COMPLETED,V:0.1:random,V,0.1,random,3,703,728,0.9656593406593407,25,29,0.5932581274566998,0.6358142077948726
B-T-zscore,ALL_THREE_PRESPECIFIED_SEEDS_COMPLETED,V:0.1:random,V,0.1,random,3,703,728,0.9656593406593407,25,43,0.6132684170558608,0.6346937359832316
B-T-zscore,ALL_THREE_PRESPECIFIED_SEEDS_COMPLETED,V:0.3:front,V,0.3,front,1,703,728,0.9656593406593407,25,17,0.5918286157919018,0.6565257610332932
B-T-zscore,ALL_THREE_PRESPECIFIED_SEEDS_COMPLETED,V:0.3:front,V,0.3,front,1,703,728,0.9656593406593407,25,29,0.5932581274566998,0.6358142077948726
B-T-zscore,ALL_THREE_PRESPECIFIED_SEEDS_COMPLETED,V:0.3:front,V,0.3,front,1,703,728,0.9656593406593407,25,43,0.6132684170558608,0.6346937359832316
B-T-zscore,ALL_THREE_PRESPECIFIED_SEEDS_COMPLETED,V:0.3:middle,V,0.3,middle,1,703,728,0.9656593406593407,25,17,0.5918286157919018,0.6565257610332932
B-T-zscore,ALL_THREE_PRESPECIFIED_SEEDS_COMPLETED,V:0.3:middle,V,0.3,middle,1,703,728,0.9656593406593407,25,29,0.5932581274566998,0.6358142077948726
B-T-zscore,ALL_THREE_PRESPECIFIED_SEEDS_COMPLETED,V:0.3:middle,V,0.3,middle,1,703,728,0.9656593406593407,25,43,0.6132684170558608,0.6346937359832316
B-T-zscore,ALL_THREE_PRESPECIFIED_SEEDS_COMPLETED,V:0.3:back,V,0.3,back,1,703,728,0.9656593406593407,25,17,0.5918286157919018,0.6565257610332932
B-T-zscore,ALL_THREE_PRESPECIFIED_SEEDS_COMPLETED,V:0.3:back,V,0.3,back,1,703,728,0.9656593406593407,25,29,0.5932581274566998,0.6358142077948726
B-T-zscore,ALL_THREE_PRESPECIFIED_SEEDS_COMPLETED,V:0.3:back,V,0.3,back,1,703,728,0.9656593406593407,25,43,0.6132684170558608,0.6346937359832316
B-T-zscore,ALL_THREE_PRESPECIFIED_SEEDS_COMPLETED,V:0.3:random,V,0.3,random,3,703,728,0.9656593406593407,25,17,0.5918286157919018,0.6565257610332932
B-T-zscore,ALL_THREE_PRESPECIFIED_SEEDS_COMPLETED,V:0.3:random,V,0.3,random,3,703,728,0.9656593406593407,25,29,0.5932581274566998,0.6358142077948726
B-T-zscore,ALL_THREE_PRESPECIFIED_SEEDS_COMPLETED,V:0.3:random,V,0.3,random,3,703,728,0.9656593406593407,25,43,0.6132684170558608,0.6346937359832316
B-T-zscore,ALL_THREE_PRESPECIFIED_SEEDS_COMPLETED,V:0.5:front,V,0.5,front,1,703,728,0.9656593406593407,25,17,0.5918286157919018,0.6565257610332932
B-T-zscore,ALL_THREE_PRESPECIFIED_SEEDS_COMPLETED,V:0.5:front,V,0.5,front,1,703,728,0.9656593406593407,25,29,0.5932581274566998,0.6358142077948726
B-T-zscore,ALL_THREE_PRESPECIFIED_SEEDS_COMPLETED,V:0.5:front,V,0.5,front,1,703,728,0.9656593406593407,25,43,0.6132684170558608,0.6346937359832316
B-T-zscore,ALL_THREE_PRESPECIFIED_SEEDS_COMPLETED,V:0.5:middle,V,0.5,middle,1,703,728,0.9656593406593407,25,17,0.5918286157919018,0.6565257610332932
B-T-zscore,ALL_THREE_PRESPECIFIED_SEEDS_COMPLETED,V:0.5:middle,V,0.5,middle,1,703,728,0.9656593406593407,25,29,0.5932581274566998,0.6358142077948726
B-T-zscore,ALL_THREE_PRESPECIFIED_SEEDS_COMPLETED,V:0.5:middle,V,0.5,middle,1,703,728,0.9656593406593407,25,43,0.6132684170558608,0.6346937359832316
B-T-zscore,ALL_THREE_PRESPECIFIED_SEEDS_COMPLETED,V:0.5:back,V,0.5,back,1,703,728,0.9656593406593407,25,17,0.5918286157919018,0.6565257610332932
B-T-zscore,ALL_THREE_PRESPECIFIED_SEEDS_COMPLETED,V:0.5:back,V,0.5,back,1,703,728,0.9656593406593407,25,29,0.5932581274566998,0.6358142077948726
B-T-zscore,ALL_THREE_PRESPECIFIED_SEEDS_COMPLETED,V:0.5:back,V,0.5,back,1,703,728,0.9656593406593407,25,43,0.6132684170558608,0.6346937359832316
B-T-zscore,ALL_THREE_PRESPECIFIED_SEEDS_COMPLETED,V:0.5:random,V,0.5,random,3,703,728,0.9656593406593407,25,17,0.5918286157919018,0.6565257610332932
B-T-zscore,ALL_THREE_PRESPECIFIED_SEEDS_COMPLETED,V:0.5:random,V,0.5,random,3,703,728,0.9656593406593407,25,29,0.5932581274566998,0.6358142077948726
B-T-zscore,ALL_THREE_PRESPECIFIED_SEEDS_COMPLETED,V:0.5:random,V,0.5,random,3,703,728,0.9656593406593407,25,43,0.6132684170558608,0.6346937359832316
B-T-zscore,ALL_THREE_PRESPECIFIED_SEEDS_COMPLETED,V:0.7:front,V,0.7,front,1,694,728,0.9532967032967034,34,17,0.5918286157919018,0.6565257610332932
B-T-zscore,ALL_THREE_PRESPECIFIED_SEEDS_COMPLETED,V:0.7:front,V,0.7,front,1,694,728,0.9532967032967034,34,29,0.5932581274566998,0.6358142077948726
B-T-zscore,ALL_THREE_PRESPECIFIED_SEEDS_COMPLETED,V:0.7:front,V,0.7,front,1,694,728,0.9532967032967034,34,43,0.6132684170558608,0.6346937359832316
B-T-zscore,ALL_THREE_PRESPECIFIED_SEEDS_COMPLETED,V:0.7:middle,V,0.7,middle,1,694,728,0.9532967032967034,34,17,0.5918286157919018,0.6565257610332932
B-T-zscore,ALL_THREE_PRESPECIFIED_SEEDS_COMPLETED,V:0.7:middle,V,0.7,middle,1,694,728,0.9532967032967034,34,29,0.5932581274566998,0.6358142077948726
B-T-zscore,ALL_THREE_PRESPECIFIED_SEEDS_COMPLETED,V:0.7:middle,V,0.7,middle,1,694,728,0.9532967032967034,34,43,0.6132684170558608,0.6346937359832316
B-T-zscore,ALL_THREE_PRESPECIFIED_SEEDS_COMPLETED,V:0.7:back,V,0.7,back,1,694,728,0.9532967032967034,34,17,0.5918286157919018,0.6565257610332932
B-T-zscore,ALL_THREE_PRESPECIFIED_SEEDS_COMPLETED,V:0.7:back,V,0.7,back,1,694,728,0.9532967032967034,34,29,0.5932581274566998,0.6358142077948726
B-T-zscore,ALL_THREE_PRESPECIFIED_SEEDS_COMPLETED,V:0.7:back,V,0.7,back,1,694,728,0.9532967032967034,34,43,0.6132684170558608,0.6346937359832316
B-T-zscore,ALL_THREE_PRESPECIFIED_SEEDS_COMPLETED,V:0.7:random,V,0.7,random,3,694,728,0.9532967032967034,34,17,0.5918286157919018,0.6565257610332932
B-T-zscore,ALL_THREE_PRESPECIFIED_SEEDS_COMPLETED,V:0.7:random,V,0.7,random,3,694,728,0.9532967032967034,34,29,0.5932581274566998,0.6358142077948726
B-T-zscore,ALL_THREE_PRESPECIFIED_SEEDS_COMPLETED,V:0.7:random,V,0.7,random,3,694,728,0.9532967032967034,34,43,0.6132684170558608,0.6346937359832316
B-T-zscore,ALL_THREE_PRESPECIFIED_SEEDS_COMPLETED,TA:0.1:front,TA,0.1,front,1,724,728,0.9945054945054945,4,17,0.5842366114844549,0.6689306839719763
B-T-zscore,ALL_THREE_PRESPECIFIED_SEEDS_COMPLETED,TA:0.1:front,TA,0.1,front,1,724,728,0.9945054945054945,4,29,0.5827554889765149,0.643199564169793
B-T-zscore,ALL_THREE_PRESPECIFIED_SEEDS_COMPLETED,TA:0.1:front,TA,0.1,front,1,724,728,0.9945054945054945,4,43,0.5955911019378511,0.6396119329382111
B-T-zscore,ALL_THREE_PRESPECIFIED_SEEDS_COMPLETED,TA:0.1:middle,TA,0.1,middle,1,724,728,0.9945054945054945,4,17,0.5760991234399332,0.6553042102691456
B-T-zscore,ALL_THREE_PRESPECIFIED_SEEDS_COMPLETED,TA:0.1:middle,TA,0.1,middle,1,724,728,0.9945054945054945,4,29,0.5964508651969526,0.6392244271901091
B-T-zscore,ALL_THREE_PRESPECIFIED_SEEDS_COMPLETED,TA:0.1:middle,TA,0.1,middle,1,724,728,0.9945054945054945,4,43,0.6125390189645784,0.6365492662332074
B-T-zscore,ALL_THREE_PRESPECIFIED_SEEDS_COMPLETED,TA:0.1:back,TA,0.1,back,1,724,728,0.9945054945054945,4,17,0.5784038198149115,0.6854797264471187
B-T-zscore,ALL_THREE_PRESPECIFIED_SEEDS_COMPLETED,TA:0.1:back,TA,0.1,back,1,724,728,0.9945054945054945,4,29,0.561518978779434,0.6491655754840134
B-T-zscore,ALL_THREE_PRESPECIFIED_SEEDS_COMPLETED,TA:0.1:back,TA,0.1,back,1,724,728,0.9945054945054945,4,43,0.592322875180598,0.6426432885619451
B-T-zscore,ALL_THREE_PRESPECIFIED_SEEDS_COMPLETED,TA:0.1:random,TA,0.1,random,3,724,728,0.9945054945054945,4,17,0.5882871584878524,0.6589354191296529
B-T-zscore,ALL_THREE_PRESPECIFIED_SEEDS_COMPLETED,TA:0.1:random,TA,0.1,random,3,724,728,0.9945054945054945,4,29,0.585359327157473,0.6381727294089045
B-T-zscore,ALL_THREE_PRESPECIFIED_SEEDS_COMPLETED,TA:0.1:random,TA,0.1,random,3,724,728,0.9945054945054945,4,43,0.6104106977794923,0.6373103361361662
B-T-zscore,ALL_THREE_PRESPECIFIED_SEEDS_COMPLETED,TA:0.3:front,TA,0.3,front,1,724,728,0.9945054945054945,4,17,0.5774197254644182,0.6862344194937927
B-T-zscore,ALL_THREE_PRESPECIFIED_SEEDS_COMPLETED,TA:0.3:front,TA,0.3,front,1,724,728,0.9945054945054945,4,29,0.5751840441889955,0.6667193553737009
B-T-zscore,ALL_THREE_PRESPECIFIED_SEEDS_COMPLETED,TA:0.3:front,TA,0.3,front,1,724,728,0.9945054945054945,4,43,0.5940037255277121,0.6586062750359486
B-T-zscore,ALL_THREE_PRESPECIFIED_SEEDS_COMPLETED,TA:0.3:middle,TA,0.3,middle,1,724,728,0.9945054945054945,4,17,0.5933390697643395,0.6564167511494636
B-T-zscore,ALL_THREE_PRESPECIFIED_SEEDS_COMPLETED,TA:0.3:middle,TA,0.3,middle,1,724,728,0.9945054945054945,4,29,0.597747961366175,0.6456620651132563
B-T-zscore,ALL_THREE_PRESPECIFIED_SEEDS_COMPLETED,TA:0.3:middle,TA,0.3,middle,1,724,728,0.9945054945054945,4,43,0.5954371200344601,0.6441835617626746
B-T-zscore,ALL_THREE_PRESPECIFIED_SEEDS_COMPLETED,TA:0.3:back,TA,0.3,back,1,724,728,0.9945054945054945,4,17,0.5788060913511414,0.6971372286315782
B-T-zscore,ALL_THREE_PRESPECIFIED_SEEDS_COMPLETED,TA:0.3:back,TA,0.3,back,1,724,728,0.9945054945054945,4,29,0.5688430844304376,0.6549419314174524
B-T-zscore,ALL_THREE_PRESPECIFIED_SEEDS_COMPLETED,TA:0.3:back,TA,0.3,back,1,724,728,0.9945054945054945,4,43,0.5897467245349145,0.6555384689937844
B-T-zscore,ALL_THREE_PRESPECIFIED_SEEDS_COMPLETED,TA:0.3:random,TA,0.3,random,3,724,728,0.9945054945054945,4,17,0.5900898181211148,0.6659746593460436
B-T-zscore,ALL_THREE_PRESPECIFIED_SEEDS_COMPLETED,TA:0.3:random,TA,0.3,random,3,724,728,0.9945054945054945,4,29,0.587012454646978,0.6505582529758619
B-T-zscore,ALL_THREE_PRESPECIFIED_SEEDS_COMPLETED,TA:0.3:random,TA,0.3,random,3,724,728,0.9945054945054945,4,43,0.6038270525760561,0.6491179206767188
B-T-zscore,ALL_THREE_PRESPECIFIED_SEEDS_COMPLETED,TA:0.5:front,TA,0.5,front,1,724,728,0.9945054945054945,4,17,0.5753971721171952,0.7053487041029967
B-T-zscore,ALL_THREE_PRESPECIFIED_SEEDS_COMPLETED,TA:0.5:front,TA,0.5,front,1,724,728,0.9945054945054945,4,29,0.5616207595809013,0.677958949956759
B-T-zscore,ALL_THREE_PRESPECIFIED_SEEDS_COMPLETED,TA:0.5:front,TA,0.5,front,1,724,728,0.9945054945054945,4,43,0.5816191669335434,0.6714002348132083
B-T-zscore,ALL_THREE_PRESPECIFIED_SEEDS_COMPLETED,TA:0.5:middle,TA,0.5,middle,1,724,728,0.9945054945054945,4,17,0.5686271328665211,0.6668060514305151
B-T-zscore,ALL_THREE_PRESPECIFIED_SEEDS_COMPLETED,TA:0.5:middle,TA,0.5,middle,1,724,728,0.9945054945054945,4,29,0.5816566568920233,0.6575846290586844
B-T-zscore,ALL_THREE_PRESPECIFIED_SEEDS_COMPLETED,TA:0.5:middle,TA,0.5,middle,1,724,728,0.9945054945054945,4,43,0.5840295604680844,0.6592803964804561
B-T-zscore,ALL_THREE_PRESPECIFIED_SEEDS_COMPLETED,TA:0.5:back,TA,0.5,back,1,724,728,0.9945054945054945,4,17,0.5551459804883141,0.7183095317655038
B-T-zscore,ALL_THREE_PRESPECIFIED_SEEDS_COMPLETED,TA:0.5:back,TA,0.5,back,1,724,728,0.9945054945054945,4,29,0.546761532837604,0.6679210788359262
B-T-zscore,ALL_THREE_PRESPECIFIED_SEEDS_COMPLETED,TA:0.5:back,TA,0.5,back,1,724,728,0.9945054945054945,4,43,0.5615809632145945,0.6677272250871993
B-T-zscore,ALL_THREE_PRESPECIFIED_SEEDS_COMPLETED,TA:0.5:random,TA,0.5,random,3,724,728,0.9945054945054945,4,17,0.575119406436011,0.6832340903464628
B-T-zscore,ALL_THREE_PRESPECIFIED_SEEDS_COMPLETED,TA:0.5:random,TA,0.5,random,3,724,728,0.9945054945054945,4,29,0.5693987566140696,0.6707819059466957
B-T-zscore,ALL_THREE_PRESPECIFIED_SEEDS_COMPLETED,TA:0.5:random,TA,0.5,random,3,724,728,0.9945054945054945,4,43,0.5693462494506668,0.6645892947919573
B-T-zscore,ALL_THREE_PRESPECIFIED_SEEDS_COMPLETED,TA:0.7:front,TA,0.7,front,1,718,728,0.9862637362637363,10,17,0.5792476696368208,0.7302856904462205
B-T-zscore,ALL_THREE_PRESPECIFIED_SEEDS_COMPLETED,TA:0.7:front,TA,0.7,front,1,718,728,0.9862637362637363,10,29,0.5666068228366615,0.6907607943054984
B-T-zscore,ALL_THREE_PRESPECIFIED_SEEDS_COMPLETED,TA:0.7:front,TA,0.7,front,1,718,728,0.9862637362637363,10,43,0.5759464715033021,0.7054484526967056
B-T-zscore,ALL_THREE_PRESPECIFIED_SEEDS_COMPLETED,TA:0.7:middle,TA,0.7,middle,1,718,728,0.9862637362637363,10,17,0.5750873742218856,0.6787832387071231
B-T-zscore,ALL_THREE_PRESPECIFIED_SEEDS_COMPLETED,TA:0.7:middle,TA,0.7,middle,1,718,728,0.9862637362637363,10,29,0.5766327578151659,0.6777754607231415
B-T-zscore,ALL_THREE_PRESPECIFIED_SEEDS_COMPLETED,TA:0.7:middle,TA,0.7,middle,1,718,728,0.9862637362637363,10,43,0.600367066537456,0.6824378909491665
B-T-zscore,ALL_THREE_PRESPECIFIED_SEEDS_COMPLETED,TA:0.7:back,TA,0.7,back,1,718,728,0.9862637362637363,10,17,0.5308931824663913,0.7421540213377179
B-T-zscore,ALL_THREE_PRESPECIFIED_SEEDS_COMPLETED,TA:0.7:back,TA,0.7,back,1,718,728,0.9862637362637363,10,29,0.5397334025777334,0.6868274502626014
B-T-zscore,ALL_THREE_PRESPECIFIED_SEEDS_COMPLETED,TA:0.7:back,TA,0.7,back,1,718,728,0.9862637362637363,10,43,0.5473954576211303,0.6893514858336177
B-T-zscore,ALL_THREE_PRESPECIFIED_SEEDS_COMPLETED,TA:0.7:random,TA,0.7,random,3,718,728,0.9862637362637363,10,17,0.5459908600619952,0.7179031879653909
B-T-zscore,ALL_THREE_PRESPECIFIED_SEEDS_COMPLETED,TA:0.7:random,TA,0.7,random,3,718,728,0.9862637362637363,10,29,0.5445605915766585,0.6950054018175734
B-T-zscore,ALL_THREE_PRESPECIFIED_SEEDS_COMPLETED,TA:0.7:random,TA,0.7,random,3,718,728,0.9862637362637363,10,43,0.5594754692144205,0.7017453832738614
B-T-zscore,ALL_THREE_PRESPECIFIED_SEEDS_COMPLETED,TV:0.1:front,TV,0.1,front,1,703,728,0.9656593406593407,25,17,0.5862749925096421,0.6683576089044736
B-T-zscore,ALL_THREE_PRESPECIFIED_SEEDS_COMPLETED,TV:0.1:front,TV,0.1,front,1,703,728,0.9656593406593407,25,29,0.5848025131817441,0.6430834630084644
B-T-zscore,ALL_THREE_PRESPECIFIED_SEEDS_COMPLETED,TV:0.1:front,TV,0.1,front,1,703,728,0.9656593406593407,25,43,0.5971254392765264,0.6394083117840716
B-T-zscore,ALL_THREE_PRESPECIFIED_SEEDS_COMPLETED,TV:0.1:middle,TV,0.1,middle,1,703,728,0.9656593406593407,25,17,0.5780763024653307,0.656231878109463
B-T-zscore,ALL_THREE_PRESPECIFIED_SEEDS_COMPLETED,TV:0.1:middle,TV,0.1,middle,1,703,728,0.9656593406593407,25,29,0.5984631248045957,0.6397314643857369
B-T-zscore,ALL_THREE_PRESPECIFIED_SEEDS_COMPLETED,TV:0.1:middle,TV,0.1,middle,1,703,728,0.9656593406593407,25,43,0.615209938306058,0.6363985124851672
B-T-zscore,ALL_THREE_PRESPECIFIED_SEEDS_COMPLETED,TV:0.1:back,TV,0.1,back,1,703,728,0.9656593406593407,25,17,0.5813751016119256,0.685600644393132
B-T-zscore,ALL_THREE_PRESPECIFIED_SEEDS_COMPLETED,TV:0.1:back,TV,0.1,back,1,703,728,0.9656593406593407,25,29,0.5655960771359033,0.651200306283919
B-T-zscore,ALL_THREE_PRESPECIFIED_SEEDS_COMPLETED,TV:0.1:back,TV,0.1,back,1,703,728,0.9656593406593407,25,43,0.5913334906606703,0.6432397562540635
B-T-zscore,ALL_THREE_PRESPECIFIED_SEEDS_COMPLETED,TV:0.1:random,TV,0.1,random,3,703,728,0.9656593406593407,25,17,0.5841938614381719,0.6541398734481891
B-T-zscore,ALL_THREE_PRESPECIFIED_SEEDS_COMPLETED,TV:0.1:random,TV,0.1,random,3,703,728,0.9656593406593407,25,29,0.5879227931091116,0.6361855629160672
B-T-zscore,ALL_THREE_PRESPECIFIED_SEEDS_COMPLETED,TV:0.1:random,TV,0.1,random,3,703,728,0.9656593406593407,25,43,0.6030144889858238,0.6331593730274674
B-T-zscore,ALL_THREE_PRESPECIFIED_SEEDS_COMPLETED,TV:0.3:front,TV,0.3,front,1,703,728,0.9656593406593407,25,17,0.5794586938667929,0.6857026732196663
B-T-zscore,ALL_THREE_PRESPECIFIED_SEEDS_COMPLETED,TV:0.3:front,TV,0.3,front,1,703,728,0.9656593406593407,25,29,0.576139211140904,0.6644480156133036
B-T-zscore,ALL_THREE_PRESPECIFIED_SEEDS_COMPLETED,TV:0.3:front,TV,0.3,front,1,703,728,0.9656593406593407,25,43,0.5948303850168332,0.6583388290460129
B-T-zscore,ALL_THREE_PRESPECIFIED_SEEDS_COMPLETED,TV:0.3:middle,TV,0.3,middle,1,703,728,0.9656593406593407,25,17,0.5954502511653269,0.6556857831713457
B-T-zscore,ALL_THREE_PRESPECIFIED_SEEDS_COMPLETED,TV:0.3:middle,TV,0.3,middle,1,703,728,0.9656593406593407,25,29,0.5976721341275835,0.6420500427115118
B-T-zscore,ALL_THREE_PRESPECIFIED_SEEDS_COMPLETED,TV:0.3:middle,TV,0.3,middle,1,703,728,0.9656593406593407,25,43,0.5980702184824059,0.6440309890495373
B-T-zscore,ALL_THREE_PRESPECIFIED_SEEDS_COMPLETED,TV:0.3:back,TV,0.3,back,1,703,728,0.9656593406593407,25,17,0.5781850999242304,0.6955564541801053
B-T-zscore,ALL_THREE_PRESPECIFIED_SEEDS_COMPLETED,TV:0.3:back,TV,0.3,back,1,703,728,0.9656593406593407,25,29,0.5702286543602046,0.6553407835468373
B-T-zscore,ALL_THREE_PRESPECIFIED_SEEDS_COMPLETED,TV:0.3:back,TV,0.3,back,1,703,728,0.9656593406593407,25,43,0.5876283857930007,0.6561007722161626
B-T-zscore,ALL_THREE_PRESPECIFIED_SEEDS_COMPLETED,TV:0.3:random,TV,0.3,random,3,703,728,0.9656593406593407,25,17,0.5860600431438595,0.6722443389625612
B-T-zscore,ALL_THREE_PRESPECIFIED_SEEDS_COMPLETED,TV:0.3:random,TV,0.3,random,3,703,728,0.9656593406593407,25,29,0.5805674881849895,0.6489105136885313
B-T-zscore,ALL_THREE_PRESPECIFIED_SEEDS_COMPLETED,TV:0.3:random,TV,0.3,random,3,703,728,0.9656593406593407,25,43,0.598422053240245,0.6506500766895525
B-T-zscore,ALL_THREE_PRESPECIFIED_SEEDS_COMPLETED,TV:0.5:front,TV,0.5,front,1,703,728,0.9656593406593407,25,17,0.575500989292326,0.7077106416518391
B-T-zscore,ALL_THREE_PRESPECIFIED_SEEDS_COMPLETED,TV:0.5:front,TV,0.5,front,1,703,728,0.9656593406593407,25,29,0.5634312202213437,0.6765281996247743
B-T-zscore,ALL_THREE_PRESPECIFIED_SEEDS_COMPLETED,TV:0.5:front,TV,0.5,front,1,703,728,0.9656593406593407,25,43,0.579899469953305,0.6709564728189035
B-T-zscore,ALL_THREE_PRESPECIFIED_SEEDS_COMPLETED,TV:0.5:middle,TV,0.5,middle,1,703,728,0.9656593406593407,25,17,0.5718956633758682,0.6703461184838638
B-T-zscore,ALL_THREE_PRESPECIFIED_SEEDS_COMPLETED,TV:0.5:middle,TV,0.5,middle,1,703,728,0.9656593406593407,25,29,0.5837073956347518,0.6562157430888185
B-T-zscore,ALL_THREE_PRESPECIFIED_SEEDS_COMPLETED,TV:0.5:middle,TV,0.5,middle,1,703,728,0.9656593406593407,25,43,0.5862530086940858,0.6596509828647997
B-T-zscore,ALL_THREE_PRESPECIFIED_SEEDS_COMPLETED,TV:0.5:back,TV,0.5,back,1,703,728,0.9656593406593407,25,17,0.5615709492327896,0.7147455010556739
B-T-zscore,ALL_THREE_PRESPECIFIED_SEEDS_COMPLETED,TV:0.5:back,TV,0.5,back,1,703,728,0.9656593406593407,25,29,0.5564119210832933,0.6634980249109903
B-T-zscore,ALL_THREE_PRESPECIFIED_SEEDS_COMPLETED,TV:0.5:back,TV,0.5,back,1,703,728,0.9656593406593407,25,43,0.5663811408531528,0.6643627545812966
B-T-zscore,ALL_THREE_PRESPECIFIED_SEEDS_COMPLETED,TV:0.5:random,TV,0.5,random,3,703,728,0.9656593406593407,25,17,0.5749392431684219,0.681450960872025
B-T-zscore,ALL_THREE_PRESPECIFIED_SEEDS_COMPLETED,TV:0.5:random,TV,0.5,random,3,703,728,0.9656593406593407,25,29,0.5822476458798129,0.6590642195052959
B-T-zscore,ALL_THREE_PRESPECIFIED_SEEDS_COMPLETED,TV:0.5:random,TV,0.5,random,3,703,728,0.9656593406593407,25,43,0.5759750399835526,0.6636583197204888
B-T-zscore,ALL_THREE_PRESPECIFIED_SEEDS_COMPLETED,TV:0.7:front,TV,0.7,front,1,694,728,0.9532967032967034,34,17,0.5780018050898929,0.7303053182332295
B-T-zscore,ALL_THREE_PRESPECIFIED_SEEDS_COMPLETED,TV:0.7:front,TV,0.7,front,1,694,728,0.9532967032967034,34,29,0.5647873381930878,0.6871170817994625
B-T-zscore,ALL_THREE_PRESPECIFIED_SEEDS_COMPLETED,TV:0.7:front,TV,0.7,front,1,694,728,0.9532967032967034,34,43,0.5807442149797701,0.706512420821697
B-T-zscore,ALL_THREE_PRESPECIFIED_SEEDS_COMPLETED,TV:0.7:middle,TV,0.7,middle,1,694,728,0.9532967032967034,34,17,0.5787111337273783,0.6797392171002274
B-T-zscore,ALL_THREE_PRESPECIFIED_SEEDS_COMPLETED,TV:0.7:middle,TV,0.7,middle,1,694,728,0.9532967032967034,34,29,0.5793569427832256,0.6742061017320049
B-T-zscore,ALL_THREE_PRESPECIFIED_SEEDS_COMPLETED,TV:0.7:middle,TV,0.7,middle,1,694,728,0.9532967032967034,34,43,0.6062913134729125,0.6820710724541741
B-T-zscore,ALL_THREE_PRESPECIFIED_SEEDS_COMPLETED,TV:0.7:back,TV,0.7,back,1,694,728,0.9532967032967034,34,17,0.5338477254616979,0.7404911650730435
B-T-zscore,ALL_THREE_PRESPECIFIED_SEEDS_COMPLETED,TV:0.7:back,TV,0.7,back,1,694,728,0.9532967032967034,34,29,0.5493552284104989,0.6815775273082161
B-T-zscore,ALL_THREE_PRESPECIFIED_SEEDS_COMPLETED,TV:0.7:back,TV,0.7,back,1,694,728,0.9532967032967034,34,43,0.5511305902391491,0.6863009074509686
B-T-zscore,ALL_THREE_PRESPECIFIED_SEEDS_COMPLETED,TV:0.7:random,TV,0.7,random,3,694,728,0.9532967032967034,34,17,0.5597483187440568,0.7059496996800402
B-T-zscore,ALL_THREE_PRESPECIFIED_SEEDS_COMPLETED,TV:0.7:random,TV,0.7,random,3,694,728,0.9532967032967034,34,29,0.5626813498074283,0.6897634166774073
B-T-zscore,ALL_THREE_PRESPECIFIED_SEEDS_COMPLETED,TV:0.7:random,TV,0.7,random,3,694,728,0.9532967032967034,34,43,0.5791674424626961,0.6958427394132833
B-T-zscore,ALL_THREE_PRESPECIFIED_SEEDS_COMPLETED,AV:0.1:front,AV,0.1,front,1,703,728,0.9656593406593407,25,17,0.5918286157919018,0.6565257610332932
B-T-zscore,ALL_THREE_PRESPECIFIED_SEEDS_COMPLETED,AV:0.1:front,AV,0.1,front,1,703,728,0.9656593406593407,25,29,0.5932581274566998,0.6358142077948726
B-T-zscore,ALL_THREE_PRESPECIFIED_SEEDS_COMPLETED,AV:0.1:front,AV,0.1,front,1,703,728,0.9656593406593407,25,43,0.6132684170558608,0.6346937359832316
B-T-zscore,ALL_THREE_PRESPECIFIED_SEEDS_COMPLETED,AV:0.1:middle,AV,0.1,middle,1,703,728,0.9656593406593407,25,17,0.5918286157919018,0.6565257610332932
B-T-zscore,ALL_THREE_PRESPECIFIED_SEEDS_COMPLETED,AV:0.1:middle,AV,0.1,middle,1,703,728,0.9656593406593407,25,29,0.5932581274566998,0.6358142077948726
B-T-zscore,ALL_THREE_PRESPECIFIED_SEEDS_COMPLETED,AV:0.1:middle,AV,0.1,middle,1,703,728,0.9656593406593407,25,43,0.6132684170558608,0.6346937359832316
B-T-zscore,ALL_THREE_PRESPECIFIED_SEEDS_COMPLETED,AV:0.1:back,AV,0.1,back,1,703,728,0.9656593406593407,25,17,0.5918286157919018,0.6565257610332932
B-T-zscore,ALL_THREE_PRESPECIFIED_SEEDS_COMPLETED,AV:0.1:back,AV,0.1,back,1,703,728,0.9656593406593407,25,29,0.5932581274566998,0.6358142077948726
B-T-zscore,ALL_THREE_PRESPECIFIED_SEEDS_COMPLETED,AV:0.1:back,AV,0.1,back,1,703,728,0.9656593406593407,25,43,0.6132684170558608,0.6346937359832316
B-T-zscore,ALL_THREE_PRESPECIFIED_SEEDS_COMPLETED,AV:0.1:random,AV,0.1,random,3,703,728,0.9656593406593407,25,17,0.5918286157919018,0.6565257610332932
B-T-zscore,ALL_THREE_PRESPECIFIED_SEEDS_COMPLETED,AV:0.1:random,AV,0.1,random,3,703,728,0.9656593406593407,25,29,0.5932581274566998,0.6358142077948726
B-T-zscore,ALL_THREE_PRESPECIFIED_SEEDS_COMPLETED,AV:0.1:random,AV,0.1,random,3,703,728,0.9656593406593407,25,43,0.6132684170558608,0.6346937359832316
B-T-zscore,ALL_THREE_PRESPECIFIED_SEEDS_COMPLETED,AV:0.3:front,AV,0.3,front,1,703,728,0.9656593406593407,25,17,0.5918286157919018,0.6565257610332932
B-T-zscore,ALL_THREE_PRESPECIFIED_SEEDS_COMPLETED,AV:0.3:front,AV,0.3,front,1,703,728,0.9656593406593407,25,29,0.5932581274566998,0.6358142077948726
B-T-zscore,ALL_THREE_PRESPECIFIED_SEEDS_COMPLETED,AV:0.3:front,AV,0.3,front,1,703,728,0.9656593406593407,25,43,0.6132684170558608,0.6346937359832316
B-T-zscore,ALL_THREE_PRESPECIFIED_SEEDS_COMPLETED,AV:0.3:middle,AV,0.3,middle,1,703,728,0.9656593406593407,25,17,0.5918286157919018,0.6565257610332932
B-T-zscore,ALL_THREE_PRESPECIFIED_SEEDS_COMPLETED,AV:0.3:middle,AV,0.3,middle,1,703,728,0.9656593406593407,25,29,0.5932581274566998,0.6358142077948726
B-T-zscore,ALL_THREE_PRESPECIFIED_SEEDS_COMPLETED,AV:0.3:middle,AV,0.3,middle,1,703,728,0.9656593406593407,25,43,0.6132684170558608,0.6346937359832316
B-T-zscore,ALL_THREE_PRESPECIFIED_SEEDS_COMPLETED,AV:0.3:back,AV,0.3,back,1,703,728,0.9656593406593407,25,17,0.5918286157919018,0.6565257610332932
B-T-zscore,ALL_THREE_PRESPECIFIED_SEEDS_COMPLETED,AV:0.3:back,AV,0.3,back,1,703,728,0.9656593406593407,25,29,0.5932581274566998,0.6358142077948726
B-T-zscore,ALL_THREE_PRESPECIFIED_SEEDS_COMPLETED,AV:0.3:back,AV,0.3,back,1,703,728,0.9656593406593407,25,43,0.6132684170558608,0.6346937359832316
B-T-zscore,ALL_THREE_PRESPECIFIED_SEEDS_COMPLETED,AV:0.3:random,AV,0.3,random,3,703,728,0.9656593406593407,25,17,0.5918286157919018,0.6565257610332932
B-T-zscore,ALL_THREE_PRESPECIFIED_SEEDS_COMPLETED,AV:0.3:random,AV,0.3,random,3,703,728,0.9656593406593407,25,29,0.5932581274566998,0.6358142077948726
B-T-zscore,ALL_THREE_PRESPECIFIED_SEEDS_COMPLETED,AV:0.3:random,AV,0.3,random,3,703,728,0.9656593406593407,25,43,0.6132684170558608,0.6346937359832316
B-T-zscore,ALL_THREE_PRESPECIFIED_SEEDS_COMPLETED,AV:0.5:front,AV,0.5,front,1,703,728,0.9656593406593407,25,17,0.5918286157919018,0.6565257610332932
B-T-zscore,ALL_THREE_PRESPECIFIED_SEEDS_COMPLETED,AV:0.5:front,AV,0.5,front,1,703,728,0.9656593406593407,25,29,0.5932581274566998,0.6358142077948726
B-T-zscore,ALL_THREE_PRESPECIFIED_SEEDS_COMPLETED,AV:0.5:front,AV,0.5,front,1,703,728,0.9656593406593407,25,43,0.6132684170558608,0.6346937359832316
B-T-zscore,ALL_THREE_PRESPECIFIED_SEEDS_COMPLETED,AV:0.5:middle,AV,0.5,middle,1,703,728,0.9656593406593407,25,17,0.5918286157919018,0.6565257610332932
B-T-zscore,ALL_THREE_PRESPECIFIED_SEEDS_COMPLETED,AV:0.5:middle,AV,0.5,middle,1,703,728,0.9656593406593407,25,29,0.5932581274566998,0.6358142077948726
B-T-zscore,ALL_THREE_PRESPECIFIED_SEEDS_COMPLETED,AV:0.5:middle,AV,0.5,middle,1,703,728,0.9656593406593407,25,43,0.6132684170558608,0.6346937359832316
B-T-zscore,ALL_THREE_PRESPECIFIED_SEEDS_COMPLETED,AV:0.5:back,AV,0.5,back,1,703,728,0.9656593406593407,25,17,0.5918286157919018,0.6565257610332932
B-T-zscore,ALL_THREE_PRESPECIFIED_SEEDS_COMPLETED,AV:0.5:back,AV,0.5,back,1,703,728,0.9656593406593407,25,29,0.5932581274566998,0.6358142077948726
B-T-zscore,ALL_THREE_PRESPECIFIED_SEEDS_COMPLETED,AV:0.5:back,AV,0.5,back,1,703,728,0.9656593406593407,25,43,0.6132684170558608,0.6346937359832316
B-T-zscore,ALL_THREE_PRESPECIFIED_SEEDS_COMPLETED,AV:0.5:random,AV,0.5,random,3,703,728,0.9656593406593407,25,17,0.5918286157919018,0.6565257610332932
B-T-zscore,ALL_THREE_PRESPECIFIED_SEEDS_COMPLETED,AV:0.5:random,AV,0.5,random,3,703,728,0.9656593406593407,25,29,0.5932581274566998,0.6358142077948726
B-T-zscore,ALL_THREE_PRESPECIFIED_SEEDS_COMPLETED,AV:0.5:random,AV,0.5,random,3,703,728,0.9656593406593407,25,43,0.6132684170558608,0.6346937359832316
B-T-zscore,ALL_THREE_PRESPECIFIED_SEEDS_COMPLETED,AV:0.7:front,AV,0.7,front,1,694,728,0.9532967032967034,34,17,0.5918286157919018,0.6565257610332932
B-T-zscore,ALL_THREE_PRESPECIFIED_SEEDS_COMPLETED,AV:0.7:front,AV,0.7,front,1,694,728,0.9532967032967034,34,29,0.5932581274566998,0.6358142077948726
B-T-zscore,ALL_THREE_PRESPECIFIED_SEEDS_COMPLETED,AV:0.7:front,AV,0.7,front,1,694,728,0.9532967032967034,34,43,0.6132684170558608,0.6346937359832316
B-T-zscore,ALL_THREE_PRESPECIFIED_SEEDS_COMPLETED,AV:0.7:middle,AV,0.7,middle,1,694,728,0.9532967032967034,34,17,0.5918286157919018,0.6565257610332932
B-T-zscore,ALL_THREE_PRESPECIFIED_SEEDS_COMPLETED,AV:0.7:middle,AV,0.7,middle,1,694,728,0.9532967032967034,34,29,0.5932581274566998,0.6358142077948726
B-T-zscore,ALL_THREE_PRESPECIFIED_SEEDS_COMPLETED,AV:0.7:middle,AV,0.7,middle,1,694,728,0.9532967032967034,34,43,0.6132684170558608,0.6346937359832316
B-T-zscore,ALL_THREE_PRESPECIFIED_SEEDS_COMPLETED,AV:0.7:back,AV,0.7,back,1,694,728,0.9532967032967034,34,17,0.5918286157919018,0.6565257610332932
B-T-zscore,ALL_THREE_PRESPECIFIED_SEEDS_COMPLETED,AV:0.7:back,AV,0.7,back,1,694,728,0.9532967032967034,34,29,0.5932581274566998,0.6358142077948726
B-T-zscore,ALL_THREE_PRESPECIFIED_SEEDS_COMPLETED,AV:0.7:back,AV,0.7,back,1,694,728,0.9532967032967034,34,43,0.6132684170558608,0.6346937359832316
B-T-zscore,ALL_THREE_PRESPECIFIED_SEEDS_COMPLETED,AV:0.7:random,AV,0.7,random,3,694,728,0.9532967032967034,34,17,0.5918286157919018,0.6565257610332932
B-T-zscore,ALL_THREE_PRESPECIFIED_SEEDS_COMPLETED,AV:0.7:random,AV,0.7,random,3,694,728,0.9532967032967034,34,29,0.5932581274566998,0.6358142077948726
B-T-zscore,ALL_THREE_PRESPECIFIED_SEEDS_COMPLETED,AV:0.7:random,AV,0.7,random,3,694,728,0.9532967032967034,34,43,0.6132684170558608,0.6346937359832316
B-V-identity,ALL_THREE_PRESPECIFIED_SEEDS_COMPLETED,T:0.1:front,T,0.1,front,1,728,728,1.0,0,17,0.37147686010083597,0.789320988586981
B-V-identity,ALL_THREE_PRESPECIFIED_SEEDS_COMPLETED,T:0.1:front,T,0.1,front,1,728,728,1.0,0,29,0.3534081312391026,0.7920545889051877
B-V-identity,ALL_THREE_PRESPECIFIED_SEEDS_COMPLETED,T:0.1:front,T,0.1,front,1,728,728,1.0,0,43,0.37325908057615376,0.7837403899618068
B-V-identity,ALL_THREE_PRESPECIFIED_SEEDS_COMPLETED,T:0.1:middle,T,0.1,middle,1,728,728,1.0,0,17,0.37147686010083597,0.789320988586981
B-V-identity,ALL_THREE_PRESPECIFIED_SEEDS_COMPLETED,T:0.1:middle,T,0.1,middle,1,728,728,1.0,0,29,0.3534081312391026,0.7920545889051877
B-V-identity,ALL_THREE_PRESPECIFIED_SEEDS_COMPLETED,T:0.1:middle,T,0.1,middle,1,728,728,1.0,0,43,0.37325908057615376,0.7837403899618068
B-V-identity,ALL_THREE_PRESPECIFIED_SEEDS_COMPLETED,T:0.1:back,T,0.1,back,1,728,728,1.0,0,17,0.37147686010083597,0.789320988586981
B-V-identity,ALL_THREE_PRESPECIFIED_SEEDS_COMPLETED,T:0.1:back,T,0.1,back,1,728,728,1.0,0,29,0.3534081312391026,0.7920545889051877
B-V-identity,ALL_THREE_PRESPECIFIED_SEEDS_COMPLETED,T:0.1:back,T,0.1,back,1,728,728,1.0,0,43,0.37325908057615376,0.7837403899618068
B-V-identity,ALL_THREE_PRESPECIFIED_SEEDS_COMPLETED,T:0.1:random,T,0.1,random,3,728,728,1.0,0,17,0.37147686010083597,0.7893209885869809
B-V-identity,ALL_THREE_PRESPECIFIED_SEEDS_COMPLETED,T:0.1:random,T,0.1,random,3,728,728,1.0,0,29,0.3534081312391026,0.7920545889051877
B-V-identity,ALL_THREE_PRESPECIFIED_SEEDS_COMPLETED,T:0.1:random,T,0.1,random,3,728,728,1.0,0,43,0.37325908057615376,0.7837403899618068
B-V-identity,ALL_THREE_PRESPECIFIED_SEEDS_COMPLETED,T:0.3:front,T,0.3,front,1,728,728,1.0,0,17,0.37147686010083597,0.789320988586981
B-V-identity,ALL_THREE_PRESPECIFIED_SEEDS_COMPLETED,T:0.3:front,T,0.3,front,1,728,728,1.0,0,29,0.3534081312391026,0.7920545889051877
B-V-identity,ALL_THREE_PRESPECIFIED_SEEDS_COMPLETED,T:0.3:front,T,0.3,front,1,728,728,1.0,0,43,0.37325908057615376,0.7837403899618068
B-V-identity,ALL_THREE_PRESPECIFIED_SEEDS_COMPLETED,T:0.3:middle,T,0.3,middle,1,728,728,1.0,0,17,0.37147686010083597,0.789320988586981
B-V-identity,ALL_THREE_PRESPECIFIED_SEEDS_COMPLETED,T:0.3:middle,T,0.3,middle,1,728,728,1.0,0,29,0.3534081312391026,0.7920545889051877
B-V-identity,ALL_THREE_PRESPECIFIED_SEEDS_COMPLETED,T:0.3:middle,T,0.3,middle,1,728,728,1.0,0,43,0.37325908057615376,0.7837403899618068
B-V-identity,ALL_THREE_PRESPECIFIED_SEEDS_COMPLETED,T:0.3:back,T,0.3,back,1,728,728,1.0,0,17,0.37147686010083597,0.789320988586981
B-V-identity,ALL_THREE_PRESPECIFIED_SEEDS_COMPLETED,T:0.3:back,T,0.3,back,1,728,728,1.0,0,29,0.3534081312391026,0.7920545889051877
B-V-identity,ALL_THREE_PRESPECIFIED_SEEDS_COMPLETED,T:0.3:back,T,0.3,back,1,728,728,1.0,0,43,0.37325908057615376,0.7837403899618068
B-V-identity,ALL_THREE_PRESPECIFIED_SEEDS_COMPLETED,T:0.3:random,T,0.3,random,3,728,728,1.0,0,17,0.37147686010083597,0.7893209885869809
B-V-identity,ALL_THREE_PRESPECIFIED_SEEDS_COMPLETED,T:0.3:random,T,0.3,random,3,728,728,1.0,0,29,0.3534081312391026,0.7920545889051877
B-V-identity,ALL_THREE_PRESPECIFIED_SEEDS_COMPLETED,T:0.3:random,T,0.3,random,3,728,728,1.0,0,43,0.37325908057615376,0.7837403899618068
B-V-identity,ALL_THREE_PRESPECIFIED_SEEDS_COMPLETED,T:0.5:front,T,0.5,front,1,728,728,1.0,0,17,0.37147686010083597,0.789320988586981
B-V-identity,ALL_THREE_PRESPECIFIED_SEEDS_COMPLETED,T:0.5:front,T,0.5,front,1,728,728,1.0,0,29,0.3534081312391026,0.7920545889051877
B-V-identity,ALL_THREE_PRESPECIFIED_SEEDS_COMPLETED,T:0.5:front,T,0.5,front,1,728,728,1.0,0,43,0.37325908057615376,0.7837403899618068
B-V-identity,ALL_THREE_PRESPECIFIED_SEEDS_COMPLETED,T:0.5:middle,T,0.5,middle,1,728,728,1.0,0,17,0.37147686010083597,0.789320988586981
B-V-identity,ALL_THREE_PRESPECIFIED_SEEDS_COMPLETED,T:0.5:middle,T,0.5,middle,1,728,728,1.0,0,29,0.3534081312391026,0.7920545889051877
B-V-identity,ALL_THREE_PRESPECIFIED_SEEDS_COMPLETED,T:0.5:middle,T,0.5,middle,1,728,728,1.0,0,43,0.37325908057615376,0.7837403899618068
B-V-identity,ALL_THREE_PRESPECIFIED_SEEDS_COMPLETED,T:0.5:back,T,0.5,back,1,728,728,1.0,0,17,0.37147686010083597,0.789320988586981
B-V-identity,ALL_THREE_PRESPECIFIED_SEEDS_COMPLETED,T:0.5:back,T,0.5,back,1,728,728,1.0,0,29,0.3534081312391026,0.7920545889051877
B-V-identity,ALL_THREE_PRESPECIFIED_SEEDS_COMPLETED,T:0.5:back,T,0.5,back,1,728,728,1.0,0,43,0.37325908057615376,0.7837403899618068
B-V-identity,ALL_THREE_PRESPECIFIED_SEEDS_COMPLETED,T:0.5:random,T,0.5,random,3,728,728,1.0,0,17,0.37147686010083597,0.7893209885869809
B-V-identity,ALL_THREE_PRESPECIFIED_SEEDS_COMPLETED,T:0.5:random,T,0.5,random,3,728,728,1.0,0,29,0.3534081312391026,0.7920545889051877
B-V-identity,ALL_THREE_PRESPECIFIED_SEEDS_COMPLETED,T:0.5:random,T,0.5,random,3,728,728,1.0,0,43,0.37325908057615376,0.7837403899618068
B-V-identity,ALL_THREE_PRESPECIFIED_SEEDS_COMPLETED,T:0.7:front,T,0.7,front,1,728,728,1.0,0,17,0.37147686010083597,0.789320988586981
B-V-identity,ALL_THREE_PRESPECIFIED_SEEDS_COMPLETED,T:0.7:front,T,0.7,front,1,728,728,1.0,0,29,0.3534081312391026,0.7920545889051877
B-V-identity,ALL_THREE_PRESPECIFIED_SEEDS_COMPLETED,T:0.7:front,T,0.7,front,1,728,728,1.0,0,43,0.37325908057615376,0.7837403899618068
B-V-identity,ALL_THREE_PRESPECIFIED_SEEDS_COMPLETED,T:0.7:middle,T,0.7,middle,1,728,728,1.0,0,17,0.37147686010083597,0.789320988586981
B-V-identity,ALL_THREE_PRESPECIFIED_SEEDS_COMPLETED,T:0.7:middle,T,0.7,middle,1,728,728,1.0,0,29,0.3534081312391026,0.7920545889051877
B-V-identity,ALL_THREE_PRESPECIFIED_SEEDS_COMPLETED,T:0.7:middle,T,0.7,middle,1,728,728,1.0,0,43,0.37325908057615376,0.7837403899618068
B-V-identity,ALL_THREE_PRESPECIFIED_SEEDS_COMPLETED,T:0.7:back,T,0.7,back,1,728,728,1.0,0,17,0.37147686010083597,0.789320988586981
B-V-identity,ALL_THREE_PRESPECIFIED_SEEDS_COMPLETED,T:0.7:back,T,0.7,back,1,728,728,1.0,0,29,0.3534081312391026,0.7920545889051877
B-V-identity,ALL_THREE_PRESPECIFIED_SEEDS_COMPLETED,T:0.7:back,T,0.7,back,1,728,728,1.0,0,43,0.37325908057615376,0.7837403899618068
B-V-identity,ALL_THREE_PRESPECIFIED_SEEDS_COMPLETED,T:0.7:random,T,0.7,random,3,728,728,1.0,0,17,0.37147686010083597,0.7893209885869809
B-V-identity,ALL_THREE_PRESPECIFIED_SEEDS_COMPLETED,T:0.7:random,T,0.7,random,3,728,728,1.0,0,29,0.3534081312391026,0.7920545889051877
B-V-identity,ALL_THREE_PRESPECIFIED_SEEDS_COMPLETED,T:0.7:random,T,0.7,random,3,728,728,1.0,0,43,0.37325908057615376,0.7837403899618068
B-V-identity,ALL_THREE_PRESPECIFIED_SEEDS_COMPLETED,A:0.1:front,A,0.1,front,1,724,728,0.9945054945054945,4,17,0.37147686010083597,0.789320988586981
B-V-identity,ALL_THREE_PRESPECIFIED_SEEDS_COMPLETED,A:0.1:front,A,0.1,front,1,724,728,0.9945054945054945,4,29,0.3534081312391026,0.7920545889051877
B-V-identity,ALL_THREE_PRESPECIFIED_SEEDS_COMPLETED,A:0.1:front,A,0.1,front,1,724,728,0.9945054945054945,4,43,0.37325908057615376,0.7837403899618068
B-V-identity,ALL_THREE_PRESPECIFIED_SEEDS_COMPLETED,A:0.1:middle,A,0.1,middle,1,724,728,0.9945054945054945,4,17,0.37147686010083597,0.789320988586981
B-V-identity,ALL_THREE_PRESPECIFIED_SEEDS_COMPLETED,A:0.1:middle,A,0.1,middle,1,724,728,0.9945054945054945,4,29,0.3534081312391026,0.7920545889051877
B-V-identity,ALL_THREE_PRESPECIFIED_SEEDS_COMPLETED,A:0.1:middle,A,0.1,middle,1,724,728,0.9945054945054945,4,43,0.37325908057615376,0.7837403899618068
B-V-identity,ALL_THREE_PRESPECIFIED_SEEDS_COMPLETED,A:0.1:back,A,0.1,back,1,724,728,0.9945054945054945,4,17,0.37147686010083597,0.789320988586981
B-V-identity,ALL_THREE_PRESPECIFIED_SEEDS_COMPLETED,A:0.1:back,A,0.1,back,1,724,728,0.9945054945054945,4,29,0.3534081312391026,0.7920545889051877
B-V-identity,ALL_THREE_PRESPECIFIED_SEEDS_COMPLETED,A:0.1:back,A,0.1,back,1,724,728,0.9945054945054945,4,43,0.37325908057615376,0.7837403899618068
B-V-identity,ALL_THREE_PRESPECIFIED_SEEDS_COMPLETED,A:0.1:random,A,0.1,random,3,724,728,0.9945054945054945,4,17,0.37147686010083597,0.7893209885869809
B-V-identity,ALL_THREE_PRESPECIFIED_SEEDS_COMPLETED,A:0.1:random,A,0.1,random,3,724,728,0.9945054945054945,4,29,0.3534081312391026,0.7920545889051877
B-V-identity,ALL_THREE_PRESPECIFIED_SEEDS_COMPLETED,A:0.1:random,A,0.1,random,3,724,728,0.9945054945054945,4,43,0.37325908057615376,0.7837403899618068
B-V-identity,ALL_THREE_PRESPECIFIED_SEEDS_COMPLETED,A:0.3:front,A,0.3,front,1,724,728,0.9945054945054945,4,17,0.37147686010083597,0.789320988586981
B-V-identity,ALL_THREE_PRESPECIFIED_SEEDS_COMPLETED,A:0.3:front,A,0.3,front,1,724,728,0.9945054945054945,4,29,0.3534081312391026,0.7920545889051877
B-V-identity,ALL_THREE_PRESPECIFIED_SEEDS_COMPLETED,A:0.3:front,A,0.3,front,1,724,728,0.9945054945054945,4,43,0.37325908057615376,0.7837403899618068
B-V-identity,ALL_THREE_PRESPECIFIED_SEEDS_COMPLETED,A:0.3:middle,A,0.3,middle,1,724,728,0.9945054945054945,4,17,0.37147686010083597,0.789320988586981
B-V-identity,ALL_THREE_PRESPECIFIED_SEEDS_COMPLETED,A:0.3:middle,A,0.3,middle,1,724,728,0.9945054945054945,4,29,0.3534081312391026,0.7920545889051877
B-V-identity,ALL_THREE_PRESPECIFIED_SEEDS_COMPLETED,A:0.3:middle,A,0.3,middle,1,724,728,0.9945054945054945,4,43,0.37325908057615376,0.7837403899618068
B-V-identity,ALL_THREE_PRESPECIFIED_SEEDS_COMPLETED,A:0.3:back,A,0.3,back,1,724,728,0.9945054945054945,4,17,0.37147686010083597,0.789320988586981
B-V-identity,ALL_THREE_PRESPECIFIED_SEEDS_COMPLETED,A:0.3:back,A,0.3,back,1,724,728,0.9945054945054945,4,29,0.3534081312391026,0.7920545889051877
B-V-identity,ALL_THREE_PRESPECIFIED_SEEDS_COMPLETED,A:0.3:back,A,0.3,back,1,724,728,0.9945054945054945,4,43,0.37325908057615376,0.7837403899618068
B-V-identity,ALL_THREE_PRESPECIFIED_SEEDS_COMPLETED,A:0.3:random,A,0.3,random,3,724,728,0.9945054945054945,4,17,0.37147686010083597,0.7893209885869809
B-V-identity,ALL_THREE_PRESPECIFIED_SEEDS_COMPLETED,A:0.3:random,A,0.3,random,3,724,728,0.9945054945054945,4,29,0.3534081312391026,0.7920545889051877
B-V-identity,ALL_THREE_PRESPECIFIED_SEEDS_COMPLETED,A:0.3:random,A,0.3,random,3,724,728,0.9945054945054945,4,43,0.37325908057615376,0.7837403899618068
B-V-identity,ALL_THREE_PRESPECIFIED_SEEDS_COMPLETED,A:0.5:front,A,0.5,front,1,724,728,0.9945054945054945,4,17,0.37147686010083597,0.789320988586981
B-V-identity,ALL_THREE_PRESPECIFIED_SEEDS_COMPLETED,A:0.5:front,A,0.5,front,1,724,728,0.9945054945054945,4,29,0.3534081312391026,0.7920545889051877
B-V-identity,ALL_THREE_PRESPECIFIED_SEEDS_COMPLETED,A:0.5:front,A,0.5,front,1,724,728,0.9945054945054945,4,43,0.37325908057615376,0.7837403899618068
B-V-identity,ALL_THREE_PRESPECIFIED_SEEDS_COMPLETED,A:0.5:middle,A,0.5,middle,1,724,728,0.9945054945054945,4,17,0.37147686010083597,0.789320988586981
B-V-identity,ALL_THREE_PRESPECIFIED_SEEDS_COMPLETED,A:0.5:middle,A,0.5,middle,1,724,728,0.9945054945054945,4,29,0.3534081312391026,0.7920545889051877
B-V-identity,ALL_THREE_PRESPECIFIED_SEEDS_COMPLETED,A:0.5:middle,A,0.5,middle,1,724,728,0.9945054945054945,4,43,0.37325908057615376,0.7837403899618068
B-V-identity,ALL_THREE_PRESPECIFIED_SEEDS_COMPLETED,A:0.5:back,A,0.5,back,1,724,728,0.9945054945054945,4,17,0.37147686010083597,0.789320988586981
B-V-identity,ALL_THREE_PRESPECIFIED_SEEDS_COMPLETED,A:0.5:back,A,0.5,back,1,724,728,0.9945054945054945,4,29,0.3534081312391026,0.7920545889051877
B-V-identity,ALL_THREE_PRESPECIFIED_SEEDS_COMPLETED,A:0.5:back,A,0.5,back,1,724,728,0.9945054945054945,4,43,0.37325908057615376,0.7837403899618068
B-V-identity,ALL_THREE_PRESPECIFIED_SEEDS_COMPLETED,A:0.5:random,A,0.5,random,3,724,728,0.9945054945054945,4,17,0.37147686010083597,0.7893209885869809
B-V-identity,ALL_THREE_PRESPECIFIED_SEEDS_COMPLETED,A:0.5:random,A,0.5,random,3,724,728,0.9945054945054945,4,29,0.3534081312391026,0.7920545889051877
B-V-identity,ALL_THREE_PRESPECIFIED_SEEDS_COMPLETED,A:0.5:random,A,0.5,random,3,724,728,0.9945054945054945,4,43,0.37325908057615376,0.7837403899618068
B-V-identity,ALL_THREE_PRESPECIFIED_SEEDS_COMPLETED,A:0.7:front,A,0.7,front,1,718,728,0.9862637362637363,10,17,0.37147686010083597,0.7893209879422192
B-V-identity,ALL_THREE_PRESPECIFIED_SEEDS_COMPLETED,A:0.7:front,A,0.7,front,1,718,728,0.9862637362637363,10,29,0.3534081312391026,0.7920545883832376
B-V-identity,ALL_THREE_PRESPECIFIED_SEEDS_COMPLETED,A:0.7:front,A,0.7,front,1,718,728,0.9862637362637363,10,43,0.37325908057615376,0.7837403901357902
B-V-identity,ALL_THREE_PRESPECIFIED_SEEDS_COMPLETED,A:0.7:middle,A,0.7,middle,1,718,728,0.9862637362637363,10,17,0.37147686010083597,0.7893209879422192
B-V-identity,ALL_THREE_PRESPECIFIED_SEEDS_COMPLETED,A:0.7:middle,A,0.7,middle,1,718,728,0.9862637362637363,10,29,0.3534081312391026,0.7920545883832376
B-V-identity,ALL_THREE_PRESPECIFIED_SEEDS_COMPLETED,A:0.7:middle,A,0.7,middle,1,718,728,0.9862637362637363,10,43,0.37325908057615376,0.7837403901357902
B-V-identity,ALL_THREE_PRESPECIFIED_SEEDS_COMPLETED,A:0.7:back,A,0.7,back,1,718,728,0.9862637362637363,10,17,0.37147686010083597,0.7893209879422192
B-V-identity,ALL_THREE_PRESPECIFIED_SEEDS_COMPLETED,A:0.7:back,A,0.7,back,1,718,728,0.9862637362637363,10,29,0.3534081312391026,0.7920545883832376
B-V-identity,ALL_THREE_PRESPECIFIED_SEEDS_COMPLETED,A:0.7:back,A,0.7,back,1,718,728,0.9862637362637363,10,43,0.37325908057615376,0.7837403901357902
B-V-identity,ALL_THREE_PRESPECIFIED_SEEDS_COMPLETED,A:0.7:random,A,0.7,random,3,718,728,0.9862637362637363,10,17,0.37147686010083597,0.7893209879422192
B-V-identity,ALL_THREE_PRESPECIFIED_SEEDS_COMPLETED,A:0.7:random,A,0.7,random,3,718,728,0.9862637362637363,10,29,0.3534081312391026,0.7920545883832376
B-V-identity,ALL_THREE_PRESPECIFIED_SEEDS_COMPLETED,A:0.7:random,A,0.7,random,3,718,728,0.9862637362637363,10,43,0.37325908057615376,0.7837403901357902
B-V-identity,ALL_THREE_PRESPECIFIED_SEEDS_COMPLETED,V:0.1:front,V,0.1,front,1,703,728,0.9656593406593407,25,17,0.3712044715759635,0.7903680746989826
B-V-identity,ALL_THREE_PRESPECIFIED_SEEDS_COMPLETED,V:0.1:front,V,0.1,front,1,703,728,0.9656593406593407,25,29,0.35804963127789097,0.7927840003610401
B-V-identity,ALL_THREE_PRESPECIFIED_SEEDS_COMPLETED,V:0.1:front,V,0.1,front,1,703,728,0.9656593406593407,25,43,0.3677317538763045,0.7839435261314746
B-V-identity,ALL_THREE_PRESPECIFIED_SEEDS_COMPLETED,V:0.1:middle,V,0.1,middle,1,703,728,0.9656593406593407,25,17,0.37438239090787,0.7901092751729136
B-V-identity,ALL_THREE_PRESPECIFIED_SEEDS_COMPLETED,V:0.1:middle,V,0.1,middle,1,703,728,0.9656593406593407,25,29,0.3533051284002922,0.7891791021754545
B-V-identity,ALL_THREE_PRESPECIFIED_SEEDS_COMPLETED,V:0.1:middle,V,0.1,middle,1,703,728,0.9656593406593407,25,43,0.37015918078551246,0.7838028179573414
B-V-identity,ALL_THREE_PRESPECIFIED_SEEDS_COMPLETED,V:0.1:back,V,0.1,back,1,703,728,0.9656593406593407,25,17,0.3572686553818629,0.7914221307837179
B-V-identity,ALL_THREE_PRESPECIFIED_SEEDS_COMPLETED,V:0.1:back,V,0.1,back,1,703,728,0.9656593406593407,25,29,0.35583022613917,0.7923038190735726
B-V-identity,ALL_THREE_PRESPECIFIED_SEEDS_COMPLETED,V:0.1:back,V,0.1,back,1,703,728,0.9656593406593407,25,43,0.3731480824681199,0.784759402871714
B-V-identity,ALL_THREE_PRESPECIFIED_SEEDS_COMPLETED,V:0.1:random,V,0.1,random,3,703,728,0.9656593406593407,25,17,0.3660451659536579,0.7916175922425911
B-V-identity,ALL_THREE_PRESPECIFIED_SEEDS_COMPLETED,V:0.1:random,V,0.1,random,3,703,728,0.9656593406593407,25,29,0.3561808303998429,0.7907619284547037
B-V-identity,ALL_THREE_PRESPECIFIED_SEEDS_COMPLETED,V:0.1:random,V,0.1,random,3,703,728,0.9656593406593407,25,43,0.3761419767700675,0.7838392733051395
B-V-identity,ALL_THREE_PRESPECIFIED_SEEDS_COMPLETED,V:0.3:front,V,0.3,front,1,703,728,0.9656593406593407,25,17,0.35740393842710794,0.7924150956591852
B-V-identity,ALL_THREE_PRESPECIFIED_SEEDS_COMPLETED,V:0.3:front,V,0.3,front,1,703,728,0.9656593406593407,25,29,0.35388772331362456,0.7940202379668935
B-V-identity,ALL_THREE_PRESPECIFIED_SEEDS_COMPLETED,V:0.3:front,V,0.3,front,1,703,728,0.9656593406593407,25,43,0.36118827002603426,0.7879859327478078
B-V-identity,ALL_THREE_PRESPECIFIED_SEEDS_COMPLETED,V:0.3:middle,V,0.3,middle,1,703,728,0.9656593406593407,25,17,0.3639507641803288,0.7921177433687902
B-V-identity,ALL_THREE_PRESPECIFIED_SEEDS_COMPLETED,V:0.3:middle,V,0.3,middle,1,703,728,0.9656593406593407,25,29,0.35271744608568345,0.7888369585165452
B-V-identity,ALL_THREE_PRESPECIFIED_SEEDS_COMPLETED,V:0.3:middle,V,0.3,middle,1,703,728,0.9656593406593407,25,43,0.3659511464395349,0.7842580317565979
B-V-identity,ALL_THREE_PRESPECIFIED_SEEDS_COMPLETED,V:0.3:back,V,0.3,back,1,703,728,0.9656593406593407,25,17,0.3532731402922767,0.7989684976630967
B-V-identity,ALL_THREE_PRESPECIFIED_SEEDS_COMPLETED,V:0.3:back,V,0.3,back,1,703,728,0.9656593406593407,25,29,0.3546798345317647,0.7964210920405234
B-V-identity,ALL_THREE_PRESPECIFIED_SEEDS_COMPLETED,V:0.3:back,V,0.3,back,1,703,728,0.9656593406593407,25,43,0.38330382825484177,0.791963426494756
B-V-identity,ALL_THREE_PRESPECIFIED_SEEDS_COMPLETED,V:0.3:random,V,0.3,random,3,703,728,0.9656593406593407,25,17,0.35718546700609205,0.7955203765734921
B-V-identity,ALL_THREE_PRESPECIFIED_SEEDS_COMPLETED,V:0.3:random,V,0.3,random,3,703,728,0.9656593406593407,25,29,0.349442239281162,0.7926066176651446
B-V-identity,ALL_THREE_PRESPECIFIED_SEEDS_COMPLETED,V:0.3:random,V,0.3,random,3,703,728,0.9656593406593407,25,43,0.3724617584762264,0.7867497256429288
B-V-identity,ALL_THREE_PRESPECIFIED_SEEDS_COMPLETED,V:0.5:front,V,0.5,front,1,703,728,0.9656593406593407,25,17,0.36468073830003217,0.7940557650653428
B-V-identity,ALL_THREE_PRESPECIFIED_SEEDS_COMPLETED,V:0.5:front,V,0.5,front,1,703,728,0.9656593406593407,25,29,0.35647776452923513,0.7951968537415198
B-V-identity,ALL_THREE_PRESPECIFIED_SEEDS_COMPLETED,V:0.5:front,V,0.5,front,1,703,728,0.9656593406593407,25,43,0.36402016402016396,0.7932438714428777
B-V-identity,ALL_THREE_PRESPECIFIED_SEEDS_COMPLETED,V:0.5:middle,V,0.5,middle,1,703,728,0.9656593406593407,25,17,0.3671175019241426,0.7941563138877398
B-V-identity,ALL_THREE_PRESPECIFIED_SEEDS_COMPLETED,V:0.5:middle,V,0.5,middle,1,703,728,0.9656593406593407,25,29,0.34691114990487276,0.788159227453634
B-V-identity,ALL_THREE_PRESPECIFIED_SEEDS_COMPLETED,V:0.5:middle,V,0.5,middle,1,703,728,0.9656593406593407,25,43,0.3694341663574179,0.7865355656753169
B-V-identity,ALL_THREE_PRESPECIFIED_SEEDS_COMPLETED,V:0.5:back,V,0.5,back,1,703,728,0.9656593406593407,25,17,0.34147751883626487,0.8091516015558007
B-V-identity,ALL_THREE_PRESPECIFIED_SEEDS_COMPLETED,V:0.5:back,V,0.5,back,1,703,728,0.9656593406593407,25,29,0.36074283143832436,0.7999969566676505
B-V-identity,ALL_THREE_PRESPECIFIED_SEEDS_COMPLETED,V:0.5:back,V,0.5,back,1,703,728,0.9656593406593407,25,43,0.3949096679308924,0.7961838315444126
B-V-identity,ALL_THREE_PRESPECIFIED_SEEDS_COMPLETED,V:0.5:random,V,0.5,random,3,703,728,0.9656593406593407,25,17,0.3574316335395687,0.7955629646009147
B-V-identity,ALL_THREE_PRESPECIFIED_SEEDS_COMPLETED,V:0.5:random,V,0.5,random,3,703,728,0.9656593406593407,25,29,0.35113637155101146,0.7909082301935303
B-V-identity,ALL_THREE_PRESPECIFIED_SEEDS_COMPLETED,V:0.5:random,V,0.5,random,3,703,728,0.9656593406593407,25,43,0.37444844344673217,0.7899892984414724
B-V-identity,ALL_THREE_PRESPECIFIED_SEEDS_COMPLETED,V:0.7:front,V,0.7,front,1,694,728,0.9532967032967034,34,17,0.36639265732811704,0.8006620559765276
B-V-identity,ALL_THREE_PRESPECIFIED_SEEDS_COMPLETED,V:0.7:front,V,0.7,front,1,694,728,0.9532967032967034,34,29,0.3775043675670077,0.7963696117508084
B-V-identity,ALL_THREE_PRESPECIFIED_SEEDS_COMPLETED,V:0.7:front,V,0.7,front,1,694,728,0.9532967032967034,34,43,0.3700851988790837,0.789826183990514
B-V-identity,ALL_THREE_PRESPECIFIED_SEEDS_COMPLETED,V:0.7:middle,V,0.7,middle,1,694,728,0.9532967032967034,34,17,0.3706928114620422,0.7978193771179156
B-V-identity,ALL_THREE_PRESPECIFIED_SEEDS_COMPLETED,V:0.7:middle,V,0.7,middle,1,694,728,0.9532967032967034,34,29,0.36064353946706884,0.7946364935818525
B-V-identity,ALL_THREE_PRESPECIFIED_SEEDS_COMPLETED,V:0.7:middle,V,0.7,middle,1,694,728,0.9532967032967034,34,43,0.37541426581838916,0.7907032712797984
B-V-identity,ALL_THREE_PRESPECIFIED_SEEDS_COMPLETED,V:0.7:back,V,0.7,back,1,694,728,0.9532967032967034,34,17,0.339737577044448,0.8183905874391132
B-V-identity,ALL_THREE_PRESPECIFIED_SEEDS_COMPLETED,V:0.7:back,V,0.7,back,1,694,728,0.9532967032967034,34,29,0.34617403512673905,0.8067543792020553
B-V-identity,ALL_THREE_PRESPECIFIED_SEEDS_COMPLETED,V:0.7:back,V,0.7,back,1,694,728,0.9532967032967034,34,43,0.3708141589264229,0.8081703716506836
B-V-identity,ALL_THREE_PRESPECIFIED_SEEDS_COMPLETED,V:0.7:random,V,0.7,random,3,694,728,0.9532967032967034,34,17,0.3530760260187094,0.7987248950274132
B-V-identity,ALL_THREE_PRESPECIFIED_SEEDS_COMPLETED,V:0.7:random,V,0.7,random,3,694,728,0.9532967032967034,34,29,0.362055286554469,0.7990009342393289
B-V-identity,ALL_THREE_PRESPECIFIED_SEEDS_COMPLETED,V:0.7:random,V,0.7,random,3,694,728,0.9532967032967034,34,43,0.36685644509701115,0.7969491084290378
B-V-identity,ALL_THREE_PRESPECIFIED_SEEDS_COMPLETED,TA:0.1:front,TA,0.1,front,1,724,728,0.9945054945054945,4,17,0.37147686010083597,0.789320988586981
B-V-identity,ALL_THREE_PRESPECIFIED_SEEDS_COMPLETED,TA:0.1:front,TA,0.1,front,1,724,728,0.9945054945054945,4,29,0.3534081312391026,0.7920545889051877
B-V-identity,ALL_THREE_PRESPECIFIED_SEEDS_COMPLETED,TA:0.1:front,TA,0.1,front,1,724,728,0.9945054945054945,4,43,0.37325908057615376,0.7837403899618068
B-V-identity,ALL_THREE_PRESPECIFIED_SEEDS_COMPLETED,TA:0.1:middle,TA,0.1,middle,1,724,728,0.9945054945054945,4,17,0.37147686010083597,0.789320988586981
B-V-identity,ALL_THREE_PRESPECIFIED_SEEDS_COMPLETED,TA:0.1:middle,TA,0.1,middle,1,724,728,0.9945054945054945,4,29,0.3534081312391026,0.7920545889051877
B-V-identity,ALL_THREE_PRESPECIFIED_SEEDS_COMPLETED,TA:0.1:middle,TA,0.1,middle,1,724,728,0.9945054945054945,4,43,0.37325908057615376,0.7837403899618068
B-V-identity,ALL_THREE_PRESPECIFIED_SEEDS_COMPLETED,TA:0.1:back,TA,0.1,back,1,724,728,0.9945054945054945,4,17,0.37147686010083597,0.789320988586981
B-V-identity,ALL_THREE_PRESPECIFIED_SEEDS_COMPLETED,TA:0.1:back,TA,0.1,back,1,724,728,0.9945054945054945,4,29,0.3534081312391026,0.7920545889051877
B-V-identity,ALL_THREE_PRESPECIFIED_SEEDS_COMPLETED,TA:0.1:back,TA,0.1,back,1,724,728,0.9945054945054945,4,43,0.37325908057615376,0.7837403899618068
B-V-identity,ALL_THREE_PRESPECIFIED_SEEDS_COMPLETED,TA:0.1:random,TA,0.1,random,3,724,728,0.9945054945054945,4,17,0.37147686010083597,0.7893209885869809
B-V-identity,ALL_THREE_PRESPECIFIED_SEEDS_COMPLETED,TA:0.1:random,TA,0.1,random,3,724,728,0.9945054945054945,4,29,0.3534081312391026,0.7920545889051877
B-V-identity,ALL_THREE_PRESPECIFIED_SEEDS_COMPLETED,TA:0.1:random,TA,0.1,random,3,724,728,0.9945054945054945,4,43,0.37325908057615376,0.7837403899618068
B-V-identity,ALL_THREE_PRESPECIFIED_SEEDS_COMPLETED,TA:0.3:front,TA,0.3,front,1,724,728,0.9945054945054945,4,17,0.37147686010083597,0.789320988586981
B-V-identity,ALL_THREE_PRESPECIFIED_SEEDS_COMPLETED,TA:0.3:front,TA,0.3,front,1,724,728,0.9945054945054945,4,29,0.3534081312391026,0.7920545889051877
B-V-identity,ALL_THREE_PRESPECIFIED_SEEDS_COMPLETED,TA:0.3:front,TA,0.3,front,1,724,728,0.9945054945054945,4,43,0.37325908057615376,0.7837403899618068
B-V-identity,ALL_THREE_PRESPECIFIED_SEEDS_COMPLETED,TA:0.3:middle,TA,0.3,middle,1,724,728,0.9945054945054945,4,17,0.37147686010083597,0.789320988586981
B-V-identity,ALL_THREE_PRESPECIFIED_SEEDS_COMPLETED,TA:0.3:middle,TA,0.3,middle,1,724,728,0.9945054945054945,4,29,0.3534081312391026,0.7920545889051877
B-V-identity,ALL_THREE_PRESPECIFIED_SEEDS_COMPLETED,TA:0.3:middle,TA,0.3,middle,1,724,728,0.9945054945054945,4,43,0.37325908057615376,0.7837403899618068
B-V-identity,ALL_THREE_PRESPECIFIED_SEEDS_COMPLETED,TA:0.3:back,TA,0.3,back,1,724,728,0.9945054945054945,4,17,0.37147686010083597,0.789320988586981
B-V-identity,ALL_THREE_PRESPECIFIED_SEEDS_COMPLETED,TA:0.3:back,TA,0.3,back,1,724,728,0.9945054945054945,4,29,0.3534081312391026,0.7920545889051877
B-V-identity,ALL_THREE_PRESPECIFIED_SEEDS_COMPLETED,TA:0.3:back,TA,0.3,back,1,724,728,0.9945054945054945,4,43,0.37325908057615376,0.7837403899618068
B-V-identity,ALL_THREE_PRESPECIFIED_SEEDS_COMPLETED,TA:0.3:random,TA,0.3,random,3,724,728,0.9945054945054945,4,17,0.37147686010083597,0.7893209885869809
B-V-identity,ALL_THREE_PRESPECIFIED_SEEDS_COMPLETED,TA:0.3:random,TA,0.3,random,3,724,728,0.9945054945054945,4,29,0.3534081312391026,0.7920545889051877
B-V-identity,ALL_THREE_PRESPECIFIED_SEEDS_COMPLETED,TA:0.3:random,TA,0.3,random,3,724,728,0.9945054945054945,4,43,0.37325908057615376,0.7837403899618068
B-V-identity,ALL_THREE_PRESPECIFIED_SEEDS_COMPLETED,TA:0.5:front,TA,0.5,front,1,724,728,0.9945054945054945,4,17,0.37147686010083597,0.789320988586981
B-V-identity,ALL_THREE_PRESPECIFIED_SEEDS_COMPLETED,TA:0.5:front,TA,0.5,front,1,724,728,0.9945054945054945,4,29,0.3534081312391026,0.7920545889051877
B-V-identity,ALL_THREE_PRESPECIFIED_SEEDS_COMPLETED,TA:0.5:front,TA,0.5,front,1,724,728,0.9945054945054945,4,43,0.37325908057615376,0.7837403899618068
B-V-identity,ALL_THREE_PRESPECIFIED_SEEDS_COMPLETED,TA:0.5:middle,TA,0.5,middle,1,724,728,0.9945054945054945,4,17,0.37147686010083597,0.789320988586981
B-V-identity,ALL_THREE_PRESPECIFIED_SEEDS_COMPLETED,TA:0.5:middle,TA,0.5,middle,1,724,728,0.9945054945054945,4,29,0.3534081312391026,0.7920545889051877
B-V-identity,ALL_THREE_PRESPECIFIED_SEEDS_COMPLETED,TA:0.5:middle,TA,0.5,middle,1,724,728,0.9945054945054945,4,43,0.37325908057615376,0.7837403899618068
B-V-identity,ALL_THREE_PRESPECIFIED_SEEDS_COMPLETED,TA:0.5:back,TA,0.5,back,1,724,728,0.9945054945054945,4,17,0.37147686010083597,0.789320988586981
B-V-identity,ALL_THREE_PRESPECIFIED_SEEDS_COMPLETED,TA:0.5:back,TA,0.5,back,1,724,728,0.9945054945054945,4,29,0.3534081312391026,0.7920545889051877
B-V-identity,ALL_THREE_PRESPECIFIED_SEEDS_COMPLETED,TA:0.5:back,TA,0.5,back,1,724,728,0.9945054945054945,4,43,0.37325908057615376,0.7837403899618068
B-V-identity,ALL_THREE_PRESPECIFIED_SEEDS_COMPLETED,TA:0.5:random,TA,0.5,random,3,724,728,0.9945054945054945,4,17,0.37147686010083597,0.7893209885869809
B-V-identity,ALL_THREE_PRESPECIFIED_SEEDS_COMPLETED,TA:0.5:random,TA,0.5,random,3,724,728,0.9945054945054945,4,29,0.3534081312391026,0.7920545889051877
B-V-identity,ALL_THREE_PRESPECIFIED_SEEDS_COMPLETED,TA:0.5:random,TA,0.5,random,3,724,728,0.9945054945054945,4,43,0.37325908057615376,0.7837403899618068
B-V-identity,ALL_THREE_PRESPECIFIED_SEEDS_COMPLETED,TA:0.7:front,TA,0.7,front,1,718,728,0.9862637362637363,10,17,0.37147686010083597,0.7893209879422192
B-V-identity,ALL_THREE_PRESPECIFIED_SEEDS_COMPLETED,TA:0.7:front,TA,0.7,front,1,718,728,0.9862637362637363,10,29,0.3534081312391026,0.7920545883832376
B-V-identity,ALL_THREE_PRESPECIFIED_SEEDS_COMPLETED,TA:0.7:front,TA,0.7,front,1,718,728,0.9862637362637363,10,43,0.37325908057615376,0.7837403901357902
B-V-identity,ALL_THREE_PRESPECIFIED_SEEDS_COMPLETED,TA:0.7:middle,TA,0.7,middle,1,718,728,0.9862637362637363,10,17,0.37147686010083597,0.7893209879422192
B-V-identity,ALL_THREE_PRESPECIFIED_SEEDS_COMPLETED,TA:0.7:middle,TA,0.7,middle,1,718,728,0.9862637362637363,10,29,0.3534081312391026,0.7920545883832376
B-V-identity,ALL_THREE_PRESPECIFIED_SEEDS_COMPLETED,TA:0.7:middle,TA,0.7,middle,1,718,728,0.9862637362637363,10,43,0.37325908057615376,0.7837403901357902
B-V-identity,ALL_THREE_PRESPECIFIED_SEEDS_COMPLETED,TA:0.7:back,TA,0.7,back,1,718,728,0.9862637362637363,10,17,0.37147686010083597,0.7893209879422192
B-V-identity,ALL_THREE_PRESPECIFIED_SEEDS_COMPLETED,TA:0.7:back,TA,0.7,back,1,718,728,0.9862637362637363,10,29,0.3534081312391026,0.7920545883832376
B-V-identity,ALL_THREE_PRESPECIFIED_SEEDS_COMPLETED,TA:0.7:back,TA,0.7,back,1,718,728,0.9862637362637363,10,43,0.37325908057615376,0.7837403901357902
B-V-identity,ALL_THREE_PRESPECIFIED_SEEDS_COMPLETED,TA:0.7:random,TA,0.7,random,3,718,728,0.9862637362637363,10,17,0.37147686010083597,0.7893209879422192
B-V-identity,ALL_THREE_PRESPECIFIED_SEEDS_COMPLETED,TA:0.7:random,TA,0.7,random,3,718,728,0.9862637362637363,10,29,0.3534081312391026,0.7920545883832376
B-V-identity,ALL_THREE_PRESPECIFIED_SEEDS_COMPLETED,TA:0.7:random,TA,0.7,random,3,718,728,0.9862637362637363,10,43,0.37325908057615376,0.7837403901357902
B-V-identity,ALL_THREE_PRESPECIFIED_SEEDS_COMPLETED,TV:0.1:front,TV,0.1,front,1,703,728,0.9656593406593407,25,17,0.3712044715759635,0.7903680746989826
B-V-identity,ALL_THREE_PRESPECIFIED_SEEDS_COMPLETED,TV:0.1:front,TV,0.1,front,1,703,728,0.9656593406593407,25,29,0.35804963127789097,0.7927840003610401
B-V-identity,ALL_THREE_PRESPECIFIED_SEEDS_COMPLETED,TV:0.1:front,TV,0.1,front,1,703,728,0.9656593406593407,25,43,0.3677317538763045,0.7839435261314746
B-V-identity,ALL_THREE_PRESPECIFIED_SEEDS_COMPLETED,TV:0.1:middle,TV,0.1,middle,1,703,728,0.9656593406593407,25,17,0.37438239090787,0.7901092751729136
B-V-identity,ALL_THREE_PRESPECIFIED_SEEDS_COMPLETED,TV:0.1:middle,TV,0.1,middle,1,703,728,0.9656593406593407,25,29,0.3533051284002922,0.7891791021754545
B-V-identity,ALL_THREE_PRESPECIFIED_SEEDS_COMPLETED,TV:0.1:middle,TV,0.1,middle,1,703,728,0.9656593406593407,25,43,0.37015918078551246,0.7838028179573414
B-V-identity,ALL_THREE_PRESPECIFIED_SEEDS_COMPLETED,TV:0.1:back,TV,0.1,back,1,703,728,0.9656593406593407,25,17,0.3572686553818629,0.7914221307837179
B-V-identity,ALL_THREE_PRESPECIFIED_SEEDS_COMPLETED,TV:0.1:back,TV,0.1,back,1,703,728,0.9656593406593407,25,29,0.35583022613917,0.7923038190735726
B-V-identity,ALL_THREE_PRESPECIFIED_SEEDS_COMPLETED,TV:0.1:back,TV,0.1,back,1,703,728,0.9656593406593407,25,43,0.3731480824681199,0.784759402871714
B-V-identity,ALL_THREE_PRESPECIFIED_SEEDS_COMPLETED,TV:0.1:random,TV,0.1,random,3,703,728,0.9656593406593407,25,17,0.3608956351310566,0.7903935398368954
B-V-identity,ALL_THREE_PRESPECIFIED_SEEDS_COMPLETED,TV:0.1:random,TV,0.1,random,3,703,728,0.9656593406593407,25,29,0.3523038437621499,0.7911541923200849
B-V-identity,ALL_THREE_PRESPECIFIED_SEEDS_COMPLETED,TV:0.1:random,TV,0.1,random,3,703,728,0.9656593406593407,25,43,0.37102947184163765,0.7829106629842334
B-V-identity,ALL_THREE_PRESPECIFIED_SEEDS_COMPLETED,TV:0.3:front,TV,0.3,front,1,703,728,0.9656593406593407,25,17,0.35740393842710794,0.7924150956591852
B-V-identity,ALL_THREE_PRESPECIFIED_SEEDS_COMPLETED,TV:0.3:front,TV,0.3,front,1,703,728,0.9656593406593407,25,29,0.35388772331362456,0.7940202379668935
B-V-identity,ALL_THREE_PRESPECIFIED_SEEDS_COMPLETED,TV:0.3:front,TV,0.3,front,1,703,728,0.9656593406593407,25,43,0.36118827002603426,0.7879859327478078
B-V-identity,ALL_THREE_PRESPECIFIED_SEEDS_COMPLETED,TV:0.3:middle,TV,0.3,middle,1,703,728,0.9656593406593407,25,17,0.3639507641803288,0.7921177433687902
B-V-identity,ALL_THREE_PRESPECIFIED_SEEDS_COMPLETED,TV:0.3:middle,TV,0.3,middle,1,703,728,0.9656593406593407,25,29,0.35271744608568345,0.7888369585165452
B-V-identity,ALL_THREE_PRESPECIFIED_SEEDS_COMPLETED,TV:0.3:middle,TV,0.3,middle,1,703,728,0.9656593406593407,25,43,0.3659511464395349,0.7842580317565979
B-V-identity,ALL_THREE_PRESPECIFIED_SEEDS_COMPLETED,TV:0.3:back,TV,0.3,back,1,703,728,0.9656593406593407,25,17,0.3532731402922767,0.7989684976630967
B-V-identity,ALL_THREE_PRESPECIFIED_SEEDS_COMPLETED,TV:0.3:back,TV,0.3,back,1,703,728,0.9656593406593407,25,29,0.3546798345317647,0.7964210920405234
B-V-identity,ALL_THREE_PRESPECIFIED_SEEDS_COMPLETED,TV:0.3:back,TV,0.3,back,1,703,728,0.9656593406593407,25,43,0.38330382825484177,0.791963426494756
B-V-identity,ALL_THREE_PRESPECIFIED_SEEDS_COMPLETED,TV:0.3:random,TV,0.3,random,3,703,728,0.9656593406593407,25,17,0.3580821011287711,0.7950982551259712
B-V-identity,ALL_THREE_PRESPECIFIED_SEEDS_COMPLETED,TV:0.3:random,TV,0.3,random,3,703,728,0.9656593406593407,25,29,0.3537326291824329,0.7920411493371334
B-V-identity,ALL_THREE_PRESPECIFIED_SEEDS_COMPLETED,TV:0.3:random,TV,0.3,random,3,703,728,0.9656593406593407,25,43,0.3610277699143614,0.7857517335920393
B-V-identity,ALL_THREE_PRESPECIFIED_SEEDS_COMPLETED,TV:0.5:front,TV,0.5,front,1,703,728,0.9656593406593407,25,17,0.36468073830003217,0.7940557650653428
B-V-identity,ALL_THREE_PRESPECIFIED_SEEDS_COMPLETED,TV:0.5:front,TV,0.5,front,1,703,728,0.9656593406593407,25,29,0.35647776452923513,0.7951968537415198
B-V-identity,ALL_THREE_PRESPECIFIED_SEEDS_COMPLETED,TV:0.5:front,TV,0.5,front,1,703,728,0.9656593406593407,25,43,0.36402016402016396,0.7932438714428777
B-V-identity,ALL_THREE_PRESPECIFIED_SEEDS_COMPLETED,TV:0.5:middle,TV,0.5,middle,1,703,728,0.9656593406593407,25,17,0.3671175019241426,0.7941563138877398
B-V-identity,ALL_THREE_PRESPECIFIED_SEEDS_COMPLETED,TV:0.5:middle,TV,0.5,middle,1,703,728,0.9656593406593407,25,29,0.34691114990487276,0.788159227453634
B-V-identity,ALL_THREE_PRESPECIFIED_SEEDS_COMPLETED,TV:0.5:middle,TV,0.5,middle,1,703,728,0.9656593406593407,25,43,0.3694341663574179,0.7865355656753169
B-V-identity,ALL_THREE_PRESPECIFIED_SEEDS_COMPLETED,TV:0.5:back,TV,0.5,back,1,703,728,0.9656593406593407,25,17,0.34147751883626487,0.8091516015558007
B-V-identity,ALL_THREE_PRESPECIFIED_SEEDS_COMPLETED,TV:0.5:back,TV,0.5,back,1,703,728,0.9656593406593407,25,29,0.36074283143832436,0.7999969566676505
B-V-identity,ALL_THREE_PRESPECIFIED_SEEDS_COMPLETED,TV:0.5:back,TV,0.5,back,1,703,728,0.9656593406593407,25,43,0.3949096679308924,0.7961838315444126
B-V-identity,ALL_THREE_PRESPECIFIED_SEEDS_COMPLETED,TV:0.5:random,TV,0.5,random,3,703,728,0.9656593406593407,25,17,0.35834522583804834,0.7903594861882518
B-V-identity,ALL_THREE_PRESPECIFIED_SEEDS_COMPLETED,TV:0.5:random,TV,0.5,random,3,703,728,0.9656593406593407,25,29,0.3562386435978941,0.790447116959356
B-V-identity,ALL_THREE_PRESPECIFIED_SEEDS_COMPLETED,TV:0.5:random,TV,0.5,random,3,703,728,0.9656593406593407,25,43,0.3792100154926639,0.7888771241587064
B-V-identity,ALL_THREE_PRESPECIFIED_SEEDS_COMPLETED,TV:0.7:front,TV,0.7,front,1,694,728,0.9532967032967034,34,17,0.36639265732811704,0.8006620559765276
B-V-identity,ALL_THREE_PRESPECIFIED_SEEDS_COMPLETED,TV:0.7:front,TV,0.7,front,1,694,728,0.9532967032967034,34,29,0.3775043675670077,0.7963696117508084
B-V-identity,ALL_THREE_PRESPECIFIED_SEEDS_COMPLETED,TV:0.7:front,TV,0.7,front,1,694,728,0.9532967032967034,34,43,0.3700851988790837,0.789826183990514
B-V-identity,ALL_THREE_PRESPECIFIED_SEEDS_COMPLETED,TV:0.7:middle,TV,0.7,middle,1,694,728,0.9532967032967034,34,17,0.3706928114620422,0.7978193771179156
B-V-identity,ALL_THREE_PRESPECIFIED_SEEDS_COMPLETED,TV:0.7:middle,TV,0.7,middle,1,694,728,0.9532967032967034,34,29,0.36064353946706884,0.7946364935818525
B-V-identity,ALL_THREE_PRESPECIFIED_SEEDS_COMPLETED,TV:0.7:middle,TV,0.7,middle,1,694,728,0.9532967032967034,34,43,0.37541426581838916,0.7907032712797984
B-V-identity,ALL_THREE_PRESPECIFIED_SEEDS_COMPLETED,TV:0.7:back,TV,0.7,back,1,694,728,0.9532967032967034,34,17,0.339737577044448,0.8183905874391132
B-V-identity,ALL_THREE_PRESPECIFIED_SEEDS_COMPLETED,TV:0.7:back,TV,0.7,back,1,694,728,0.9532967032967034,34,29,0.34617403512673905,0.8067543792020553
B-V-identity,ALL_THREE_PRESPECIFIED_SEEDS_COMPLETED,TV:0.7:back,TV,0.7,back,1,694,728,0.9532967032967034,34,43,0.3708141589264229,0.8081703716506836
B-V-identity,ALL_THREE_PRESPECIFIED_SEEDS_COMPLETED,TV:0.7:random,TV,0.7,random,3,694,728,0.9532967032967034,34,17,0.3520036711473972,0.8097863287035754
B-V-identity,ALL_THREE_PRESPECIFIED_SEEDS_COMPLETED,TV:0.7:random,TV,0.7,random,3,694,728,0.9532967032967034,34,29,0.35947825092795055,0.8019222908498418
B-V-identity,ALL_THREE_PRESPECIFIED_SEEDS_COMPLETED,TV:0.7:random,TV,0.7,random,3,694,728,0.9532967032967034,34,43,0.37068474894664966,0.8027099373892389
B-V-identity,ALL_THREE_PRESPECIFIED_SEEDS_COMPLETED,AV:0.1:front,AV,0.1,front,1,703,728,0.9656593406593407,25,17,0.3712044715759635,0.7903680746989826
B-V-identity,ALL_THREE_PRESPECIFIED_SEEDS_COMPLETED,AV:0.1:front,AV,0.1,front,1,703,728,0.9656593406593407,25,29,0.35804963127789097,0.7927840003610401
B-V-identity,ALL_THREE_PRESPECIFIED_SEEDS_COMPLETED,AV:0.1:front,AV,0.1,front,1,703,728,0.9656593406593407,25,43,0.3677317538763045,0.7839435261314746
B-V-identity,ALL_THREE_PRESPECIFIED_SEEDS_COMPLETED,AV:0.1:middle,AV,0.1,middle,1,703,728,0.9656593406593407,25,17,0.37438239090787,0.7901092751729136
B-V-identity,ALL_THREE_PRESPECIFIED_SEEDS_COMPLETED,AV:0.1:middle,AV,0.1,middle,1,703,728,0.9656593406593407,25,29,0.3533051284002922,0.7891791021754545
B-V-identity,ALL_THREE_PRESPECIFIED_SEEDS_COMPLETED,AV:0.1:middle,AV,0.1,middle,1,703,728,0.9656593406593407,25,43,0.37015918078551246,0.7838028179573414
B-V-identity,ALL_THREE_PRESPECIFIED_SEEDS_COMPLETED,AV:0.1:back,AV,0.1,back,1,703,728,0.9656593406593407,25,17,0.3572686553818629,0.7914221307837179
B-V-identity,ALL_THREE_PRESPECIFIED_SEEDS_COMPLETED,AV:0.1:back,AV,0.1,back,1,703,728,0.9656593406593407,25,29,0.35583022613917,0.7923038190735726
B-V-identity,ALL_THREE_PRESPECIFIED_SEEDS_COMPLETED,AV:0.1:back,AV,0.1,back,1,703,728,0.9656593406593407,25,43,0.3731480824681199,0.784759402871714
B-V-identity,ALL_THREE_PRESPECIFIED_SEEDS_COMPLETED,AV:0.1:random,AV,0.1,random,3,703,728,0.9656593406593407,25,17,0.3651217619487909,0.7930459006063276
B-V-identity,ALL_THREE_PRESPECIFIED_SEEDS_COMPLETED,AV:0.1:random,AV,0.1,random,3,703,728,0.9656593406593407,25,29,0.3521629103636024,0.7908081939194377
B-V-identity,ALL_THREE_PRESPECIFIED_SEEDS_COMPLETED,AV:0.1:random,AV,0.1,random,3,703,728,0.9656593406593407,25,43,0.37414956629468127,0.7848212291584001
B-V-identity,ALL_THREE_PRESPECIFIED_SEEDS_COMPLETED,AV:0.3:front,AV,0.3,front,1,703,728,0.9656593406593407,25,17,0.35740393842710794,0.7924150956591852
B-V-identity,ALL_THREE_PRESPECIFIED_SEEDS_COMPLETED,AV:0.3:front,AV,0.3,front,1,703,728,0.9656593406593407,25,29,0.35388772331362456,0.7940202379668935
B-V-identity,ALL_THREE_PRESPECIFIED_SEEDS_COMPLETED,AV:0.3:front,AV,0.3,front,1,703,728,0.9656593406593407,25,43,0.36118827002603426,0.7879859327478078
B-V-identity,ALL_THREE_PRESPECIFIED_SEEDS_COMPLETED,AV:0.3:middle,AV,0.3,middle,1,703,728,0.9656593406593407,25,17,0.3639507641803288,0.7921177433687902
B-V-identity,ALL_THREE_PRESPECIFIED_SEEDS_COMPLETED,AV:0.3:middle,AV,0.3,middle,1,703,728,0.9656593406593407,25,29,0.35271744608568345,0.7888369585165452
B-V-identity,ALL_THREE_PRESPECIFIED_SEEDS_COMPLETED,AV:0.3:middle,AV,0.3,middle,1,703,728,0.9656593406593407,25,43,0.3659511464395349,0.7842580317565979
B-V-identity,ALL_THREE_PRESPECIFIED_SEEDS_COMPLETED,AV:0.3:back,AV,0.3,back,1,703,728,0.9656593406593407,25,17,0.3532731402922767,0.7989684976630967
B-V-identity,ALL_THREE_PRESPECIFIED_SEEDS_COMPLETED,AV:0.3:back,AV,0.3,back,1,703,728,0.9656593406593407,25,29,0.3546798345317647,0.7964210920405234
B-V-identity,ALL_THREE_PRESPECIFIED_SEEDS_COMPLETED,AV:0.3:back,AV,0.3,back,1,703,728,0.9656593406593407,25,43,0.38330382825484177,0.791963426494756
B-V-identity,ALL_THREE_PRESPECIFIED_SEEDS_COMPLETED,AV:0.3:random,AV,0.3,random,3,703,728,0.9656593406593407,25,17,0.3539639938735044,0.7938874069795961
B-V-identity,ALL_THREE_PRESPECIFIED_SEEDS_COMPLETED,AV:0.3:random,AV,0.3,random,3,703,728,0.9656593406593407,25,29,0.35707367458334277,0.7931555901065485
B-V-identity,ALL_THREE_PRESPECIFIED_SEEDS_COMPLETED,AV:0.3:random,AV,0.3,random,3,703,728,0.9656593406593407,25,43,0.3779144719498098,0.7876100724774832
B-V-identity,ALL_THREE_PRESPECIFIED_SEEDS_COMPLETED,AV:0.5:front,AV,0.5,front,1,703,728,0.9656593406593407,25,17,0.36468073830003217,0.7940557650653428
B-V-identity,ALL_THREE_PRESPECIFIED_SEEDS_COMPLETED,AV:0.5:front,AV,0.5,front,1,703,728,0.9656593406593407,25,29,0.35647776452923513,0.7951968537415198
B-V-identity,ALL_THREE_PRESPECIFIED_SEEDS_COMPLETED,AV:0.5:front,AV,0.5,front,1,703,728,0.9656593406593407,25,43,0.36402016402016396,0.7932438714428777
B-V-identity,ALL_THREE_PRESPECIFIED_SEEDS_COMPLETED,AV:0.5:middle,AV,0.5,middle,1,703,728,0.9656593406593407,25,17,0.3671175019241426,0.7941563138877398
B-V-identity,ALL_THREE_PRESPECIFIED_SEEDS_COMPLETED,AV:0.5:middle,AV,0.5,middle,1,703,728,0.9656593406593407,25,29,0.34691114990487276,0.788159227453634
B-V-identity,ALL_THREE_PRESPECIFIED_SEEDS_COMPLETED,AV:0.5:middle,AV,0.5,middle,1,703,728,0.9656593406593407,25,43,0.3694341663574179,0.7865355656753169
B-V-identity,ALL_THREE_PRESPECIFIED_SEEDS_COMPLETED,AV:0.5:back,AV,0.5,back,1,703,728,0.9656593406593407,25,17,0.34147751883626487,0.8091516015558007
B-V-identity,ALL_THREE_PRESPECIFIED_SEEDS_COMPLETED,AV:0.5:back,AV,0.5,back,1,703,728,0.9656593406593407,25,29,0.36074283143832436,0.7999969566676505
B-V-identity,ALL_THREE_PRESPECIFIED_SEEDS_COMPLETED,AV:0.5:back,AV,0.5,back,1,703,728,0.9656593406593407,25,43,0.3949096679308924,0.7961838315444126
B-V-identity,ALL_THREE_PRESPECIFIED_SEEDS_COMPLETED,AV:0.5:random,AV,0.5,random,3,703,728,0.9656593406593407,25,17,0.366374042597812,0.7932536044212304
B-V-identity,ALL_THREE_PRESPECIFIED_SEEDS_COMPLETED,AV:0.5:random,AV,0.5,random,3,703,728,0.9656593406593407,25,29,0.3512144543332398,0.7942098156212051
B-V-identity,ALL_THREE_PRESPECIFIED_SEEDS_COMPLETED,AV:0.5:random,AV,0.5,random,3,703,728,0.9656593406593407,25,43,0.3672395757644775,0.7883826403129391
B-V-identity,ALL_THREE_PRESPECIFIED_SEEDS_COMPLETED,AV:0.7:front,AV,0.7,front,1,694,728,0.9532967032967034,34,17,0.36639265732811704,0.8006620559765276
B-V-identity,ALL_THREE_PRESPECIFIED_SEEDS_COMPLETED,AV:0.7:front,AV,0.7,front,1,694,728,0.9532967032967034,34,29,0.3775043675670077,0.7963696117508084
B-V-identity,ALL_THREE_PRESPECIFIED_SEEDS_COMPLETED,AV:0.7:front,AV,0.7,front,1,694,728,0.9532967032967034,34,43,0.3700851988790837,0.789826183990514
B-V-identity,ALL_THREE_PRESPECIFIED_SEEDS_COMPLETED,AV:0.7:middle,AV,0.7,middle,1,694,728,0.9532967032967034,34,17,0.3706928114620422,0.7978193771179156
B-V-identity,ALL_THREE_PRESPECIFIED_SEEDS_COMPLETED,AV:0.7:middle,AV,0.7,middle,1,694,728,0.9532967032967034,34,29,0.36064353946706884,0.7946364935818525
B-V-identity,ALL_THREE_PRESPECIFIED_SEEDS_COMPLETED,AV:0.7:middle,AV,0.7,middle,1,694,728,0.9532967032967034,34,43,0.37541426581838916,0.7907032712797984
B-V-identity,ALL_THREE_PRESPECIFIED_SEEDS_COMPLETED,AV:0.7:back,AV,0.7,back,1,694,728,0.9532967032967034,34,17,0.339737577044448,0.8183905874391132
B-V-identity,ALL_THREE_PRESPECIFIED_SEEDS_COMPLETED,AV:0.7:back,AV,0.7,back,1,694,728,0.9532967032967034,34,29,0.34617403512673905,0.8067543792020553
B-V-identity,ALL_THREE_PRESPECIFIED_SEEDS_COMPLETED,AV:0.7:back,AV,0.7,back,1,694,728,0.9532967032967034,34,43,0.3708141589264229,0.8081703716506836
B-V-identity,ALL_THREE_PRESPECIFIED_SEEDS_COMPLETED,AV:0.7:random,AV,0.7,random,3,694,728,0.9532967032967034,34,17,0.3641029052642674,0.8072593374417787
B-V-identity,ALL_THREE_PRESPECIFIED_SEEDS_COMPLETED,AV:0.7:random,AV,0.7,random,3,694,728,0.9532967032967034,34,29,0.3615961296503227,0.7987735275964418
B-V-identity,ALL_THREE_PRESPECIFIED_SEEDS_COMPLETED,AV:0.7:random,AV,0.7,random,3,694,728,0.9532967032967034,34,43,0.37510583623996796,0.7982471361287785
B-V-zscore,ALL_THREE_PRESPECIFIED_SEEDS_COMPLETED,T:0.1:front,T,0.1,front,1,728,728,1.0,0,17,0.4103916170594723,0.7826655979572403
B-V-zscore,ALL_THREE_PRESPECIFIED_SEEDS_COMPLETED,T:0.1:front,T,0.1,front,1,728,728,1.0,0,29,0.36946210878823377,0.7712189134030928
B-V-zscore,ALL_THREE_PRESPECIFIED_SEEDS_COMPLETED,T:0.1:front,T,0.1,front,1,728,728,1.0,0,43,0.37615514446616877,0.768614875370666
B-V-zscore,ALL_THREE_PRESPECIFIED_SEEDS_COMPLETED,T:0.1:middle,T,0.1,middle,1,728,728,1.0,0,17,0.4103916170594723,0.7826655979572403
B-V-zscore,ALL_THREE_PRESPECIFIED_SEEDS_COMPLETED,T:0.1:middle,T,0.1,middle,1,728,728,1.0,0,29,0.36946210878823377,0.7712189134030928
B-V-zscore,ALL_THREE_PRESPECIFIED_SEEDS_COMPLETED,T:0.1:middle,T,0.1,middle,1,728,728,1.0,0,43,0.37615514446616877,0.768614875370666
B-V-zscore,ALL_THREE_PRESPECIFIED_SEEDS_COMPLETED,T:0.1:back,T,0.1,back,1,728,728,1.0,0,17,0.4103916170594723,0.7826655979572403
B-V-zscore,ALL_THREE_PRESPECIFIED_SEEDS_COMPLETED,T:0.1:back,T,0.1,back,1,728,728,1.0,0,29,0.36946210878823377,0.7712189134030928
B-V-zscore,ALL_THREE_PRESPECIFIED_SEEDS_COMPLETED,T:0.1:back,T,0.1,back,1,728,728,1.0,0,43,0.37615514446616877,0.768614875370666
B-V-zscore,ALL_THREE_PRESPECIFIED_SEEDS_COMPLETED,T:0.1:random,T,0.1,random,3,728,728,1.0,0,17,0.4103916170594723,0.7826655979572403
B-V-zscore,ALL_THREE_PRESPECIFIED_SEEDS_COMPLETED,T:0.1:random,T,0.1,random,3,728,728,1.0,0,29,0.36946210878823377,0.7712189134030928
B-V-zscore,ALL_THREE_PRESPECIFIED_SEEDS_COMPLETED,T:0.1:random,T,0.1,random,3,728,728,1.0,0,43,0.37615514446616877,0.768614875370666
B-V-zscore,ALL_THREE_PRESPECIFIED_SEEDS_COMPLETED,T:0.3:front,T,0.3,front,1,728,728,1.0,0,17,0.4103916170594723,0.7826655979572403
B-V-zscore,ALL_THREE_PRESPECIFIED_SEEDS_COMPLETED,T:0.3:front,T,0.3,front,1,728,728,1.0,0,29,0.36946210878823377,0.7712189134030928
B-V-zscore,ALL_THREE_PRESPECIFIED_SEEDS_COMPLETED,T:0.3:front,T,0.3,front,1,728,728,1.0,0,43,0.37615514446616877,0.768614875370666
B-V-zscore,ALL_THREE_PRESPECIFIED_SEEDS_COMPLETED,T:0.3:middle,T,0.3,middle,1,728,728,1.0,0,17,0.4103916170594723,0.7826655979572403
B-V-zscore,ALL_THREE_PRESPECIFIED_SEEDS_COMPLETED,T:0.3:middle,T,0.3,middle,1,728,728,1.0,0,29,0.36946210878823377,0.7712189134030928
B-V-zscore,ALL_THREE_PRESPECIFIED_SEEDS_COMPLETED,T:0.3:middle,T,0.3,middle,1,728,728,1.0,0,43,0.37615514446616877,0.768614875370666
B-V-zscore,ALL_THREE_PRESPECIFIED_SEEDS_COMPLETED,T:0.3:back,T,0.3,back,1,728,728,1.0,0,17,0.4103916170594723,0.7826655979572403
B-V-zscore,ALL_THREE_PRESPECIFIED_SEEDS_COMPLETED,T:0.3:back,T,0.3,back,1,728,728,1.0,0,29,0.36946210878823377,0.7712189134030928
B-V-zscore,ALL_THREE_PRESPECIFIED_SEEDS_COMPLETED,T:0.3:back,T,0.3,back,1,728,728,1.0,0,43,0.37615514446616877,0.768614875370666
B-V-zscore,ALL_THREE_PRESPECIFIED_SEEDS_COMPLETED,T:0.3:random,T,0.3,random,3,728,728,1.0,0,17,0.4103916170594723,0.7826655979572403
B-V-zscore,ALL_THREE_PRESPECIFIED_SEEDS_COMPLETED,T:0.3:random,T,0.3,random,3,728,728,1.0,0,29,0.36946210878823377,0.7712189134030928
B-V-zscore,ALL_THREE_PRESPECIFIED_SEEDS_COMPLETED,T:0.3:random,T,0.3,random,3,728,728,1.0,0,43,0.37615514446616877,0.768614875370666
B-V-zscore,ALL_THREE_PRESPECIFIED_SEEDS_COMPLETED,T:0.5:front,T,0.5,front,1,728,728,1.0,0,17,0.4103916170594723,0.7826655979572403
B-V-zscore,ALL_THREE_PRESPECIFIED_SEEDS_COMPLETED,T:0.5:front,T,0.5,front,1,728,728,1.0,0,29,0.36946210878823377,0.7712189134030928
B-V-zscore,ALL_THREE_PRESPECIFIED_SEEDS_COMPLETED,T:0.5:front,T,0.5,front,1,728,728,1.0,0,43,0.37615514446616877,0.768614875370666
B-V-zscore,ALL_THREE_PRESPECIFIED_SEEDS_COMPLETED,T:0.5:middle,T,0.5,middle,1,728,728,1.0,0,17,0.4103916170594723,0.7826655979572403
B-V-zscore,ALL_THREE_PRESPECIFIED_SEEDS_COMPLETED,T:0.5:middle,T,0.5,middle,1,728,728,1.0,0,29,0.36946210878823377,0.7712189134030928
B-V-zscore,ALL_THREE_PRESPECIFIED_SEEDS_COMPLETED,T:0.5:middle,T,0.5,middle,1,728,728,1.0,0,43,0.37615514446616877,0.768614875370666
B-V-zscore,ALL_THREE_PRESPECIFIED_SEEDS_COMPLETED,T:0.5:back,T,0.5,back,1,728,728,1.0,0,17,0.4103916170594723,0.7826655979572403
B-V-zscore,ALL_THREE_PRESPECIFIED_SEEDS_COMPLETED,T:0.5:back,T,0.5,back,1,728,728,1.0,0,29,0.36946210878823377,0.7712189134030928
B-V-zscore,ALL_THREE_PRESPECIFIED_SEEDS_COMPLETED,T:0.5:back,T,0.5,back,1,728,728,1.0,0,43,0.37615514446616877,0.768614875370666
B-V-zscore,ALL_THREE_PRESPECIFIED_SEEDS_COMPLETED,T:0.5:random,T,0.5,random,3,728,728,1.0,0,17,0.4103916170594723,0.7826655979572403
B-V-zscore,ALL_THREE_PRESPECIFIED_SEEDS_COMPLETED,T:0.5:random,T,0.5,random,3,728,728,1.0,0,29,0.36946210878823377,0.7712189134030928
B-V-zscore,ALL_THREE_PRESPECIFIED_SEEDS_COMPLETED,T:0.5:random,T,0.5,random,3,728,728,1.0,0,43,0.37615514446616877,0.768614875370666
B-V-zscore,ALL_THREE_PRESPECIFIED_SEEDS_COMPLETED,T:0.7:front,T,0.7,front,1,728,728,1.0,0,17,0.4103916170594723,0.7826655979572403
B-V-zscore,ALL_THREE_PRESPECIFIED_SEEDS_COMPLETED,T:0.7:front,T,0.7,front,1,728,728,1.0,0,29,0.36946210878823377,0.7712189134030928
B-V-zscore,ALL_THREE_PRESPECIFIED_SEEDS_COMPLETED,T:0.7:front,T,0.7,front,1,728,728,1.0,0,43,0.37615514446616877,0.768614875370666
B-V-zscore,ALL_THREE_PRESPECIFIED_SEEDS_COMPLETED,T:0.7:middle,T,0.7,middle,1,728,728,1.0,0,17,0.4103916170594723,0.7826655979572403
B-V-zscore,ALL_THREE_PRESPECIFIED_SEEDS_COMPLETED,T:0.7:middle,T,0.7,middle,1,728,728,1.0,0,29,0.36946210878823377,0.7712189134030928
B-V-zscore,ALL_THREE_PRESPECIFIED_SEEDS_COMPLETED,T:0.7:middle,T,0.7,middle,1,728,728,1.0,0,43,0.37615514446616877,0.768614875370666
B-V-zscore,ALL_THREE_PRESPECIFIED_SEEDS_COMPLETED,T:0.7:back,T,0.7,back,1,728,728,1.0,0,17,0.4103916170594723,0.7826655979572403
B-V-zscore,ALL_THREE_PRESPECIFIED_SEEDS_COMPLETED,T:0.7:back,T,0.7,back,1,728,728,1.0,0,29,0.36946210878823377,0.7712189134030928
B-V-zscore,ALL_THREE_PRESPECIFIED_SEEDS_COMPLETED,T:0.7:back,T,0.7,back,1,728,728,1.0,0,43,0.37615514446616877,0.768614875370666
B-V-zscore,ALL_THREE_PRESPECIFIED_SEEDS_COMPLETED,T:0.7:random,T,0.7,random,3,728,728,1.0,0,17,0.4103916170594723,0.7826655979572403
B-V-zscore,ALL_THREE_PRESPECIFIED_SEEDS_COMPLETED,T:0.7:random,T,0.7,random,3,728,728,1.0,0,29,0.36946210878823377,0.7712189134030928
B-V-zscore,ALL_THREE_PRESPECIFIED_SEEDS_COMPLETED,T:0.7:random,T,0.7,random,3,728,728,1.0,0,43,0.37615514446616877,0.768614875370666
B-V-zscore,ALL_THREE_PRESPECIFIED_SEEDS_COMPLETED,A:0.1:front,A,0.1,front,1,724,728,0.9945054945054945,4,17,0.4103916170594723,0.7826655979572403
B-V-zscore,ALL_THREE_PRESPECIFIED_SEEDS_COMPLETED,A:0.1:front,A,0.1,front,1,724,728,0.9945054945054945,4,29,0.36946210878823377,0.7712189134030928
B-V-zscore,ALL_THREE_PRESPECIFIED_SEEDS_COMPLETED,A:0.1:front,A,0.1,front,1,724,728,0.9945054945054945,4,43,0.37615514446616877,0.768614875370666
B-V-zscore,ALL_THREE_PRESPECIFIED_SEEDS_COMPLETED,A:0.1:middle,A,0.1,middle,1,724,728,0.9945054945054945,4,17,0.4103916170594723,0.7826655979572403
B-V-zscore,ALL_THREE_PRESPECIFIED_SEEDS_COMPLETED,A:0.1:middle,A,0.1,middle,1,724,728,0.9945054945054945,4,29,0.36946210878823377,0.7712189134030928
B-V-zscore,ALL_THREE_PRESPECIFIED_SEEDS_COMPLETED,A:0.1:middle,A,0.1,middle,1,724,728,0.9945054945054945,4,43,0.37615514446616877,0.768614875370666
B-V-zscore,ALL_THREE_PRESPECIFIED_SEEDS_COMPLETED,A:0.1:back,A,0.1,back,1,724,728,0.9945054945054945,4,17,0.4103916170594723,0.7826655979572403
B-V-zscore,ALL_THREE_PRESPECIFIED_SEEDS_COMPLETED,A:0.1:back,A,0.1,back,1,724,728,0.9945054945054945,4,29,0.36946210878823377,0.7712189134030928
B-V-zscore,ALL_THREE_PRESPECIFIED_SEEDS_COMPLETED,A:0.1:back,A,0.1,back,1,724,728,0.9945054945054945,4,43,0.37615514446616877,0.768614875370666
B-V-zscore,ALL_THREE_PRESPECIFIED_SEEDS_COMPLETED,A:0.1:random,A,0.1,random,3,724,728,0.9945054945054945,4,17,0.4103916170594723,0.7826655979572403
B-V-zscore,ALL_THREE_PRESPECIFIED_SEEDS_COMPLETED,A:0.1:random,A,0.1,random,3,724,728,0.9945054945054945,4,29,0.36946210878823377,0.7712189134030928
B-V-zscore,ALL_THREE_PRESPECIFIED_SEEDS_COMPLETED,A:0.1:random,A,0.1,random,3,724,728,0.9945054945054945,4,43,0.37615514446616877,0.768614875370666
B-V-zscore,ALL_THREE_PRESPECIFIED_SEEDS_COMPLETED,A:0.3:front,A,0.3,front,1,724,728,0.9945054945054945,4,17,0.4103916170594723,0.7826655979572403
B-V-zscore,ALL_THREE_PRESPECIFIED_SEEDS_COMPLETED,A:0.3:front,A,0.3,front,1,724,728,0.9945054945054945,4,29,0.36946210878823377,0.7712189134030928
B-V-zscore,ALL_THREE_PRESPECIFIED_SEEDS_COMPLETED,A:0.3:front,A,0.3,front,1,724,728,0.9945054945054945,4,43,0.37615514446616877,0.768614875370666
B-V-zscore,ALL_THREE_PRESPECIFIED_SEEDS_COMPLETED,A:0.3:middle,A,0.3,middle,1,724,728,0.9945054945054945,4,17,0.4103916170594723,0.7826655979572403
B-V-zscore,ALL_THREE_PRESPECIFIED_SEEDS_COMPLETED,A:0.3:middle,A,0.3,middle,1,724,728,0.9945054945054945,4,29,0.36946210878823377,0.7712189134030928
B-V-zscore,ALL_THREE_PRESPECIFIED_SEEDS_COMPLETED,A:0.3:middle,A,0.3,middle,1,724,728,0.9945054945054945,4,43,0.37615514446616877,0.768614875370666
B-V-zscore,ALL_THREE_PRESPECIFIED_SEEDS_COMPLETED,A:0.3:back,A,0.3,back,1,724,728,0.9945054945054945,4,17,0.4103916170594723,0.7826655979572403
B-V-zscore,ALL_THREE_PRESPECIFIED_SEEDS_COMPLETED,A:0.3:back,A,0.3,back,1,724,728,0.9945054945054945,4,29,0.36946210878823377,0.7712189134030928
B-V-zscore,ALL_THREE_PRESPECIFIED_SEEDS_COMPLETED,A:0.3:back,A,0.3,back,1,724,728,0.9945054945054945,4,43,0.37615514446616877,0.768614875370666
B-V-zscore,ALL_THREE_PRESPECIFIED_SEEDS_COMPLETED,A:0.3:random,A,0.3,random,3,724,728,0.9945054945054945,4,17,0.4103916170594723,0.7826655979572403
B-V-zscore,ALL_THREE_PRESPECIFIED_SEEDS_COMPLETED,A:0.3:random,A,0.3,random,3,724,728,0.9945054945054945,4,29,0.36946210878823377,0.7712189134030928
B-V-zscore,ALL_THREE_PRESPECIFIED_SEEDS_COMPLETED,A:0.3:random,A,0.3,random,3,724,728,0.9945054945054945,4,43,0.37615514446616877,0.768614875370666
B-V-zscore,ALL_THREE_PRESPECIFIED_SEEDS_COMPLETED,A:0.5:front,A,0.5,front,1,724,728,0.9945054945054945,4,17,0.4103916170594723,0.7826655979572403
B-V-zscore,ALL_THREE_PRESPECIFIED_SEEDS_COMPLETED,A:0.5:front,A,0.5,front,1,724,728,0.9945054945054945,4,29,0.36946210878823377,0.7712189134030928
B-V-zscore,ALL_THREE_PRESPECIFIED_SEEDS_COMPLETED,A:0.5:front,A,0.5,front,1,724,728,0.9945054945054945,4,43,0.37615514446616877,0.768614875370666
B-V-zscore,ALL_THREE_PRESPECIFIED_SEEDS_COMPLETED,A:0.5:middle,A,0.5,middle,1,724,728,0.9945054945054945,4,17,0.4103916170594723,0.7826655979572403
B-V-zscore,ALL_THREE_PRESPECIFIED_SEEDS_COMPLETED,A:0.5:middle,A,0.5,middle,1,724,728,0.9945054945054945,4,29,0.36946210878823377,0.7712189134030928
B-V-zscore,ALL_THREE_PRESPECIFIED_SEEDS_COMPLETED,A:0.5:middle,A,0.5,middle,1,724,728,0.9945054945054945,4,43,0.37615514446616877,0.768614875370666
B-V-zscore,ALL_THREE_PRESPECIFIED_SEEDS_COMPLETED,A:0.5:back,A,0.5,back,1,724,728,0.9945054945054945,4,17,0.4103916170594723,0.7826655979572403
B-V-zscore,ALL_THREE_PRESPECIFIED_SEEDS_COMPLETED,A:0.5:back,A,0.5,back,1,724,728,0.9945054945054945,4,29,0.36946210878823377,0.7712189134030928
B-V-zscore,ALL_THREE_PRESPECIFIED_SEEDS_COMPLETED,A:0.5:back,A,0.5,back,1,724,728,0.9945054945054945,4,43,0.37615514446616877,0.768614875370666
B-V-zscore,ALL_THREE_PRESPECIFIED_SEEDS_COMPLETED,A:0.5:random,A,0.5,random,3,724,728,0.9945054945054945,4,17,0.4103916170594723,0.7826655979572403
B-V-zscore,ALL_THREE_PRESPECIFIED_SEEDS_COMPLETED,A:0.5:random,A,0.5,random,3,724,728,0.9945054945054945,4,29,0.36946210878823377,0.7712189134030928
B-V-zscore,ALL_THREE_PRESPECIFIED_SEEDS_COMPLETED,A:0.5:random,A,0.5,random,3,724,728,0.9945054945054945,4,43,0.37615514446616877,0.768614875370666
B-V-zscore,ALL_THREE_PRESPECIFIED_SEEDS_COMPLETED,A:0.7:front,A,0.7,front,1,718,728,0.9862637362637363,10,17,0.4103916170594723,0.7826655969645119
B-V-zscore,ALL_THREE_PRESPECIFIED_SEEDS_COMPLETED,A:0.7:front,A,0.7,front,1,718,728,0.9862637362637363,10,29,0.36946210878823377,0.7712189139148085
B-V-zscore,ALL_THREE_PRESPECIFIED_SEEDS_COMPLETED,A:0.7:front,A,0.7,front,1,718,728,0.9862637362637363,10,43,0.37615514446616877,0.76861487523762
B-V-zscore,ALL_THREE_PRESPECIFIED_SEEDS_COMPLETED,A:0.7:middle,A,0.7,middle,1,718,728,0.9862637362637363,10,17,0.4103916170594723,0.7826655969645119
B-V-zscore,ALL_THREE_PRESPECIFIED_SEEDS_COMPLETED,A:0.7:middle,A,0.7,middle,1,718,728,0.9862637362637363,10,29,0.36946210878823377,0.7712189139148085
B-V-zscore,ALL_THREE_PRESPECIFIED_SEEDS_COMPLETED,A:0.7:middle,A,0.7,middle,1,718,728,0.9862637362637363,10,43,0.37615514446616877,0.76861487523762
B-V-zscore,ALL_THREE_PRESPECIFIED_SEEDS_COMPLETED,A:0.7:back,A,0.7,back,1,718,728,0.9862637362637363,10,17,0.4103916170594723,0.7826655969645119
B-V-zscore,ALL_THREE_PRESPECIFIED_SEEDS_COMPLETED,A:0.7:back,A,0.7,back,1,718,728,0.9862637362637363,10,29,0.36946210878823377,0.7712189139148085
B-V-zscore,ALL_THREE_PRESPECIFIED_SEEDS_COMPLETED,A:0.7:back,A,0.7,back,1,718,728,0.9862637362637363,10,43,0.37615514446616877,0.76861487523762
B-V-zscore,ALL_THREE_PRESPECIFIED_SEEDS_COMPLETED,A:0.7:random,A,0.7,random,3,718,728,0.9862637362637363,10,17,0.4103916170594723,0.7826655969645119
B-V-zscore,ALL_THREE_PRESPECIFIED_SEEDS_COMPLETED,A:0.7:random,A,0.7,random,3,718,728,0.9862637362637363,10,29,0.36946210878823377,0.7712189139148085
B-V-zscore,ALL_THREE_PRESPECIFIED_SEEDS_COMPLETED,A:0.7:random,A,0.7,random,3,718,728,0.9862637362637363,10,43,0.37615514446616877,0.76861487523762
B-V-zscore,ALL_THREE_PRESPECIFIED_SEEDS_COMPLETED,V:0.1:front,V,0.1,front,1,703,728,0.9656593406593407,25,17,0.3990446364492166,0.7853083069456082
B-V-zscore,ALL_THREE_PRESPECIFIED_SEEDS_COMPLETED,V:0.1:front,V,0.1,front,1,703,728,0.9656593406593407,25,29,0.3689055913665442,0.7728454907993072
B-V-zscore,ALL_THREE_PRESPECIFIED_SEEDS_COMPLETED,V:0.1:front,V,0.1,front,1,703,728,0.9656593406593407,25,43,0.3747963785057058,0.7699706820613745
B-V-zscore,ALL_THREE_PRESPECIFIED_SEEDS_COMPLETED,V:0.1:middle,V,0.1,middle,1,703,728,0.9656593406593407,25,17,0.4036353501572994,0.7824416308440549
B-V-zscore,ALL_THREE_PRESPECIFIED_SEEDS_COMPLETED,V:0.1:middle,V,0.1,middle,1,703,728,0.9656593406593407,25,29,0.36946210878823377,0.770674706770908
B-V-zscore,ALL_THREE_PRESPECIFIED_SEEDS_COMPLETED,V:0.1:middle,V,0.1,middle,1,703,728,0.9656593406593407,25,43,0.36886009528560826,0.7690961112973157
B-V-zscore,ALL_THREE_PRESPECIFIED_SEEDS_COMPLETED,V:0.1:back,V,0.1,back,1,703,728,0.9656593406593407,25,17,0.40948363941211924,0.7832256125260316
B-V-zscore,ALL_THREE_PRESPECIFIED_SEEDS_COMPLETED,V:0.1:back,V,0.1,back,1,703,728,0.9656593406593407,25,29,0.35751826290119904,0.7726995427488313
B-V-zscore,ALL_THREE_PRESPECIFIED_SEEDS_COMPLETED,V:0.1:back,V,0.1,back,1,703,728,0.9656593406593407,25,43,0.371172234013932,0.7684647711623936
B-V-zscore,ALL_THREE_PRESPECIFIED_SEEDS_COMPLETED,V:0.1:random,V,0.1,random,3,703,728,0.9656593406593407,25,17,0.4118883366196339,0.7835692346980667
B-V-zscore,ALL_THREE_PRESPECIFIED_SEEDS_COMPLETED,V:0.1:random,V,0.1,random,3,703,728,0.9656593406593407,25,29,0.36895313759909315,0.7716640952557509
B-V-zscore,ALL_THREE_PRESPECIFIED_SEEDS_COMPLETED,V:0.1:random,V,0.1,random,3,703,728,0.9656593406593407,25,43,0.37479326614777203,0.768591404974592
B-V-zscore,ALL_THREE_PRESPECIFIED_SEEDS_COMPLETED,V:0.3:front,V,0.3,front,1,703,728,0.9656593406593407,25,17,0.39288664825642267,0.7921905739745893
B-V-zscore,ALL_THREE_PRESPECIFIED_SEEDS_COMPLETED,V:0.3:front,V,0.3,front,1,703,728,0.9656593406593407,25,29,0.35313598112057676,0.7783366055704352
B-V-zscore,ALL_THREE_PRESPECIFIED_SEEDS_COMPLETED,V:0.3:front,V,0.3,front,1,703,728,0.9656593406593407,25,43,0.36239164696611503,0.7749991029336892
B-V-zscore,ALL_THREE_PRESPECIFIED_SEEDS_COMPLETED,V:0.3:middle,V,0.3,middle,1,703,728,0.9656593406593407,25,17,0.39664633776495,0.7839325559172001
B-V-zscore,ALL_THREE_PRESPECIFIED_SEEDS_COMPLETED,V:0.3:middle,V,0.3,middle,1,703,728,0.9656593406593407,25,29,0.3607987166497805,0.7728878280154626
B-V-zscore,ALL_THREE_PRESPECIFIED_SEEDS_COMPLETED,V:0.3:middle,V,0.3,middle,1,703,728,0.9656593406593407,25,43,0.3579950174761626,0.770924051496767
B-V-zscore,ALL_THREE_PRESPECIFIED_SEEDS_COMPLETED,V:0.3:back,V,0.3,back,1,703,728,0.9656593406593407,25,17,0.39606990657493074,0.7858100350587027
B-V-zscore,ALL_THREE_PRESPECIFIED_SEEDS_COMPLETED,V:0.3:back,V,0.3,back,1,703,728,0.9656593406593407,25,29,0.3810161853334957,0.7763740011471052
B-V-zscore,ALL_THREE_PRESPECIFIED_SEEDS_COMPLETED,V:0.3:back,V,0.3,back,1,703,728,0.9656593406593407,25,43,0.3671771143925728,0.7732657150361895
B-V-zscore,ALL_THREE_PRESPECIFIED_SEEDS_COMPLETED,V:0.3:random,V,0.3,random,3,703,728,0.9656593406593407,25,17,0.39553691947283715,0.7854786834355139
B-V-zscore,ALL_THREE_PRESPECIFIED_SEEDS_COMPLETED,V:0.3:random,V,0.3,random,3,703,728,0.9656593406593407,25,29,0.3642257142583844,0.7748490587991345
B-V-zscore,ALL_THREE_PRESPECIFIED_SEEDS_COMPLETED,V:0.3:random,V,0.3,random,3,703,728,0.9656593406593407,25,43,0.36338241593909854,0.7736199574595984
B-V-zscore,ALL_THREE_PRESPECIFIED_SEEDS_COMPLETED,V:0.5:front,V,0.5,front,1,703,728,0.9656593406593407,25,17,0.39952471189367794,0.79991302281045
B-V-zscore,ALL_THREE_PRESPECIFIED_SEEDS_COMPLETED,V:0.5:front,V,0.5,front,1,703,728,0.9656593406593407,25,29,0.36588876752059446,0.7845385412290272
B-V-zscore,ALL_THREE_PRESPECIFIED_SEEDS_COMPLETED,V:0.5:front,V,0.5,front,1,703,728,0.9656593406593407,25,43,0.35236813261460925,0.7802398159382302
B-V-zscore,ALL_THREE_PRESPECIFIED_SEEDS_COMPLETED,V:0.5:middle,V,0.5,middle,1,703,728,0.9656593406593407,25,17,0.38462085244403177,0.7861820201801742
B-V-zscore,ALL_THREE_PRESPECIFIED_SEEDS_COMPLETED,V:0.5:middle,V,0.5,middle,1,703,728,0.9656593406593407,25,29,0.36730000927213974,0.7758105847623793
B-V-zscore,ALL_THREE_PRESPECIFIED_SEEDS_COMPLETED,V:0.5:middle,V,0.5,middle,1,703,728,0.9656593406593407,25,43,0.3573093740640911,0.7715605640525489
B-V-zscore,ALL_THREE_PRESPECIFIED_SEEDS_COMPLETED,V:0.5:back,V,0.5,back,1,703,728,0.9656593406593407,25,17,0.38811247765965246,0.7929582060463433
B-V-zscore,ALL_THREE_PRESPECIFIED_SEEDS_COMPLETED,V:0.5:back,V,0.5,back,1,703,728,0.9656593406593407,25,29,0.3872058008007861,0.7790980805886927
B-V-zscore,ALL_THREE_PRESPECIFIED_SEEDS_COMPLETED,V:0.5:back,V,0.5,back,1,703,728,0.9656593406593407,25,43,0.37023708648260173,0.7778384777004729
B-V-zscore,ALL_THREE_PRESPECIFIED_SEEDS_COMPLETED,V:0.5:random,V,0.5,random,3,703,728,0.9656593406593407,25,17,0.3963209688102,0.7915950607172714
B-V-zscore,ALL_THREE_PRESPECIFIED_SEEDS_COMPLETED,V:0.5:random,V,0.5,random,3,703,728,0.9656593406593407,25,29,0.37744604587325786,0.776181717787233
B-V-zscore,ALL_THREE_PRESPECIFIED_SEEDS_COMPLETED,V:0.5:random,V,0.5,random,3,703,728,0.9656593406593407,25,43,0.3584020002356492,0.7753919317877864
B-V-zscore,ALL_THREE_PRESPECIFIED_SEEDS_COMPLETED,V:0.7:front,V,0.7,front,1,694,728,0.9532967032967034,34,17,0.38330822571746664,0.7955754411129848
B-V-zscore,ALL_THREE_PRESPECIFIED_SEEDS_COMPLETED,V:0.7:front,V,0.7,front,1,694,728,0.9532967032967034,34,29,0.3780102207320552,0.784155179710469
B-V-zscore,ALL_THREE_PRESPECIFIED_SEEDS_COMPLETED,V:0.7:front,V,0.7,front,1,694,728,0.9532967032967034,34,43,0.35926571664443147,0.7818438881769287
B-V-zscore,ALL_THREE_PRESPECIFIED_SEEDS_COMPLETED,V:0.7:middle,V,0.7,middle,1,694,728,0.9532967032967034,34,17,0.39146023547635284,0.7902461396759584
B-V-zscore,ALL_THREE_PRESPECIFIED_SEEDS_COMPLETED,V:0.7:middle,V,0.7,middle,1,694,728,0.9532967032967034,34,29,0.3808608971825593,0.7743335261328177
B-V-zscore,ALL_THREE_PRESPECIFIED_SEEDS_COMPLETED,V:0.7:middle,V,0.7,middle,1,694,728,0.9532967032967034,34,43,0.3594266942035085,0.7747147404519997
B-V-zscore,ALL_THREE_PRESPECIFIED_SEEDS_COMPLETED,V:0.7:back,V,0.7,back,1,694,728,0.9532967032967034,34,17,0.39590680703678965,0.8093700316375771
B-V-zscore,ALL_THREE_PRESPECIFIED_SEEDS_COMPLETED,V:0.7:back,V,0.7,back,1,694,728,0.9532967032967034,34,29,0.37839314867354834,0.7889994902308879
B-V-zscore,ALL_THREE_PRESPECIFIED_SEEDS_COMPLETED,V:0.7:back,V,0.7,back,1,694,728,0.9532967032967034,34,43,0.3547868178726401,0.7919702361559158
B-V-zscore,ALL_THREE_PRESPECIFIED_SEEDS_COMPLETED,V:0.7:random,V,0.7,random,3,694,728,0.9532967032967034,34,17,0.400841246483517,0.7947399968888198
B-V-zscore,ALL_THREE_PRESPECIFIED_SEEDS_COMPLETED,V:0.7:random,V,0.7,random,3,694,728,0.9532967032967034,34,29,0.3780641507301072,0.779782301338109
B-V-zscore,ALL_THREE_PRESPECIFIED_SEEDS_COMPLETED,V:0.7:random,V,0.7,random,3,694,728,0.9532967032967034,34,43,0.35739381615006877,0.7793048533625179
B-V-zscore,ALL_THREE_PRESPECIFIED_SEEDS_COMPLETED,TA:0.1:front,TA,0.1,front,1,724,728,0.9945054945054945,4,17,0.4103916170594723,0.7826655979572403
B-V-zscore,ALL_THREE_PRESPECIFIED_SEEDS_COMPLETED,TA:0.1:front,TA,0.1,front,1,724,728,0.9945054945054945,4,29,0.36946210878823377,0.7712189134030928
B-V-zscore,ALL_THREE_PRESPECIFIED_SEEDS_COMPLETED,TA:0.1:front,TA,0.1,front,1,724,728,0.9945054945054945,4,43,0.37615514446616877,0.768614875370666
B-V-zscore,ALL_THREE_PRESPECIFIED_SEEDS_COMPLETED,TA:0.1:middle,TA,0.1,middle,1,724,728,0.9945054945054945,4,17,0.4103916170594723,0.7826655979572403
B-V-zscore,ALL_THREE_PRESPECIFIED_SEEDS_COMPLETED,TA:0.1:middle,TA,0.1,middle,1,724,728,0.9945054945054945,4,29,0.36946210878823377,0.7712189134030928
B-V-zscore,ALL_THREE_PRESPECIFIED_SEEDS_COMPLETED,TA:0.1:middle,TA,0.1,middle,1,724,728,0.9945054945054945,4,43,0.37615514446616877,0.768614875370666
B-V-zscore,ALL_THREE_PRESPECIFIED_SEEDS_COMPLETED,TA:0.1:back,TA,0.1,back,1,724,728,0.9945054945054945,4,17,0.4103916170594723,0.7826655979572403
B-V-zscore,ALL_THREE_PRESPECIFIED_SEEDS_COMPLETED,TA:0.1:back,TA,0.1,back,1,724,728,0.9945054945054945,4,29,0.36946210878823377,0.7712189134030928
B-V-zscore,ALL_THREE_PRESPECIFIED_SEEDS_COMPLETED,TA:0.1:back,TA,0.1,back,1,724,728,0.9945054945054945,4,43,0.37615514446616877,0.768614875370666
B-V-zscore,ALL_THREE_PRESPECIFIED_SEEDS_COMPLETED,TA:0.1:random,TA,0.1,random,3,724,728,0.9945054945054945,4,17,0.4103916170594723,0.7826655979572403
B-V-zscore,ALL_THREE_PRESPECIFIED_SEEDS_COMPLETED,TA:0.1:random,TA,0.1,random,3,724,728,0.9945054945054945,4,29,0.36946210878823377,0.7712189134030928
B-V-zscore,ALL_THREE_PRESPECIFIED_SEEDS_COMPLETED,TA:0.1:random,TA,0.1,random,3,724,728,0.9945054945054945,4,43,0.37615514446616877,0.768614875370666
B-V-zscore,ALL_THREE_PRESPECIFIED_SEEDS_COMPLETED,TA:0.3:front,TA,0.3,front,1,724,728,0.9945054945054945,4,17,0.4103916170594723,0.7826655979572403
B-V-zscore,ALL_THREE_PRESPECIFIED_SEEDS_COMPLETED,TA:0.3:front,TA,0.3,front,1,724,728,0.9945054945054945,4,29,0.36946210878823377,0.7712189134030928
B-V-zscore,ALL_THREE_PRESPECIFIED_SEEDS_COMPLETED,TA:0.3:front,TA,0.3,front,1,724,728,0.9945054945054945,4,43,0.37615514446616877,0.768614875370666
B-V-zscore,ALL_THREE_PRESPECIFIED_SEEDS_COMPLETED,TA:0.3:middle,TA,0.3,middle,1,724,728,0.9945054945054945,4,17,0.4103916170594723,0.7826655979572403
B-V-zscore,ALL_THREE_PRESPECIFIED_SEEDS_COMPLETED,TA:0.3:middle,TA,0.3,middle,1,724,728,0.9945054945054945,4,29,0.36946210878823377,0.7712189134030928
B-V-zscore,ALL_THREE_PRESPECIFIED_SEEDS_COMPLETED,TA:0.3:middle,TA,0.3,middle,1,724,728,0.9945054945054945,4,43,0.37615514446616877,0.768614875370666
B-V-zscore,ALL_THREE_PRESPECIFIED_SEEDS_COMPLETED,TA:0.3:back,TA,0.3,back,1,724,728,0.9945054945054945,4,17,0.4103916170594723,0.7826655979572403
B-V-zscore,ALL_THREE_PRESPECIFIED_SEEDS_COMPLETED,TA:0.3:back,TA,0.3,back,1,724,728,0.9945054945054945,4,29,0.36946210878823377,0.7712189134030928
B-V-zscore,ALL_THREE_PRESPECIFIED_SEEDS_COMPLETED,TA:0.3:back,TA,0.3,back,1,724,728,0.9945054945054945,4,43,0.37615514446616877,0.768614875370666
B-V-zscore,ALL_THREE_PRESPECIFIED_SEEDS_COMPLETED,TA:0.3:random,TA,0.3,random,3,724,728,0.9945054945054945,4,17,0.4103916170594723,0.7826655979572403
B-V-zscore,ALL_THREE_PRESPECIFIED_SEEDS_COMPLETED,TA:0.3:random,TA,0.3,random,3,724,728,0.9945054945054945,4,29,0.36946210878823377,0.7712189134030928
B-V-zscore,ALL_THREE_PRESPECIFIED_SEEDS_COMPLETED,TA:0.3:random,TA,0.3,random,3,724,728,0.9945054945054945,4,43,0.37615514446616877,0.768614875370666
B-V-zscore,ALL_THREE_PRESPECIFIED_SEEDS_COMPLETED,TA:0.5:front,TA,0.5,front,1,724,728,0.9945054945054945,4,17,0.4103916170594723,0.7826655979572403
B-V-zscore,ALL_THREE_PRESPECIFIED_SEEDS_COMPLETED,TA:0.5:front,TA,0.5,front,1,724,728,0.9945054945054945,4,29,0.36946210878823377,0.7712189134030928
B-V-zscore,ALL_THREE_PRESPECIFIED_SEEDS_COMPLETED,TA:0.5:front,TA,0.5,front,1,724,728,0.9945054945054945,4,43,0.37615514446616877,0.768614875370666
B-V-zscore,ALL_THREE_PRESPECIFIED_SEEDS_COMPLETED,TA:0.5:middle,TA,0.5,middle,1,724,728,0.9945054945054945,4,17,0.4103916170594723,0.7826655979572403
B-V-zscore,ALL_THREE_PRESPECIFIED_SEEDS_COMPLETED,TA:0.5:middle,TA,0.5,middle,1,724,728,0.9945054945054945,4,29,0.36946210878823377,0.7712189134030928
B-V-zscore,ALL_THREE_PRESPECIFIED_SEEDS_COMPLETED,TA:0.5:middle,TA,0.5,middle,1,724,728,0.9945054945054945,4,43,0.37615514446616877,0.768614875370666
B-V-zscore,ALL_THREE_PRESPECIFIED_SEEDS_COMPLETED,TA:0.5:back,TA,0.5,back,1,724,728,0.9945054945054945,4,17,0.4103916170594723,0.7826655979572403
B-V-zscore,ALL_THREE_PRESPECIFIED_SEEDS_COMPLETED,TA:0.5:back,TA,0.5,back,1,724,728,0.9945054945054945,4,29,0.36946210878823377,0.7712189134030928
B-V-zscore,ALL_THREE_PRESPECIFIED_SEEDS_COMPLETED,TA:0.5:back,TA,0.5,back,1,724,728,0.9945054945054945,4,43,0.37615514446616877,0.768614875370666
B-V-zscore,ALL_THREE_PRESPECIFIED_SEEDS_COMPLETED,TA:0.5:random,TA,0.5,random,3,724,728,0.9945054945054945,4,17,0.4103916170594723,0.7826655979572403
B-V-zscore,ALL_THREE_PRESPECIFIED_SEEDS_COMPLETED,TA:0.5:random,TA,0.5,random,3,724,728,0.9945054945054945,4,29,0.36946210878823377,0.7712189134030928
B-V-zscore,ALL_THREE_PRESPECIFIED_SEEDS_COMPLETED,TA:0.5:random,TA,0.5,random,3,724,728,0.9945054945054945,4,43,0.37615514446616877,0.768614875370666
B-V-zscore,ALL_THREE_PRESPECIFIED_SEEDS_COMPLETED,TA:0.7:front,TA,0.7,front,1,718,728,0.9862637362637363,10,17,0.4103916170594723,0.7826655969645119
B-V-zscore,ALL_THREE_PRESPECIFIED_SEEDS_COMPLETED,TA:0.7:front,TA,0.7,front,1,718,728,0.9862637362637363,10,29,0.36946210878823377,0.7712189139148085
B-V-zscore,ALL_THREE_PRESPECIFIED_SEEDS_COMPLETED,TA:0.7:front,TA,0.7,front,1,718,728,0.9862637362637363,10,43,0.37615514446616877,0.76861487523762
B-V-zscore,ALL_THREE_PRESPECIFIED_SEEDS_COMPLETED,TA:0.7:middle,TA,0.7,middle,1,718,728,0.9862637362637363,10,17,0.4103916170594723,0.7826655969645119
B-V-zscore,ALL_THREE_PRESPECIFIED_SEEDS_COMPLETED,TA:0.7:middle,TA,0.7,middle,1,718,728,0.9862637362637363,10,29,0.36946210878823377,0.7712189139148085
B-V-zscore,ALL_THREE_PRESPECIFIED_SEEDS_COMPLETED,TA:0.7:middle,TA,0.7,middle,1,718,728,0.9862637362637363,10,43,0.37615514446616877,0.76861487523762
B-V-zscore,ALL_THREE_PRESPECIFIED_SEEDS_COMPLETED,TA:0.7:back,TA,0.7,back,1,718,728,0.9862637362637363,10,17,0.4103916170594723,0.7826655969645119
B-V-zscore,ALL_THREE_PRESPECIFIED_SEEDS_COMPLETED,TA:0.7:back,TA,0.7,back,1,718,728,0.9862637362637363,10,29,0.36946210878823377,0.7712189139148085
B-V-zscore,ALL_THREE_PRESPECIFIED_SEEDS_COMPLETED,TA:0.7:back,TA,0.7,back,1,718,728,0.9862637362637363,10,43,0.37615514446616877,0.76861487523762
B-V-zscore,ALL_THREE_PRESPECIFIED_SEEDS_COMPLETED,TA:0.7:random,TA,0.7,random,3,718,728,0.9862637362637363,10,17,0.4103916170594723,0.7826655969645119
B-V-zscore,ALL_THREE_PRESPECIFIED_SEEDS_COMPLETED,TA:0.7:random,TA,0.7,random,3,718,728,0.9862637362637363,10,29,0.36946210878823377,0.7712189139148085
B-V-zscore,ALL_THREE_PRESPECIFIED_SEEDS_COMPLETED,TA:0.7:random,TA,0.7,random,3,718,728,0.9862637362637363,10,43,0.37615514446616877,0.76861487523762
B-V-zscore,ALL_THREE_PRESPECIFIED_SEEDS_COMPLETED,TV:0.1:front,TV,0.1,front,1,703,728,0.9656593406593407,25,17,0.3990446364492166,0.7853083069456082
B-V-zscore,ALL_THREE_PRESPECIFIED_SEEDS_COMPLETED,TV:0.1:front,TV,0.1,front,1,703,728,0.9656593406593407,25,29,0.3689055913665442,0.7728454907993072
B-V-zscore,ALL_THREE_PRESPECIFIED_SEEDS_COMPLETED,TV:0.1:front,TV,0.1,front,1,703,728,0.9656593406593407,25,43,0.3747963785057058,0.7699706820613745
B-V-zscore,ALL_THREE_PRESPECIFIED_SEEDS_COMPLETED,TV:0.1:middle,TV,0.1,middle,1,703,728,0.9656593406593407,25,17,0.4036353501572994,0.7824416308440549
B-V-zscore,ALL_THREE_PRESPECIFIED_SEEDS_COMPLETED,TV:0.1:middle,TV,0.1,middle,1,703,728,0.9656593406593407,25,29,0.36946210878823377,0.770674706770908
B-V-zscore,ALL_THREE_PRESPECIFIED_SEEDS_COMPLETED,TV:0.1:middle,TV,0.1,middle,1,703,728,0.9656593406593407,25,43,0.36886009528560826,0.7690961112973157
B-V-zscore,ALL_THREE_PRESPECIFIED_SEEDS_COMPLETED,TV:0.1:back,TV,0.1,back,1,703,728,0.9656593406593407,25,17,0.40948363941211924,0.7832256125260316
B-V-zscore,ALL_THREE_PRESPECIFIED_SEEDS_COMPLETED,TV:0.1:back,TV,0.1,back,1,703,728,0.9656593406593407,25,29,0.35751826290119904,0.7726995427488313
B-V-zscore,ALL_THREE_PRESPECIFIED_SEEDS_COMPLETED,TV:0.1:back,TV,0.1,back,1,703,728,0.9656593406593407,25,43,0.371172234013932,0.7684647711623936
B-V-zscore,ALL_THREE_PRESPECIFIED_SEEDS_COMPLETED,TV:0.1:random,TV,0.1,random,3,703,728,0.9656593406593407,25,17,0.4104505526898407,0.7840446584680286
B-V-zscore,ALL_THREE_PRESPECIFIED_SEEDS_COMPLETED,TV:0.1:random,TV,0.1,random,3,703,728,0.9656593406593407,25,29,0.36910955174008026,0.7704652635388728
B-V-zscore,ALL_THREE_PRESPECIFIED_SEEDS_COMPLETED,TV:0.1:random,TV,0.1,random,3,703,728,0.9656593406593407,25,43,0.37458970978661243,0.7678343206265602
B-V-zscore,ALL_THREE_PRESPECIFIED_SEEDS_COMPLETED,TV:0.3:front,TV,0.3,front,1,703,728,0.9656593406593407,25,17,0.39288664825642267,0.7921905739745893
B-V-zscore,ALL_THREE_PRESPECIFIED_SEEDS_COMPLETED,TV:0.3:front,TV,0.3,front,1,703,728,0.9656593406593407,25,29,0.35313598112057676,0.7783366055704352
B-V-zscore,ALL_THREE_PRESPECIFIED_SEEDS_COMPLETED,TV:0.3:front,TV,0.3,front,1,703,728,0.9656593406593407,25,43,0.36239164696611503,0.7749991029336892
B-V-zscore,ALL_THREE_PRESPECIFIED_SEEDS_COMPLETED,TV:0.3:middle,TV,0.3,middle,1,703,728,0.9656593406593407,25,17,0.39664633776495,0.7839325559172001
B-V-zscore,ALL_THREE_PRESPECIFIED_SEEDS_COMPLETED,TV:0.3:middle,TV,0.3,middle,1,703,728,0.9656593406593407,25,29,0.3607987166497805,0.7728878280154626
B-V-zscore,ALL_THREE_PRESPECIFIED_SEEDS_COMPLETED,TV:0.3:middle,TV,0.3,middle,1,703,728,0.9656593406593407,25,43,0.3579950174761626,0.770924051496767
B-V-zscore,ALL_THREE_PRESPECIFIED_SEEDS_COMPLETED,TV:0.3:back,TV,0.3,back,1,703,728,0.9656593406593407,25,17,0.39606990657493074,0.7858100350587027
B-V-zscore,ALL_THREE_PRESPECIFIED_SEEDS_COMPLETED,TV:0.3:back,TV,0.3,back,1,703,728,0.9656593406593407,25,29,0.3810161853334957,0.7763740011471052
B-V-zscore,ALL_THREE_PRESPECIFIED_SEEDS_COMPLETED,TV:0.3:back,TV,0.3,back,1,703,728,0.9656593406593407,25,43,0.3671771143925728,0.7732657150361895
B-V-zscore,ALL_THREE_PRESPECIFIED_SEEDS_COMPLETED,TV:0.3:random,TV,0.3,random,3,703,728,0.9656593406593407,25,17,0.4056756071154333,0.7841285474484551
B-V-zscore,ALL_THREE_PRESPECIFIED_SEEDS_COMPLETED,TV:0.3:random,TV,0.3,random,3,703,728,0.9656593406593407,25,29,0.3641933736673388,0.7761703699942544
B-V-zscore,ALL_THREE_PRESPECIFIED_SEEDS_COMPLETED,TV:0.3:random,TV,0.3,random,3,703,728,0.9656593406593407,25,43,0.35771788616965927,0.7725095834513537
B-V-zscore,ALL_THREE_PRESPECIFIED_SEEDS_COMPLETED,TV:0.5:front,TV,0.5,front,1,703,728,0.9656593406593407,25,17,0.39952471189367794,0.79991302281045
B-V-zscore,ALL_THREE_PRESPECIFIED_SEEDS_COMPLETED,TV:0.5:front,TV,0.5,front,1,703,728,0.9656593406593407,25,29,0.36588876752059446,0.7845385412290272
B-V-zscore,ALL_THREE_PRESPECIFIED_SEEDS_COMPLETED,TV:0.5:front,TV,0.5,front,1,703,728,0.9656593406593407,25,43,0.35236813261460925,0.7802398159382302
B-V-zscore,ALL_THREE_PRESPECIFIED_SEEDS_COMPLETED,TV:0.5:middle,TV,0.5,middle,1,703,728,0.9656593406593407,25,17,0.38462085244403177,0.7861820201801742
B-V-zscore,ALL_THREE_PRESPECIFIED_SEEDS_COMPLETED,TV:0.5:middle,TV,0.5,middle,1,703,728,0.9656593406593407,25,29,0.36730000927213974,0.7758105847623793
B-V-zscore,ALL_THREE_PRESPECIFIED_SEEDS_COMPLETED,TV:0.5:middle,TV,0.5,middle,1,703,728,0.9656593406593407,25,43,0.3573093740640911,0.7715605640525489
B-V-zscore,ALL_THREE_PRESPECIFIED_SEEDS_COMPLETED,TV:0.5:back,TV,0.5,back,1,703,728,0.9656593406593407,25,17,0.38811247765965246,0.7929582060463433
B-V-zscore,ALL_THREE_PRESPECIFIED_SEEDS_COMPLETED,TV:0.5:back,TV,0.5,back,1,703,728,0.9656593406593407,25,29,0.3872058008007861,0.7790980805886927
B-V-zscore,ALL_THREE_PRESPECIFIED_SEEDS_COMPLETED,TV:0.5:back,TV,0.5,back,1,703,728,0.9656593406593407,25,43,0.37023708648260173,0.7778384777004729
B-V-zscore,ALL_THREE_PRESPECIFIED_SEEDS_COMPLETED,TV:0.5:random,TV,0.5,random,3,703,728,0.9656593406593407,25,17,0.3933009475796882,0.786476014738036
B-V-zscore,ALL_THREE_PRESPECIFIED_SEEDS_COMPLETED,TV:0.5:random,TV,0.5,random,3,703,728,0.9656593406593407,25,29,0.3820814936083771,0.7727177125224719
B-V-zscore,ALL_THREE_PRESPECIFIED_SEEDS_COMPLETED,TV:0.5:random,TV,0.5,random,3,703,728,0.9656593406593407,25,43,0.3652554806922259,0.7705901508563775
B-V-zscore,ALL_THREE_PRESPECIFIED_SEEDS_COMPLETED,TV:0.7:front,TV,0.7,front,1,694,728,0.9532967032967034,34,17,0.38330822571746664,0.7955754411129848
B-V-zscore,ALL_THREE_PRESPECIFIED_SEEDS_COMPLETED,TV:0.7:front,TV,0.7,front,1,694,728,0.9532967032967034,34,29,0.3780102207320552,0.784155179710469
B-V-zscore,ALL_THREE_PRESPECIFIED_SEEDS_COMPLETED,TV:0.7:front,TV,0.7,front,1,694,728,0.9532967032967034,34,43,0.35926571664443147,0.7818438881769287
B-V-zscore,ALL_THREE_PRESPECIFIED_SEEDS_COMPLETED,TV:0.7:middle,TV,0.7,middle,1,694,728,0.9532967032967034,34,17,0.39146023547635284,0.7902461396759584
B-V-zscore,ALL_THREE_PRESPECIFIED_SEEDS_COMPLETED,TV:0.7:middle,TV,0.7,middle,1,694,728,0.9532967032967034,34,29,0.3808608971825593,0.7743335261328177
B-V-zscore,ALL_THREE_PRESPECIFIED_SEEDS_COMPLETED,TV:0.7:middle,TV,0.7,middle,1,694,728,0.9532967032967034,34,43,0.3594266942035085,0.7747147404519997
B-V-zscore,ALL_THREE_PRESPECIFIED_SEEDS_COMPLETED,TV:0.7:back,TV,0.7,back,1,694,728,0.9532967032967034,34,17,0.39590680703678965,0.8093700316375771
B-V-zscore,ALL_THREE_PRESPECIFIED_SEEDS_COMPLETED,TV:0.7:back,TV,0.7,back,1,694,728,0.9532967032967034,34,29,0.37839314867354834,0.7889994902308879
B-V-zscore,ALL_THREE_PRESPECIFIED_SEEDS_COMPLETED,TV:0.7:back,TV,0.7,back,1,694,728,0.9532967032967034,34,43,0.3547868178726401,0.7919702361559158
B-V-zscore,ALL_THREE_PRESPECIFIED_SEEDS_COMPLETED,TV:0.7:random,TV,0.7,random,3,694,728,0.9532967032967034,34,17,0.39409903035306737,0.802393513601864
B-V-zscore,ALL_THREE_PRESPECIFIED_SEEDS_COMPLETED,TV:0.7:random,TV,0.7,random,3,694,728,0.9532967032967034,34,29,0.3742147105337949,0.7847963685359364
B-V-zscore,ALL_THREE_PRESPECIFIED_SEEDS_COMPLETED,TV:0.7:random,TV,0.7,random,3,694,728,0.9532967032967034,34,43,0.3533330722627135,0.786936991727372
B-V-zscore,ALL_THREE_PRESPECIFIED_SEEDS_COMPLETED,AV:0.1:front,AV,0.1,front,1,703,728,0.9656593406593407,25,17,0.3990446364492166,0.7853083069456082
B-V-zscore,ALL_THREE_PRESPECIFIED_SEEDS_COMPLETED,AV:0.1:front,AV,0.1,front,1,703,728,0.9656593406593407,25,29,0.3689055913665442,0.7728454907993072
B-V-zscore,ALL_THREE_PRESPECIFIED_SEEDS_COMPLETED,AV:0.1:front,AV,0.1,front,1,703,728,0.9656593406593407,25,43,0.3747963785057058,0.7699706820613745
B-V-zscore,ALL_THREE_PRESPECIFIED_SEEDS_COMPLETED,AV:0.1:middle,AV,0.1,middle,1,703,728,0.9656593406593407,25,17,0.4036353501572994,0.7824416308440549
B-V-zscore,ALL_THREE_PRESPECIFIED_SEEDS_COMPLETED,AV:0.1:middle,AV,0.1,middle,1,703,728,0.9656593406593407,25,29,0.36946210878823377,0.770674706770908
B-V-zscore,ALL_THREE_PRESPECIFIED_SEEDS_COMPLETED,AV:0.1:middle,AV,0.1,middle,1,703,728,0.9656593406593407,25,43,0.36886009528560826,0.7690961112973157
B-V-zscore,ALL_THREE_PRESPECIFIED_SEEDS_COMPLETED,AV:0.1:back,AV,0.1,back,1,703,728,0.9656593406593407,25,17,0.40948363941211924,0.7832256125260316
B-V-zscore,ALL_THREE_PRESPECIFIED_SEEDS_COMPLETED,AV:0.1:back,AV,0.1,back,1,703,728,0.9656593406593407,25,29,0.35751826290119904,0.7726995427488313
B-V-zscore,ALL_THREE_PRESPECIFIED_SEEDS_COMPLETED,AV:0.1:back,AV,0.1,back,1,703,728,0.9656593406593407,25,43,0.371172234013932,0.7684647711623936
B-V-zscore,ALL_THREE_PRESPECIFIED_SEEDS_COMPLETED,AV:0.1:random,AV,0.1,random,3,703,728,0.9656593406593407,25,17,0.4048047296705761,0.7849271746103174
B-V-zscore,ALL_THREE_PRESPECIFIED_SEEDS_COMPLETED,AV:0.1:random,AV,0.1,random,3,703,728,0.9656593406593407,25,29,0.367801177320678,0.7730525540974824
B-V-zscore,ALL_THREE_PRESPECIFIED_SEEDS_COMPLETED,AV:0.1:random,AV,0.1,random,3,703,728,0.9656593406593407,25,43,0.37523699663367266,0.76932764545434
B-V-zscore,ALL_THREE_PRESPECIFIED_SEEDS_COMPLETED,AV:0.3:front,AV,0.3,front,1,703,728,0.9656593406593407,25,17,0.39288664825642267,0.7921905739745893
B-V-zscore,ALL_THREE_PRESPECIFIED_SEEDS_COMPLETED,AV:0.3:front,AV,0.3,front,1,703,728,0.9656593406593407,25,29,0.35313598112057676,0.7783366055704352
B-V-zscore,ALL_THREE_PRESPECIFIED_SEEDS_COMPLETED,AV:0.3:front,AV,0.3,front,1,703,728,0.9656593406593407,25,43,0.36239164696611503,0.7749991029336892
B-V-zscore,ALL_THREE_PRESPECIFIED_SEEDS_COMPLETED,AV:0.3:middle,AV,0.3,middle,1,703,728,0.9656593406593407,25,17,0.39664633776495,0.7839325559172001
B-V-zscore,ALL_THREE_PRESPECIFIED_SEEDS_COMPLETED,AV:0.3:middle,AV,0.3,middle,1,703,728,0.9656593406593407,25,29,0.3607987166497805,0.7728878280154626
B-V-zscore,ALL_THREE_PRESPECIFIED_SEEDS_COMPLETED,AV:0.3:middle,AV,0.3,middle,1,703,728,0.9656593406593407,25,43,0.3579950174761626,0.770924051496767
B-V-zscore,ALL_THREE_PRESPECIFIED_SEEDS_COMPLETED,AV:0.3:back,AV,0.3,back,1,703,728,0.9656593406593407,25,17,0.39606990657493074,0.7858100350587027
B-V-zscore,ALL_THREE_PRESPECIFIED_SEEDS_COMPLETED,AV:0.3:back,AV,0.3,back,1,703,728,0.9656593406593407,25,29,0.3810161853334957,0.7763740011471052
B-V-zscore,ALL_THREE_PRESPECIFIED_SEEDS_COMPLETED,AV:0.3:back,AV,0.3,back,1,703,728,0.9656593406593407,25,43,0.3671771143925728,0.7732657150361895
B-V-zscore,ALL_THREE_PRESPECIFIED_SEEDS_COMPLETED,AV:0.3:random,AV,0.3,random,3,703,728,0.9656593406593407,25,17,0.40159987427427857,0.7860589221652599
B-V-zscore,ALL_THREE_PRESPECIFIED_SEEDS_COMPLETED,AV:0.3:random,AV,0.3,random,3,703,728,0.9656593406593407,25,29,0.36328360779571006,0.7751534980169653
B-V-zscore,ALL_THREE_PRESPECIFIED_SEEDS_COMPLETED,AV:0.3:random,AV,0.3,random,3,703,728,0.9656593406593407,25,43,0.3665421582453212,0.772829615072737
B-V-zscore,ALL_THREE_PRESPECIFIED_SEEDS_COMPLETED,AV:0.5:front,AV,0.5,front,1,703,728,0.9656593406593407,25,17,0.39952471189367794,0.79991302281045
B-V-zscore,ALL_THREE_PRESPECIFIED_SEEDS_COMPLETED,AV:0.5:front,AV,0.5,front,1,703,728,0.9656593406593407,25,29,0.36588876752059446,0.7845385412290272
B-V-zscore,ALL_THREE_PRESPECIFIED_SEEDS_COMPLETED,AV:0.5:front,AV,0.5,front,1,703,728,0.9656593406593407,25,43,0.35236813261460925,0.7802398159382302
B-V-zscore,ALL_THREE_PRESPECIFIED_SEEDS_COMPLETED,AV:0.5:middle,AV,0.5,middle,1,703,728,0.9656593406593407,25,17,0.38462085244403177,0.7861820201801742
B-V-zscore,ALL_THREE_PRESPECIFIED_SEEDS_COMPLETED,AV:0.5:middle,AV,0.5,middle,1,703,728,0.9656593406593407,25,29,0.36730000927213974,0.7758105847623793
B-V-zscore,ALL_THREE_PRESPECIFIED_SEEDS_COMPLETED,AV:0.5:middle,AV,0.5,middle,1,703,728,0.9656593406593407,25,43,0.3573093740640911,0.7715605640525489
B-V-zscore,ALL_THREE_PRESPECIFIED_SEEDS_COMPLETED,AV:0.5:back,AV,0.5,back,1,703,728,0.9656593406593407,25,17,0.38811247765965246,0.7929582060463433
B-V-zscore,ALL_THREE_PRESPECIFIED_SEEDS_COMPLETED,AV:0.5:back,AV,0.5,back,1,703,728,0.9656593406593407,25,29,0.3872058008007861,0.7790980805886927
B-V-zscore,ALL_THREE_PRESPECIFIED_SEEDS_COMPLETED,AV:0.5:back,AV,0.5,back,1,703,728,0.9656593406593407,25,43,0.37023708648260173,0.7778384777004729
B-V-zscore,ALL_THREE_PRESPECIFIED_SEEDS_COMPLETED,AV:0.5:random,AV,0.5,random,3,703,728,0.9656593406593407,25,17,0.4050083257672911,0.7816186822143182
B-V-zscore,ALL_THREE_PRESPECIFIED_SEEDS_COMPLETED,AV:0.5:random,AV,0.5,random,3,703,728,0.9656593406593407,25,29,0.38797162647215117,0.7714937770556473
B-V-zscore,ALL_THREE_PRESPECIFIED_SEEDS_COMPLETED,AV:0.5:random,AV,0.5,random,3,703,728,0.9656593406593407,25,43,0.3670493606001859,0.772977541967324
B-V-zscore,ALL_THREE_PRESPECIFIED_SEEDS_COMPLETED,AV:0.7:front,AV,0.7,front,1,694,728,0.9532967032967034,34,17,0.38330822571746664,0.7955754411129848
B-V-zscore,ALL_THREE_PRESPECIFIED_SEEDS_COMPLETED,AV:0.7:front,AV,0.7,front,1,694,728,0.9532967032967034,34,29,0.3780102207320552,0.784155179710469
B-V-zscore,ALL_THREE_PRESPECIFIED_SEEDS_COMPLETED,AV:0.7:front,AV,0.7,front,1,694,728,0.9532967032967034,34,43,0.35926571664443147,0.7818438881769287
B-V-zscore,ALL_THREE_PRESPECIFIED_SEEDS_COMPLETED,AV:0.7:middle,AV,0.7,middle,1,694,728,0.9532967032967034,34,17,0.39146023547635284,0.7902461396759584
B-V-zscore,ALL_THREE_PRESPECIFIED_SEEDS_COMPLETED,AV:0.7:middle,AV,0.7,middle,1,694,728,0.9532967032967034,34,29,0.3808608971825593,0.7743335261328177
B-V-zscore,ALL_THREE_PRESPECIFIED_SEEDS_COMPLETED,AV:0.7:middle,AV,0.7,middle,1,694,728,0.9532967032967034,34,43,0.3594266942035085,0.7747147404519997
B-V-zscore,ALL_THREE_PRESPECIFIED_SEEDS_COMPLETED,AV:0.7:back,AV,0.7,back,1,694,728,0.9532967032967034,34,17,0.39590680703678965,0.8093700316375771
B-V-zscore,ALL_THREE_PRESPECIFIED_SEEDS_COMPLETED,AV:0.7:back,AV,0.7,back,1,694,728,0.9532967032967034,34,29,0.37839314867354834,0.7889994902308879
B-V-zscore,ALL_THREE_PRESPECIFIED_SEEDS_COMPLETED,AV:0.7:back,AV,0.7,back,1,694,728,0.9532967032967034,34,43,0.3547868178726401,0.7919702361559158
B-V-zscore,ALL_THREE_PRESPECIFIED_SEEDS_COMPLETED,AV:0.7:random,AV,0.7,random,3,694,728,0.9532967032967034,34,17,0.39104051557793884,0.7973369520789545
B-V-zscore,ALL_THREE_PRESPECIFIED_SEEDS_COMPLETED,AV:0.7:random,AV,0.7,random,3,694,728,0.9532967032967034,34,29,0.3810131160215753,0.7843399632296456
B-V-zscore,ALL_THREE_PRESPECIFIED_SEEDS_COMPLETED,AV:0.7:random,AV,0.7,random,3,694,728,0.9532967032967034,34,43,0.35378449103703025,0.7861723142726481
C0-zscore,ALL_THREE_PRESPECIFIED_SEEDS_COMPLETED,T:0.1:front,T,0.1,front,1,728,728,1.0,0,17,0.5670406737241313,0.6304190048962642
C0-zscore,ALL_THREE_PRESPECIFIED_SEEDS_COMPLETED,T:0.1:front,T,0.1,front,1,728,728,1.0,0,29,0.5884581727263257,0.6464887330830507
C0-zscore,ALL_THREE_PRESPECIFIED_SEEDS_COMPLETED,T:0.1:front,T,0.1,front,1,728,728,1.0,0,43,0.5929607881455033,0.6197215806057031
C0-zscore,ALL_THREE_PRESPECIFIED_SEEDS_COMPLETED,T:0.1:middle,T,0.1,middle,1,728,728,1.0,0,17,0.5909511237145852,0.623632680830689
C0-zscore,ALL_THREE_PRESPECIFIED_SEEDS_COMPLETED,T:0.1:middle,T,0.1,middle,1,728,728,1.0,0,29,0.5922647574517826,0.6394737021595235
C0-zscore,ALL_THREE_PRESPECIFIED_SEEDS_COMPLETED,T:0.1:middle,T,0.1,middle,1,728,728,1.0,0,43,0.5869109117593966,0.6109612736391072
C0-zscore,ALL_THREE_PRESPECIFIED_SEEDS_COMPLETED,T:0.1:back,T,0.1,back,1,728,728,1.0,0,17,0.5757286715435983,0.640992627750985
C0-zscore,ALL_THREE_PRESPECIFIED_SEEDS_COMPLETED,T:0.1:back,T,0.1,back,1,728,728,1.0,0,29,0.5984288265370663,0.6573933302002682
C0-zscore,ALL_THREE_PRESPECIFIED_SEEDS_COMPLETED,T:0.1:back,T,0.1,back,1,728,728,1.0,0,43,0.5892187363250602,0.6249163133619292
C0-zscore,ALL_THREE_PRESPECIFIED_SEEDS_COMPLETED,T:0.1:random,T,0.1,random,3,728,728,1.0,0,17,0.5867057648483515,0.6256459740907037
C0-zscore,ALL_THREE_PRESPECIFIED_SEEDS_COMPLETED,T:0.1:random,T,0.1,random,3,728,728,1.0,0,29,0.5963303127676465,0.643315976428735
C0-zscore,ALL_THREE_PRESPECIFIED_SEEDS_COMPLETED,T:0.1:random,T,0.1,random,3,728,728,1.0,0,43,0.5892452240908518,0.614680085345487
C0-zscore,ALL_THREE_PRESPECIFIED_SEEDS_COMPLETED,T:0.3:front,T,0.3,front,1,728,728,1.0,0,17,0.5709318807657945,0.6439558385571038
C0-zscore,ALL_THREE_PRESPECIFIED_SEEDS_COMPLETED,T:0.3:front,T,0.3,front,1,728,728,1.0,0,29,0.5721813593276344,0.6639167386609908
C0-zscore,ALL_THREE_PRESPECIFIED_SEEDS_COMPLETED,T:0.3:front,T,0.3,front,1,728,728,1.0,0,43,0.5773171376180498,0.6283709596200324
C0-zscore,ALL_THREE_PRESPECIFIED_SEEDS_COMPLETED,T:0.3:middle,T,0.3,middle,1,728,728,1.0,0,17,0.6084538883960545,0.6236043036646711
C0-zscore,ALL_THREE_PRESPECIFIED_SEEDS_COMPLETED,T:0.3:middle,T,0.3,middle,1,728,728,1.0,0,29,0.5975551166345002,0.639457357927113
C0-zscore,ALL_THREE_PRESPECIFIED_SEEDS_COMPLETED,T:0.3:middle,T,0.3,middle,1,728,728,1.0,0,43,0.5933188101896012,0.6091779192012816
C0-zscore,ALL_THREE_PRESPECIFIED_SEEDS_COMPLETED,T:0.3:back,T,0.3,back,1,728,728,1.0,0,17,0.5754683527365181,0.6400618704383205
C0-zscore,ALL_THREE_PRESPECIFIED_SEEDS_COMPLETED,T:0.3:back,T,0.3,back,1,728,728,1.0,0,29,0.5794016404185895,0.6633503581857779
C0-zscore,ALL_THREE_PRESPECIFIED_SEEDS_COMPLETED,T:0.3:back,T,0.3,back,1,728,728,1.0,0,43,0.5755024437065069,0.6247494754446722
C0-zscore,ALL_THREE_PRESPECIFIED_SEEDS_COMPLETED,T:0.3:random,T,0.3,random,3,728,728,1.0,0,17,0.5815577726820057,0.6324062983427817
C0-zscore,ALL_THREE_PRESPECIFIED_SEEDS_COMPLETED,T:0.3:random,T,0.3,random,3,728,728,1.0,0,29,0.5784909337292304,0.6489638464612546
C0-zscore,ALL_THREE_PRESPECIFIED_SEEDS_COMPLETED,T:0.3:random,T,0.3,random,3,728,728,1.0,0,43,0.5787721280035082,0.6203828301331269
C0-zscore,ALL_THREE_PRESPECIFIED_SEEDS_COMPLETED,T:0.5:front,T,0.5,front,1,728,728,1.0,0,17,0.5794420311207032,0.6576022583014871
C0-zscore,ALL_THREE_PRESPECIFIED_SEEDS_COMPLETED,T:0.5:front,T,0.5,front,1,728,728,1.0,0,29,0.5661416287116032,0.6780431644561199
C0-zscore,ALL_THREE_PRESPECIFIED_SEEDS_COMPLETED,T:0.5:front,T,0.5,front,1,728,728,1.0,0,43,0.5630795646275523,0.6431306215370289
C0-zscore,ALL_THREE_PRESPECIFIED_SEEDS_COMPLETED,T:0.5:middle,T,0.5,middle,1,728,728,1.0,0,17,0.5925645631080366,0.6283903038106823
C0-zscore,ALL_THREE_PRESPECIFIED_SEEDS_COMPLETED,T:0.5:middle,T,0.5,middle,1,728,728,1.0,0,29,0.5890420604036345,0.6476859067349854
C0-zscore,ALL_THREE_PRESPECIFIED_SEEDS_COMPLETED,T:0.5:middle,T,0.5,middle,1,728,728,1.0,0,43,0.5925040850409226,0.6275716793135251
C0-zscore,ALL_THREE_PRESPECIFIED_SEEDS_COMPLETED,T:0.5:back,T,0.5,back,1,728,728,1.0,0,17,0.5779430798403574,0.6413694725501106
C0-zscore,ALL_THREE_PRESPECIFIED_SEEDS_COMPLETED,T:0.5:back,T,0.5,back,1,728,728,1.0,0,29,0.5721783170831491,0.6716690325219143
C0-zscore,ALL_THREE_PRESPECIFIED_SEEDS_COMPLETED,T:0.5:back,T,0.5,back,1,728,728,1.0,0,43,0.5704350686350182,0.6290103945984111
C0-zscore,ALL_THREE_PRESPECIFIED_SEEDS_COMPLETED,T:0.5:random,T,0.5,random,3,728,728,1.0,0,17,0.5774060045285915,0.6401735958522258
C0-zscore,ALL_THREE_PRESPECIFIED_SEEDS_COMPLETED,T:0.5:random,T,0.5,random,3,728,728,1.0,0,29,0.5717588617911852,0.6537253953122676
C0-zscore,ALL_THREE_PRESPECIFIED_SEEDS_COMPLETED,T:0.5:random,T,0.5,random,3,728,728,1.0,0,43,0.5744486284198981,0.6289756456869223
C0-zscore,ALL_THREE_PRESPECIFIED_SEEDS_COMPLETED,T:0.7:front,T,0.7,front,1,728,728,1.0,0,17,0.571785291095057,0.6600433183196871
C0-zscore,ALL_THREE_PRESPECIFIED_SEEDS_COMPLETED,T:0.7:front,T,0.7,front,1,728,728,1.0,0,29,0.5750159716559023,0.6955158067121974
C0-zscore,ALL_THREE_PRESPECIFIED_SEEDS_COMPLETED,T:0.7:front,T,0.7,front,1,728,728,1.0,0,43,0.5729951210269527,0.6696674810210115
C0-zscore,ALL_THREE_PRESPECIFIED_SEEDS_COMPLETED,T:0.7:middle,T,0.7,middle,1,728,728,1.0,0,17,0.583670241592412,0.6473172922690007
C0-zscore,ALL_THREE_PRESPECIFIED_SEEDS_COMPLETED,T:0.7:middle,T,0.7,middle,1,728,728,1.0,0,29,0.5779456602868788,0.6813748322830568
C0-zscore,ALL_THREE_PRESPECIFIED_SEEDS_COMPLETED,T:0.7:middle,T,0.7,middle,1,728,728,1.0,0,43,0.5809950558877732,0.6896392711550816
C0-zscore,ALL_THREE_PRESPECIFIED_SEEDS_COMPLETED,T:0.7:back,T,0.7,back,1,728,728,1.0,0,17,0.559565058366345,0.6578442059549411
C0-zscore,ALL_THREE_PRESPECIFIED_SEEDS_COMPLETED,T:0.7:back,T,0.7,back,1,728,728,1.0,0,29,0.5602997714286929,0.681066167552202
C0-zscore,ALL_THREE_PRESPECIFIED_SEEDS_COMPLETED,T:0.7:back,T,0.7,back,1,728,728,1.0,0,43,0.5633320632384616,0.6535460791351647
C0-zscore,ALL_THREE_PRESPECIFIED_SEEDS_COMPLETED,T:0.7:random,T,0.7,random,3,728,728,1.0,0,17,0.5771129942720145,0.6522182234479886
C0-zscore,ALL_THREE_PRESPECIFIED_SEEDS_COMPLETED,T:0.7:random,T,0.7,random,3,728,728,1.0,0,29,0.5800127086439681,0.6827426435968617
C0-zscore,ALL_THREE_PRESPECIFIED_SEEDS_COMPLETED,T:0.7:random,T,0.7,random,3,728,728,1.0,0,43,0.5741945230822275,0.6753412390364127
C0-zscore,ALL_THREE_PRESPECIFIED_SEEDS_COMPLETED,A:0.1:front,A,0.1,front,1,724,728,0.9945054945054945,4,17,0.5750184331355698,0.6232579069701087
C0-zscore,ALL_THREE_PRESPECIFIED_SEEDS_COMPLETED,A:0.1:front,A,0.1,front,1,724,728,0.9945054945054945,4,29,0.5997751255160555,0.6418639470026432
C0-zscore,ALL_THREE_PRESPECIFIED_SEEDS_COMPLETED,A:0.1:front,A,0.1,front,1,724,728,0.9945054945054945,4,43,0.5948249501683105,0.6193710164602585
C0-zscore,ALL_THREE_PRESPECIFIED_SEEDS_COMPLETED,A:0.1:middle,A,0.1,middle,1,724,728,0.9945054945054945,4,17,0.579146287956494,0.6228589281787748
C0-zscore,ALL_THREE_PRESPECIFIED_SEEDS_COMPLETED,A:0.1:middle,A,0.1,middle,1,724,728,0.9945054945054945,4,29,0.6036285145768451,0.6402725910433379
C0-zscore,ALL_THREE_PRESPECIFIED_SEEDS_COMPLETED,A:0.1:middle,A,0.1,middle,1,724,728,0.9945054945054945,4,43,0.5922985424652323,0.6200694934878201
C0-zscore,ALL_THREE_PRESPECIFIED_SEEDS_COMPLETED,A:0.1:back,A,0.1,back,1,724,728,0.9945054945054945,4,17,0.5772295389035007,0.6248356236287541
C0-zscore,ALL_THREE_PRESPECIFIED_SEEDS_COMPLETED,A:0.1:back,A,0.1,back,1,724,728,0.9945054945054945,4,29,0.5976118267507115,0.640816676699055
C0-zscore,ALL_THREE_PRESPECIFIED_SEEDS_COMPLETED,A:0.1:back,A,0.1,back,1,724,728,0.9945054945054945,4,43,0.5923968613915204,0.6201033875714619
C0-zscore,ALL_THREE_PRESPECIFIED_SEEDS_COMPLETED,A:0.1:random,A,0.1,random,3,724,728,0.9945054945054945,4,17,0.5753120056771214,0.6232254882470509
C0-zscore,ALL_THREE_PRESPECIFIED_SEEDS_COMPLETED,A:0.1:random,A,0.1,random,3,724,728,0.9945054945054945,4,29,0.597241802413604,0.6414877112130566
C0-zscore,ALL_THREE_PRESPECIFIED_SEEDS_COMPLETED,A:0.1:random,A,0.1,random,3,724,728,0.9945054945054945,4,43,0.593898713992591,0.6210818990832409
C0-zscore,ALL_THREE_PRESPECIFIED_SEEDS_COMPLETED,A:0.3:front,A,0.3,front,1,724,728,0.9945054945054945,4,17,0.5878384084069366,0.6244002265342675
C0-zscore,ALL_THREE_PRESPECIFIED_SEEDS_COMPLETED,A:0.3:front,A,0.3,front,1,724,728,0.9945054945054945,4,29,0.5988024150501327,0.64486699736585
C0-zscore,ALL_THREE_PRESPECIFIED_SEEDS_COMPLETED,A:0.3:front,A,0.3,front,1,724,728,0.9945054945054945,4,43,0.5936285033846009,0.6285297161980102
C0-zscore,ALL_THREE_PRESPECIFIED_SEEDS_COMPLETED,A:0.3:middle,A,0.3,middle,1,724,728,0.9945054945054945,4,17,0.5784506571671929,0.6230213687679049
C0-zscore,ALL_THREE_PRESPECIFIED_SEEDS_COMPLETED,A:0.3:middle,A,0.3,middle,1,724,728,0.9945054945054945,4,29,0.6045873481174441,0.6434086712515736
C0-zscore,ALL_THREE_PRESPECIFIED_SEEDS_COMPLETED,A:0.3:middle,A,0.3,middle,1,724,728,0.9945054945054945,4,43,0.594335215092126,0.6309097084302486
C0-zscore,ALL_THREE_PRESPECIFIED_SEEDS_COMPLETED,A:0.3:back,A,0.3,back,1,724,728,0.9945054945054945,4,17,0.5842330380455198,0.6277264589969911
C0-zscore,ALL_THREE_PRESPECIFIED_SEEDS_COMPLETED,A:0.3:back,A,0.3,back,1,724,728,0.9945054945054945,4,29,0.5962406283277935,0.6422594165423716
C0-zscore,ALL_THREE_PRESPECIFIED_SEEDS_COMPLETED,A:0.3:back,A,0.3,back,1,724,728,0.9945054945054945,4,43,0.5870185984039457,0.6318408316090847
C0-zscore,ALL_THREE_PRESPECIFIED_SEEDS_COMPLETED,A:0.3:random,A,0.3,random,3,724,728,0.9945054945054945,4,17,0.5863582652543224,0.6254322618591913
C0-zscore,ALL_THREE_PRESPECIFIED_SEEDS_COMPLETED,A:0.3:random,A,0.3,random,3,724,728,0.9945054945054945,4,29,0.6015751689302221,0.6443700136250309
C0-zscore,ALL_THREE_PRESPECIFIED_SEEDS_COMPLETED,A:0.3:random,A,0.3,random,3,724,728,0.9945054945054945,4,43,0.5954093369829292,0.6313404310128997
C0-zscore,ALL_THREE_PRESPECIFIED_SEEDS_COMPLETED,A:0.5:front,A,0.5,front,1,724,728,0.9945054945054945,4,17,0.5898313670311969,0.6293739350739698
C0-zscore,ALL_THREE_PRESPECIFIED_SEEDS_COMPLETED,A:0.5:front,A,0.5,front,1,724,728,0.9945054945054945,4,29,0.5980609552372568,0.6454974755151952
C0-zscore,ALL_THREE_PRESPECIFIED_SEEDS_COMPLETED,A:0.5:front,A,0.5,front,1,724,728,0.9945054945054945,4,43,0.5902023963215047,0.6393174030477434
C0-zscore,ALL_THREE_PRESPECIFIED_SEEDS_COMPLETED,A:0.5:middle,A,0.5,middle,1,724,728,0.9945054945054945,4,17,0.5848838631061811,0.6241724980050943
C0-zscore,ALL_THREE_PRESPECIFIED_SEEDS_COMPLETED,A:0.5:middle,A,0.5,middle,1,724,728,0.9945054945054945,4,29,0.5956206691895337,0.6440517812066041
C0-zscore,ALL_THREE_PRESPECIFIED_SEEDS_COMPLETED,A:0.5:middle,A,0.5,middle,1,724,728,0.9945054945054945,4,43,0.5877720043910791,0.6437809783831023
C0-zscore,ALL_THREE_PRESPECIFIED_SEEDS_COMPLETED,A:0.5:back,A,0.5,back,1,724,728,0.9945054945054945,4,17,0.5836998077489585,0.6282188732683618
C0-zscore,ALL_THREE_PRESPECIFIED_SEEDS_COMPLETED,A:0.5:back,A,0.5,back,1,724,728,0.9945054945054945,4,29,0.5896943187378595,0.6421818458248099
C0-zscore,ALL_THREE_PRESPECIFIED_SEEDS_COMPLETED,A:0.5:back,A,0.5,back,1,724,728,0.9945054945054945,4,43,0.5866233312742467,0.6435036553251609
C0-zscore,ALL_THREE_PRESPECIFIED_SEEDS_COMPLETED,A:0.5:random,A,0.5,random,3,724,728,0.9945054945054945,4,17,0.5836477674790043,0.626206798087232
C0-zscore,ALL_THREE_PRESPECIFIED_SEEDS_COMPLETED,A:0.5:random,A,0.5,random,3,724,728,0.9945054945054945,4,29,0.5937964453713476,0.6432463388404751
C0-zscore,ALL_THREE_PRESPECIFIED_SEEDS_COMPLETED,A:0.5:random,A,0.5,random,3,724,728,0.9945054945054945,4,43,0.5899834544440875,0.6411279617783067
C0-zscore,ALL_THREE_PRESPECIFIED_SEEDS_COMPLETED,A:0.7:front,A,0.7,front,1,718,728,0.9862637362637363,10,17,0.5888745720544475,0.6311573799046148
C0-zscore,ALL_THREE_PRESPECIFIED_SEEDS_COMPLETED,A:0.7:front,A,0.7,front,1,718,728,0.9862637362637363,10,29,0.5977962185513543,0.6492391602608892
C0-zscore,ALL_THREE_PRESPECIFIED_SEEDS_COMPLETED,A:0.7:front,A,0.7,front,1,718,728,0.9862637362637363,10,43,0.589813862638986,0.6528684010724076
C0-zscore,ALL_THREE_PRESPECIFIED_SEEDS_COMPLETED,A:0.7:middle,A,0.7,middle,1,718,728,0.9862637362637363,10,17,0.5831956900178071,0.6312101489869407
C0-zscore,ALL_THREE_PRESPECIFIED_SEEDS_COMPLETED,A:0.7:middle,A,0.7,middle,1,718,728,0.9862637362637363,10,29,0.5845535785416274,0.6476753360668907
C0-zscore,ALL_THREE_PRESPECIFIED_SEEDS_COMPLETED,A:0.7:middle,A,0.7,middle,1,718,728,0.9862637362637363,10,43,0.5803816109617108,0.6581026579510513
C0-zscore,ALL_THREE_PRESPECIFIED_SEEDS_COMPLETED,A:0.7:back,A,0.7,back,1,718,728,0.9862637362637363,10,17,0.5852684351999389,0.6268412996626237
C0-zscore,ALL_THREE_PRESPECIFIED_SEEDS_COMPLETED,A:0.7:back,A,0.7,back,1,718,728,0.9862637362637363,10,29,0.5934393100037272,0.6471570120981426
C0-zscore,ALL_THREE_PRESPECIFIED_SEEDS_COMPLETED,A:0.7:back,A,0.7,back,1,718,728,0.9862637362637363,10,43,0.5821469656372597,0.6639076872243594
C0-zscore,ALL_THREE_PRESPECIFIED_SEEDS_COMPLETED,A:0.7:random,A,0.7,random,3,718,728,0.9862637362637363,10,17,0.5890382704009794,0.6291051065757033
C0-zscore,ALL_THREE_PRESPECIFIED_SEEDS_COMPLETED,A:0.7:random,A,0.7,random,3,718,728,0.9862637362637363,10,29,0.5960075690214474,0.6517718791318934
C0-zscore,ALL_THREE_PRESPECIFIED_SEEDS_COMPLETED,A:0.7:random,A,0.7,random,3,718,728,0.9862637362637363,10,43,0.5818849561611222,0.6629938520428225
C0-zscore,ALL_THREE_PRESPECIFIED_SEEDS_COMPLETED,V:0.1:front,V,0.1,front,1,703,728,0.9656593406593407,25,17,0.5747022341416078,0.6240907943210114
C0-zscore,ALL_THREE_PRESPECIFIED_SEEDS_COMPLETED,V:0.1:front,V,0.1,front,1,703,728,0.9656593406593407,25,29,0.5969844748031378,0.6405377405633892
C0-zscore,ALL_THREE_PRESPECIFIED_SEEDS_COMPLETED,V:0.1:front,V,0.1,front,1,703,728,0.9656593406593407,25,43,0.5894696130954545,0.6196369925968971
C0-zscore,ALL_THREE_PRESPECIFIED_SEEDS_COMPLETED,V:0.1:middle,V,0.1,middle,1,703,728,0.9656593406593407,25,17,0.577837395699326,0.623401706812009
C0-zscore,ALL_THREE_PRESPECIFIED_SEEDS_COMPLETED,V:0.1:middle,V,0.1,middle,1,703,728,0.9656593406593407,25,29,0.5916705970052732,0.6392910169081886
C0-zscore,ALL_THREE_PRESPECIFIED_SEEDS_COMPLETED,V:0.1:middle,V,0.1,middle,1,703,728,0.9656593406593407,25,43,0.595308521902759,0.6202087608808242
C0-zscore,ALL_THREE_PRESPECIFIED_SEEDS_COMPLETED,V:0.1:back,V,0.1,back,1,703,728,0.9656593406593407,25,17,0.573505345715257,0.6239409608092251
C0-zscore,ALL_THREE_PRESPECIFIED_SEEDS_COMPLETED,V:0.1:back,V,0.1,back,1,703,728,0.9656593406593407,25,29,0.5967574402605558,0.6402310222812038
C0-zscore,ALL_THREE_PRESPECIFIED_SEEDS_COMPLETED,V:0.1:back,V,0.1,back,1,703,728,0.9656593406593407,25,43,0.5961493571787689,0.6190917617444699
C0-zscore,ALL_THREE_PRESPECIFIED_SEEDS_COMPLETED,V:0.1:random,V,0.1,random,3,703,728,0.9656593406593407,25,17,0.575386309773459,0.6240410681539121
C0-zscore,ALL_THREE_PRESPECIFIED_SEEDS_COMPLETED,V:0.1:random,V,0.1,random,3,703,728,0.9656593406593407,25,29,0.5980889928824856,0.6401853931751341
C0-zscore,ALL_THREE_PRESPECIFIED_SEEDS_COMPLETED,V:0.1:random,V,0.1,random,3,703,728,0.9656593406593407,25,43,0.5958675986630722,0.6205682600094129
C0-zscore,ALL_THREE_PRESPECIFIED_SEEDS_COMPLETED,V:0.3:front,V,0.3,front,1,703,728,0.9656593406593407,25,17,0.57250084784647,0.6253480863767665
C0-zscore,ALL_THREE_PRESPECIFIED_SEEDS_COMPLETED,V:0.3:front,V,0.3,front,1,703,728,0.9656593406593407,25,29,0.5973842707063527,0.6404910405060266
C0-zscore,ALL_THREE_PRESPECIFIED_SEEDS_COMPLETED,V:0.3:front,V,0.3,front,1,703,728,0.9656593406593407,25,43,0.5918535532139689,0.6286759075099746
C0-zscore,ALL_THREE_PRESPECIFIED_SEEDS_COMPLETED,V:0.3:middle,V,0.3,middle,1,703,728,0.9656593406593407,25,17,0.582122910751943,0.6236742939333083
C0-zscore,ALL_THREE_PRESPECIFIED_SEEDS_COMPLETED,V:0.3:middle,V,0.3,middle,1,703,728,0.9656593406593407,25,29,0.5939727523832042,0.6371652772912377
C0-zscore,ALL_THREE_PRESPECIFIED_SEEDS_COMPLETED,V:0.3:middle,V,0.3,middle,1,703,728,0.9656593406593407,25,43,0.5947334598528041,0.6295670971541747
C0-zscore,ALL_THREE_PRESPECIFIED_SEEDS_COMPLETED,V:0.3:back,V,0.3,back,1,703,728,0.9656593406593407,25,17,0.5767936814247733,0.626338108751832
C0-zscore,ALL_THREE_PRESPECIFIED_SEEDS_COMPLETED,V:0.3:back,V,0.3,back,1,703,728,0.9656593406593407,25,29,0.5966402116402116,0.6411076139877449
C0-zscore,ALL_THREE_PRESPECIFIED_SEEDS_COMPLETED,V:0.3:back,V,0.3,back,1,703,728,0.9656593406593407,25,43,0.5947233971644801,0.6280802415383553
C0-zscore,ALL_THREE_PRESPECIFIED_SEEDS_COMPLETED,V:0.3:random,V,0.3,random,3,703,728,0.9656593406593407,25,17,0.5757057338078462,0.624861621543093
C0-zscore,ALL_THREE_PRESPECIFIED_SEEDS_COMPLETED,V:0.3:random,V,0.3,random,3,703,728,0.9656593406593407,25,29,0.5960787406655058,0.6391426731387027
C0-zscore,ALL_THREE_PRESPECIFIED_SEEDS_COMPLETED,V:0.3:random,V,0.3,random,3,703,728,0.9656593406593407,25,43,0.5948909480700176,0.6298051826203209
C0-zscore,ALL_THREE_PRESPECIFIED_SEEDS_COMPLETED,V:0.5:front,V,0.5,front,1,703,728,0.9656593406593407,25,17,0.5764887626416534,0.6272606107804177
C0-zscore,ALL_THREE_PRESPECIFIED_SEEDS_COMPLETED,V:0.5:front,V,0.5,front,1,703,728,0.9656593406593407,25,29,0.5915041099494339,0.6413395672932313
C0-zscore,ALL_THREE_PRESPECIFIED_SEEDS_COMPLETED,V:0.5:front,V,0.5,front,1,703,728,0.9656593406593407,25,43,0.587733274260381,0.64045442054739
C0-zscore,ALL_THREE_PRESPECIFIED_SEEDS_COMPLETED,V:0.5:middle,V,0.5,middle,1,703,728,0.9656593406593407,25,17,0.5800387254353386,0.6239044610797914
C0-zscore,ALL_THREE_PRESPECIFIED_SEEDS_COMPLETED,V:0.5:middle,V,0.5,middle,1,703,728,0.9656593406593407,25,29,0.5940262325804494,0.6350610585477725
C0-zscore,ALL_THREE_PRESPECIFIED_SEEDS_COMPLETED,V:0.5:middle,V,0.5,middle,1,703,728,0.9656593406593407,25,43,0.594582973087646,0.639209860873122
C0-zscore,ALL_THREE_PRESPECIFIED_SEEDS_COMPLETED,V:0.5:back,V,0.5,back,1,703,728,0.9656593406593407,25,17,0.5712339818036393,0.6271869735216599
C0-zscore,ALL_THREE_PRESPECIFIED_SEEDS_COMPLETED,V:0.5:back,V,0.5,back,1,703,728,0.9656593406593407,25,29,0.5954199201700828,0.6402024922036607
C0-zscore,ALL_THREE_PRESPECIFIED_SEEDS_COMPLETED,V:0.5:back,V,0.5,back,1,703,728,0.9656593406593407,25,43,0.5994026812541865,0.6373782768867307
C0-zscore,ALL_THREE_PRESPECIFIED_SEEDS_COMPLETED,V:0.5:random,V,0.5,random,3,703,728,0.9656593406593407,25,17,0.5761018881650812,0.6261978484845836
C0-zscore,ALL_THREE_PRESPECIFIED_SEEDS_COMPLETED,V:0.5:random,V,0.5,random,3,703,728,0.9656593406593407,25,29,0.5925416153615565,0.6391658771930978
C0-zscore,ALL_THREE_PRESPECIFIED_SEEDS_COMPLETED,V:0.5:random,V,0.5,random,3,703,728,0.9656593406593407,25,43,0.5925323149494068,0.6404349340562795
C0-zscore,ALL_THREE_PRESPECIFIED_SEEDS_COMPLETED,V:0.7:front,V,0.7,front,1,694,728,0.9532967032967034,34,17,0.5768112746413044,0.6269827366625548
C0-zscore,ALL_THREE_PRESPECIFIED_SEEDS_COMPLETED,V:0.7:front,V,0.7,front,1,694,728,0.9532967032967034,34,29,0.5853770353881828,0.6363479302329994
C0-zscore,ALL_THREE_PRESPECIFIED_SEEDS_COMPLETED,V:0.7:front,V,0.7,front,1,694,728,0.9532967032967034,34,43,0.5881349302766121,0.6533722597178184
C0-zscore,ALL_THREE_PRESPECIFIED_SEEDS_COMPLETED,V:0.7:middle,V,0.7,middle,1,694,728,0.9532967032967034,34,17,0.5782651882651882,0.6273622055190032
C0-zscore,ALL_THREE_PRESPECIFIED_SEEDS_COMPLETED,V:0.7:middle,V,0.7,middle,1,694,728,0.9532967032967034,34,29,0.5906618356337482,0.6376086426566222
C0-zscore,ALL_THREE_PRESPECIFIED_SEEDS_COMPLETED,V:0.7:middle,V,0.7,middle,1,694,728,0.9532967032967034,34,43,0.5865165512452885,0.6540817760059336
C0-zscore,ALL_THREE_PRESPECIFIED_SEEDS_COMPLETED,V:0.7:back,V,0.7,back,1,694,728,0.9532967032967034,34,17,0.5829991016839996,0.6295705536373374
C0-zscore,ALL_THREE_PRESPECIFIED_SEEDS_COMPLETED,V:0.7:back,V,0.7,back,1,694,728,0.9532967032967034,34,29,0.593907422349607,0.6410744920133736
C0-zscore,ALL_THREE_PRESPECIFIED_SEEDS_COMPLETED,V:0.7:back,V,0.7,back,1,694,728,0.9532967032967034,34,43,0.5946484351187228,0.6522873618338093
C0-zscore,ALL_THREE_PRESPECIFIED_SEEDS_COMPLETED,V:0.7:random,V,0.7,random,3,694,728,0.9532967032967034,34,17,0.578297286445227,0.627371109410248
C0-zscore,ALL_THREE_PRESPECIFIED_SEEDS_COMPLETED,V:0.7:random,V,0.7,random,3,694,728,0.9532967032967034,34,29,0.5931802777365018,0.6395468713801278
C0-zscore,ALL_THREE_PRESPECIFIED_SEEDS_COMPLETED,V:0.7:random,V,0.7,random,3,694,728,0.9532967032967034,34,43,0.5909980167218536,0.6551580452661911
C0-zscore,ALL_THREE_PRESPECIFIED_SEEDS_COMPLETED,TA:0.1:front,TA,0.1,front,1,724,728,0.9945054945054945,4,17,0.5668331123671295,0.6277434181356112
C0-zscore,ALL_THREE_PRESPECIFIED_SEEDS_COMPLETED,TA:0.1:front,TA,0.1,front,1,724,728,0.9945054945054945,4,29,0.5882366477301542,0.6472289477357293
C0-zscore,ALL_THREE_PRESPECIFIED_SEEDS_COMPLETED,TA:0.1:front,TA,0.1,front,1,724,728,0.9945054945054945,4,43,0.5852713901807305,0.6212854739220987
C0-zscore,ALL_THREE_PRESPECIFIED_SEEDS_COMPLETED,TA:0.1:middle,TA,0.1,middle,1,724,728,0.9945054945054945,4,17,0.5783324685985295,0.6236206416838935
C0-zscore,ALL_THREE_PRESPECIFIED_SEEDS_COMPLETED,TA:0.1:middle,TA,0.1,middle,1,724,728,0.9945054945054945,4,29,0.5925209441692656,0.638486813668131
C0-zscore,ALL_THREE_PRESPECIFIED_SEEDS_COMPLETED,TA:0.1:middle,TA,0.1,middle,1,724,728,0.9945054945054945,4,43,0.5878120598966833,0.6137407849185236
C0-zscore,ALL_THREE_PRESPECIFIED_SEEDS_COMPLETED,TA:0.1:back,TA,0.1,back,1,724,728,0.9945054945054945,4,17,0.5708258351077227,0.6376137550428361
C0-zscore,ALL_THREE_PRESPECIFIED_SEEDS_COMPLETED,TA:0.1:back,TA,0.1,back,1,724,728,0.9945054945054945,4,29,0.5901781925630142,0.6584518560615195
C0-zscore,ALL_THREE_PRESPECIFIED_SEEDS_COMPLETED,TA:0.1:back,TA,0.1,back,1,724,728,0.9945054945054945,4,43,0.5846500164637195,0.6244501111335582
C0-zscore,ALL_THREE_PRESPECIFIED_SEEDS_COMPLETED,TA:0.1:random,TA,0.1,random,3,724,728,0.9945054945054945,4,17,0.5857875438171819,0.6242694735749635
C0-zscore,ALL_THREE_PRESPECIFIED_SEEDS_COMPLETED,TA:0.1:random,TA,0.1,random,3,724,728,0.9945054945054945,4,29,0.5945972530629507,0.6449555313073299
C0-zscore,ALL_THREE_PRESPECIFIED_SEEDS_COMPLETED,TA:0.1:random,TA,0.1,random,3,724,728,0.9945054945054945,4,43,0.5890592737619299,0.6179711184962892
C0-zscore,ALL_THREE_PRESPECIFIED_SEEDS_COMPLETED,TA:0.3:front,TA,0.3,front,1,724,728,0.9945054945054945,4,17,0.574209325988865,0.6425075642839727
C0-zscore,ALL_THREE_PRESPECIFIED_SEEDS_COMPLETED,TA:0.3:front,TA,0.3,front,1,724,728,0.9945054945054945,4,29,0.5750896710624855,0.6661173522993372
C0-zscore,ALL_THREE_PRESPECIFIED_SEEDS_COMPLETED,TA:0.3:front,TA,0.3,front,1,724,728,0.9945054945054945,4,43,0.5741179773689105,0.6361071781935247
C0-zscore,ALL_THREE_PRESPECIFIED_SEEDS_COMPLETED,TA:0.3:middle,TA,0.3,middle,1,724,728,0.9945054945054945,4,17,0.6065940669340103,0.6236118390151315
C0-zscore,ALL_THREE_PRESPECIFIED_SEEDS_COMPLETED,TA:0.3:middle,TA,0.3,middle,1,724,728,0.9945054945054945,4,29,0.6009507151186312,0.6386371263012464
C0-zscore,ALL_THREE_PRESPECIFIED_SEEDS_COMPLETED,TA:0.3:middle,TA,0.3,middle,1,724,728,0.9945054945054945,4,43,0.5995451692983119,0.6097253474829384
C0-zscore,ALL_THREE_PRESPECIFIED_SEEDS_COMPLETED,TA:0.3:back,TA,0.3,back,1,724,728,0.9945054945054945,4,17,0.5752511780576585,0.6407069273473398
C0-zscore,ALL_THREE_PRESPECIFIED_SEEDS_COMPLETED,TA:0.3:back,TA,0.3,back,1,724,728,0.9945054945054945,4,29,0.5782685376888276,0.6668628415880868
C0-zscore,ALL_THREE_PRESPECIFIED_SEEDS_COMPLETED,TA:0.3:back,TA,0.3,back,1,724,728,0.9945054945054945,4,43,0.5753531440271663,0.634818047124849
C0-zscore,ALL_THREE_PRESPECIFIED_SEEDS_COMPLETED,TA:0.3:random,TA,0.3,random,3,724,728,0.9945054945054945,4,17,0.5958547581144655,0.6318835592895854
C0-zscore,ALL_THREE_PRESPECIFIED_SEEDS_COMPLETED,TA:0.3:random,TA,0.3,random,3,724,728,0.9945054945054945,4,29,0.5919830519082984,0.6481765421516145
C0-zscore,ALL_THREE_PRESPECIFIED_SEEDS_COMPLETED,TA:0.3:random,TA,0.3,random,3,724,728,0.9945054945054945,4,43,0.593369985298471,0.6222349453668751
C0-zscore,ALL_THREE_PRESPECIFIED_SEEDS_COMPLETED,TA:0.5:front,TA,0.5,front,1,724,728,0.9945054945054945,4,17,0.5803324931084792,0.661957133366601
C0-zscore,ALL_THREE_PRESPECIFIED_SEEDS_COMPLETED,TA:0.5:front,TA,0.5,front,1,724,728,0.9945054945054945,4,29,0.5706042255320328,0.6799808968789876
C0-zscore,ALL_THREE_PRESPECIFIED_SEEDS_COMPLETED,TA:0.5:front,TA,0.5,front,1,724,728,0.9945054945054945,4,43,0.5581388438966522,0.6501114740222564
C0-zscore,ALL_THREE_PRESPECIFIED_SEEDS_COMPLETED,TA:0.5:middle,TA,0.5,middle,1,724,728,0.9945054945054945,4,17,0.5951873441179264,0.636300966429849
C0-zscore,ALL_THREE_PRESPECIFIED_SEEDS_COMPLETED,TA:0.5:middle,TA,0.5,middle,1,724,728,0.9945054945054945,4,29,0.5972826272387025,0.6470668506885336
C0-zscore,ALL_THREE_PRESPECIFIED_SEEDS_COMPLETED,TA:0.5:middle,TA,0.5,middle,1,724,728,0.9945054945054945,4,43,0.5993434593361148,0.6172549397530159
C0-zscore,ALL_THREE_PRESPECIFIED_SEEDS_COMPLETED,TA:0.5:back,TA,0.5,back,1,724,728,0.9945054945054945,4,17,0.5768792837942442,0.6409409632548116
C0-zscore,ALL_THREE_PRESPECIFIED_SEEDS_COMPLETED,TA:0.5:back,TA,0.5,back,1,724,728,0.9945054945054945,4,29,0.5661333014695747,0.6726424893716755
C0-zscore,ALL_THREE_PRESPECIFIED_SEEDS_COMPLETED,TA:0.5:back,TA,0.5,back,1,724,728,0.9945054945054945,4,43,0.5645397144618912,0.6415293899992901
C0-zscore,ALL_THREE_PRESPECIFIED_SEEDS_COMPLETED,TA:0.5:random,TA,0.5,random,3,724,728,0.9945054945054945,4,17,0.5873280361443035,0.6486499130714347
C0-zscore,ALL_THREE_PRESPECIFIED_SEEDS_COMPLETED,TA:0.5:random,TA,0.5,random,3,724,728,0.9945054945054945,4,29,0.5776937913913417,0.660053274040635
C0-zscore,ALL_THREE_PRESPECIFIED_SEEDS_COMPLETED,TA:0.5:random,TA,0.5,random,3,724,728,0.9945054945054945,4,43,0.5727134862496229,0.6351038489506525
C0-zscore,ALL_THREE_PRESPECIFIED_SEEDS_COMPLETED,TA:0.7:front,TA,0.7,front,1,718,728,0.9862637362637363,10,17,0.5765645224511806,0.6785977824877661
C0-zscore,ALL_THREE_PRESPECIFIED_SEEDS_COMPLETED,TA:0.7:front,TA,0.7,front,1,718,728,0.9862637362637363,10,29,0.5679607294719977,0.6976187080746148
C0-zscore,ALL_THREE_PRESPECIFIED_SEEDS_COMPLETED,TA:0.7:front,TA,0.7,front,1,718,728,0.9862637362637363,10,43,0.5698570075319673,0.6592283584530898
C0-zscore,ALL_THREE_PRESPECIFIED_SEEDS_COMPLETED,TA:0.7:middle,TA,0.7,middle,1,718,728,0.9862637362637363,10,17,0.5821778873006065,0.6746320902458827
C0-zscore,ALL_THREE_PRESPECIFIED_SEEDS_COMPLETED,TA:0.7:middle,TA,0.7,middle,1,718,728,0.9862637362637363,10,29,0.588696127349499,0.6751465883277418
C0-zscore,ALL_THREE_PRESPECIFIED_SEEDS_COMPLETED,TA:0.7:middle,TA,0.7,middle,1,718,728,0.9862637362637363,10,43,0.5837231376313123,0.6507401680317964
C0-zscore,ALL_THREE_PRESPECIFIED_SEEDS_COMPLETED,TA:0.7:back,TA,0.7,back,1,718,728,0.9862637362637363,10,17,0.560126064978517,0.6625178026719528
C0-zscore,ALL_THREE_PRESPECIFIED_SEEDS_COMPLETED,TA:0.7:back,TA,0.7,back,1,718,728,0.9862637362637363,10,29,0.549027260179434,0.6873584183791376
C0-zscore,ALL_THREE_PRESPECIFIED_SEEDS_COMPLETED,TA:0.7:back,TA,0.7,back,1,718,728,0.9862637362637363,10,43,0.5552109384585572,0.6500121502699535
C0-zscore,ALL_THREE_PRESPECIFIED_SEEDS_COMPLETED,TA:0.7:random,TA,0.7,random,3,718,728,0.9862637362637363,10,17,0.5653415362771829,0.6769010707305428
C0-zscore,ALL_THREE_PRESPECIFIED_SEEDS_COMPLETED,TA:0.7:random,TA,0.7,random,3,718,728,0.9862637362637363,10,29,0.5621354509554868,0.6937233222728031
C0-zscore,ALL_THREE_PRESPECIFIED_SEEDS_COMPLETED,TA:0.7:random,TA,0.7,random,3,718,728,0.9862637362637363,10,43,0.559470193834149,0.6564534593521402
C0-zscore,ALL_THREE_PRESPECIFIED_SEEDS_COMPLETED,TV:0.1:front,TV,0.1,front,1,703,728,0.9656593406593407,25,17,0.5656329452696374,0.6291645955937853
C0-zscore,ALL_THREE_PRESPECIFIED_SEEDS_COMPLETED,TV:0.1:front,TV,0.1,front,1,703,728,0.9656593406593407,25,29,0.584184607480016,0.6465500259226966
C0-zscore,ALL_THREE_PRESPECIFIED_SEEDS_COMPLETED,TV:0.1:front,TV,0.1,front,1,703,728,0.9656593406593407,25,43,0.5827550525133677,0.6220893462733519
C0-zscore,ALL_THREE_PRESPECIFIED_SEEDS_COMPLETED,TV:0.1:middle,TV,0.1,middle,1,703,728,0.9656593406593407,25,17,0.5922969908570176,0.62348538043635
C0-zscore,ALL_THREE_PRESPECIFIED_SEEDS_COMPLETED,TV:0.1:middle,TV,0.1,middle,1,703,728,0.9656593406593407,25,29,0.5903103913050637,0.6375438826910865
C0-zscore,ALL_THREE_PRESPECIFIED_SEEDS_COMPLETED,TV:0.1:middle,TV,0.1,middle,1,703,728,0.9656593406593407,25,43,0.5888520952558856,0.6135064001485532
C0-zscore,ALL_THREE_PRESPECIFIED_SEEDS_COMPLETED,TV:0.1:back,TV,0.1,back,1,703,728,0.9656593406593407,25,17,0.5737751079512011,0.6372010769203541
C0-zscore,ALL_THREE_PRESPECIFIED_SEEDS_COMPLETED,TV:0.1:back,TV,0.1,back,1,703,728,0.9656593406593407,25,29,0.5914972979241059,0.6579186963013394
C0-zscore,ALL_THREE_PRESPECIFIED_SEEDS_COMPLETED,TV:0.1:back,TV,0.1,back,1,703,728,0.9656593406593407,25,43,0.5892168815279842,0.623957472670744
C0-zscore,ALL_THREE_PRESPECIFIED_SEEDS_COMPLETED,TV:0.1:random,TV,0.1,random,3,703,728,0.9656593406593407,25,17,0.5788175154874295,0.6230502364069719
C0-zscore,ALL_THREE_PRESPECIFIED_SEEDS_COMPLETED,TV:0.1:random,TV,0.1,random,3,703,728,0.9656593406593407,25,29,0.5882243010379969,0.6393145213343695
C0-zscore,ALL_THREE_PRESPECIFIED_SEEDS_COMPLETED,TV:0.1:random,TV,0.1,random,3,703,728,0.9656593406593407,25,43,0.589420901422301,0.6143497923577134
C0-zscore,ALL_THREE_PRESPECIFIED_SEEDS_COMPLETED,TV:0.3:front,TV,0.3,front,1,703,728,0.9656593406593407,25,17,0.5781514728502138,0.6452674939205031
C0-zscore,ALL_THREE_PRESPECIFIED_SEEDS_COMPLETED,TV:0.3:front,TV,0.3,front,1,703,728,0.9656593406593407,25,29,0.5684652328344056,0.6671561396801985
C0-zscore,ALL_THREE_PRESPECIFIED_SEEDS_COMPLETED,TV:0.3:front,TV,0.3,front,1,703,728,0.9656593406593407,25,43,0.5834360523960117,0.6354895521148497
C0-zscore,ALL_THREE_PRESPECIFIED_SEEDS_COMPLETED,TV:0.3:middle,TV,0.3,middle,1,703,728,0.9656593406593407,25,17,0.6044536680004331,0.6191883488730298
C0-zscore,ALL_THREE_PRESPECIFIED_SEEDS_COMPLETED,TV:0.3:middle,TV,0.3,middle,1,703,728,0.9656593406593407,25,29,0.5887589811503572,0.6356165917423313
C0-zscore,ALL_THREE_PRESPECIFIED_SEEDS_COMPLETED,TV:0.3:middle,TV,0.3,middle,1,703,728,0.9656593406593407,25,43,0.5925519188536327,0.6098297005768732
C0-zscore,ALL_THREE_PRESPECIFIED_SEEDS_COMPLETED,TV:0.3:back,TV,0.3,back,1,703,728,0.9656593406593407,25,17,0.5777835497835498,0.6457383683882654
C0-zscore,ALL_THREE_PRESPECIFIED_SEEDS_COMPLETED,TV:0.3:back,TV,0.3,back,1,703,728,0.9656593406593407,25,29,0.5891302800142862,0.6612863459670405
C0-zscore,ALL_THREE_PRESPECIFIED_SEEDS_COMPLETED,TV:0.3:back,TV,0.3,back,1,703,728,0.9656593406593407,25,43,0.5753577213677454,0.6316173638666182
C0-zscore,ALL_THREE_PRESPECIFIED_SEEDS_COMPLETED,TV:0.3:random,TV,0.3,random,3,703,728,0.9656593406593407,25,17,0.58630967489972,0.6272063761699651
C0-zscore,ALL_THREE_PRESPECIFIED_SEEDS_COMPLETED,TV:0.3:random,TV,0.3,random,3,703,728,0.9656593406593407,25,29,0.5828096136899646,0.6470924012336092
C0-zscore,ALL_THREE_PRESPECIFIED_SEEDS_COMPLETED,TV:0.3:random,TV,0.3,random,3,703,728,0.9656593406593407,25,43,0.5806952764246431,0.6205496030556138
C0-zscore,ALL_THREE_PRESPECIFIED_SEEDS_COMPLETED,TV:0.5:front,TV,0.5,front,1,703,728,0.9656593406593407,25,17,0.5783227430981666,0.6580981072537335
C0-zscore,ALL_THREE_PRESPECIFIED_SEEDS_COMPLETED,TV:0.5:front,TV,0.5,front,1,703,728,0.9656593406593407,25,29,0.5661684308830526,0.6819671149468587
C0-zscore,ALL_THREE_PRESPECIFIED_SEEDS_COMPLETED,TV:0.5:front,TV,0.5,front,1,703,728,0.9656593406593407,25,43,0.575718425706084,0.6471756286674453
C0-zscore,ALL_THREE_PRESPECIFIED_SEEDS_COMPLETED,TV:0.5:middle,TV,0.5,middle,1,703,728,0.9656593406593407,25,17,0.6013698504611166,0.6236616595426592
C0-zscore,ALL_THREE_PRESPECIFIED_SEEDS_COMPLETED,TV:0.5:middle,TV,0.5,middle,1,703,728,0.9656593406593407,25,29,0.5882794332897877,0.6477128327968096
C0-zscore,ALL_THREE_PRESPECIFIED_SEEDS_COMPLETED,TV:0.5:middle,TV,0.5,middle,1,703,728,0.9656593406593407,25,43,0.5898271618801644,0.6184336526573964
C0-zscore,ALL_THREE_PRESPECIFIED_SEEDS_COMPLETED,TV:0.5:back,TV,0.5,back,1,703,728,0.9656593406593407,25,17,0.5733125535690654,0.6447080808562472
C0-zscore,ALL_THREE_PRESPECIFIED_SEEDS_COMPLETED,TV:0.5:back,TV,0.5,back,1,703,728,0.9656593406593407,25,29,0.5675593817623266,0.6634053004675949
C0-zscore,ALL_THREE_PRESPECIFIED_SEEDS_COMPLETED,TV:0.5:back,TV,0.5,back,1,703,728,0.9656593406593407,25,43,0.5716553516710873,0.633696408078182
C0-zscore,ALL_THREE_PRESPECIFIED_SEEDS_COMPLETED,TV:0.5:random,TV,0.5,random,3,703,728,0.9656593406593407,25,17,0.5879850956522987,0.6346417955928201
C0-zscore,ALL_THREE_PRESPECIFIED_SEEDS_COMPLETED,TV:0.5:random,TV,0.5,random,3,703,728,0.9656593406593407,25,29,0.5720078457124608,0.6542008409401122
C0-zscore,ALL_THREE_PRESPECIFIED_SEEDS_COMPLETED,TV:0.5:random,TV,0.5,random,3,703,728,0.9656593406593407,25,43,0.5717382204354516,0.6242814844961072
C0-zscore,ALL_THREE_PRESPECIFIED_SEEDS_COMPLETED,TV:0.7:front,TV,0.7,front,1,694,728,0.9532967032967034,34,17,0.5703200473617378,0.6529830013220147
C0-zscore,ALL_THREE_PRESPECIFIED_SEEDS_COMPLETED,TV:0.7:front,TV,0.7,front,1,694,728,0.9532967032967034,34,29,0.5770321784010716,0.7010928763367381
C0-zscore,ALL_THREE_PRESPECIFIED_SEEDS_COMPLETED,TV:0.7:front,TV,0.7,front,1,694,728,0.9532967032967034,34,43,0.5708285967054442,0.6527911905029143
C0-zscore,ALL_THREE_PRESPECIFIED_SEEDS_COMPLETED,TV:0.7:middle,TV,0.7,middle,1,694,728,0.9532967032967034,34,17,0.5820651941243704,0.6394028359017294
C0-zscore,ALL_THREE_PRESPECIFIED_SEEDS_COMPLETED,TV:0.7:middle,TV,0.7,middle,1,694,728,0.9532967032967034,34,29,0.5846643766436354,0.678978429118825
C0-zscore,ALL_THREE_PRESPECIFIED_SEEDS_COMPLETED,TV:0.7:middle,TV,0.7,middle,1,694,728,0.9532967032967034,34,43,0.576018858632449,0.6479362019842713
C0-zscore,ALL_THREE_PRESPECIFIED_SEEDS_COMPLETED,TV:0.7:back,TV,0.7,back,1,694,728,0.9532967032967034,34,17,0.5640116166650709,0.6595775712822605
C0-zscore,ALL_THREE_PRESPECIFIED_SEEDS_COMPLETED,TV:0.7:back,TV,0.7,back,1,694,728,0.9532967032967034,34,29,0.5558110347293249,0.6727646328009931
C0-zscore,ALL_THREE_PRESPECIFIED_SEEDS_COMPLETED,TV:0.7:back,TV,0.7,back,1,694,728,0.9532967032967034,34,43,0.5594929684581015,0.6454921712837269
C0-zscore,ALL_THREE_PRESPECIFIED_SEEDS_COMPLETED,TV:0.7:random,TV,0.7,random,3,694,728,0.9532967032967034,34,17,0.5740115577516771,0.6521212225114128
C0-zscore,ALL_THREE_PRESPECIFIED_SEEDS_COMPLETED,TV:0.7:random,TV,0.7,random,3,694,728,0.9532967032967034,34,29,0.5586764735903614,0.6980123656252637
C0-zscore,ALL_THREE_PRESPECIFIED_SEEDS_COMPLETED,TV:0.7:random,TV,0.7,random,3,694,728,0.9532967032967034,34,43,0.5654805851886472,0.6549007609205563
C0-zscore,ALL_THREE_PRESPECIFIED_SEEDS_COMPLETED,AV:0.1:front,AV,0.1,front,1,703,728,0.9656593406593407,25,17,0.5751332700682229,0.6237791785672896
C0-zscore,ALL_THREE_PRESPECIFIED_SEEDS_COMPLETED,AV:0.1:front,AV,0.1,front,1,703,728,0.9656593406593407,25,29,0.5976820819618965,0.6413116269760284
C0-zscore,ALL_THREE_PRESPECIFIED_SEEDS_COMPLETED,AV:0.1:front,AV,0.1,front,1,703,728,0.9656593406593407,25,43,0.5948997455338969,0.6235547595822757
C0-zscore,ALL_THREE_PRESPECIFIED_SEEDS_COMPLETED,AV:0.1:middle,AV,0.1,middle,1,703,728,0.9656593406593407,25,17,0.5797947098854542,0.6226123066933744
C0-zscore,ALL_THREE_PRESPECIFIED_SEEDS_COMPLETED,AV:0.1:middle,AV,0.1,middle,1,703,728,0.9656593406593407,25,29,0.6015431984023301,0.6383854104660114
C0-zscore,ALL_THREE_PRESPECIFIED_SEEDS_COMPLETED,AV:0.1:middle,AV,0.1,middle,1,703,728,0.9656593406593407,25,43,0.597188780840007,0.6257094493133252
C0-zscore,ALL_THREE_PRESPECIFIED_SEEDS_COMPLETED,AV:0.1:back,AV,0.1,back,1,703,728,0.9656593406593407,25,17,0.5747258099424645,0.62460379444119
C0-zscore,ALL_THREE_PRESPECIFIED_SEEDS_COMPLETED,AV:0.1:back,AV,0.1,back,1,703,728,0.9656593406593407,25,29,0.6008212466227102,0.6402463797840627
C0-zscore,ALL_THREE_PRESPECIFIED_SEEDS_COMPLETED,AV:0.1:back,AV,0.1,back,1,703,728,0.9656593406593407,25,43,0.5969346548096607,0.6238367563461537
C0-zscore,ALL_THREE_PRESPECIFIED_SEEDS_COMPLETED,AV:0.1:random,AV,0.1,random,3,703,728,0.9656593406593407,25,17,0.5774818641327769,0.6234648628890619
C0-zscore,ALL_THREE_PRESPECIFIED_SEEDS_COMPLETED,AV:0.1:random,AV,0.1,random,3,703,728,0.9656593406593407,25,29,0.6018179478489886,0.6394060534631791
C0-zscore,ALL_THREE_PRESPECIFIED_SEEDS_COMPLETED,AV:0.1:random,AV,0.1,random,3,703,728,0.9656593406593407,25,43,0.5931025687079122,0.6264757108217918
C0-zscore,ALL_THREE_PRESPECIFIED_SEEDS_COMPLETED,AV:0.3:front,AV,0.3,front,1,703,728,0.9656593406593407,25,17,0.5925536766433869,0.6243171311190843
C0-zscore,ALL_THREE_PRESPECIFIED_SEEDS_COMPLETED,AV:0.3:front,AV,0.3,front,1,703,728,0.9656593406593407,25,29,0.5974804012936972,0.6443668898885205
C0-zscore,ALL_THREE_PRESPECIFIED_SEEDS_COMPLETED,AV:0.3:front,AV,0.3,front,1,703,728,0.9656593406593407,25,43,0.5874180769219296,0.645218720577899
C0-zscore,ALL_THREE_PRESPECIFIED_SEEDS_COMPLETED,AV:0.3:middle,AV,0.3,middle,1,703,728,0.9656593406593407,25,17,0.5767254342068154,0.6211487918703275
C0-zscore,ALL_THREE_PRESPECIFIED_SEEDS_COMPLETED,AV:0.3:middle,AV,0.3,middle,1,703,728,0.9656593406593407,25,29,0.5992550086138849,0.6385689977128545
C0-zscore,ALL_THREE_PRESPECIFIED_SEEDS_COMPLETED,AV:0.3:middle,AV,0.3,middle,1,703,728,0.9656593406593407,25,43,0.5932656269583602,0.6514761721642411
C0-zscore,ALL_THREE_PRESPECIFIED_SEEDS_COMPLETED,AV:0.3:back,AV,0.3,back,1,703,728,0.9656593406593407,25,17,0.5789395053006717,0.628435634141999
C0-zscore,ALL_THREE_PRESPECIFIED_SEEDS_COMPLETED,AV:0.3:back,AV,0.3,back,1,703,728,0.9656593406593407,25,29,0.5946985003725733,0.6413156212100268
C0-zscore,ALL_THREE_PRESPECIFIED_SEEDS_COMPLETED,AV:0.3:back,AV,0.3,back,1,703,728,0.9656593406593407,25,43,0.5948883936632808,0.6488064233358223
C0-zscore,ALL_THREE_PRESPECIFIED_SEEDS_COMPLETED,AV:0.3:random,AV,0.3,random,3,703,728,0.9656593406593407,25,17,0.5799051749236854,0.624650546856077
C0-zscore,ALL_THREE_PRESPECIFIED_SEEDS_COMPLETED,AV:0.3:random,AV,0.3,random,3,703,728,0.9656593406593407,25,29,0.5958408142728934,0.6411036329179526
C0-zscore,ALL_THREE_PRESPECIFIED_SEEDS_COMPLETED,AV:0.3:random,AV,0.3,random,3,703,728,0.9656593406593407,25,43,0.5930043874485729,0.6546917465508398
C0-zscore,ALL_THREE_PRESPECIFIED_SEEDS_COMPLETED,AV:0.5:front,AV,0.5,front,1,703,728,0.9656593406593407,25,17,0.5967352526272257,0.627262317513149
C0-zscore,ALL_THREE_PRESPECIFIED_SEEDS_COMPLETED,AV:0.5:front,AV,0.5,front,1,703,728,0.9656593406593407,25,29,0.5973146977787115,0.6449219849927141
C0-zscore,ALL_THREE_PRESPECIFIED_SEEDS_COMPLETED,AV:0.5:front,AV,0.5,front,1,703,728,0.9656593406593407,25,43,0.5847586883102734,0.6776583682180249
C0-zscore,ALL_THREE_PRESPECIFIED_SEEDS_COMPLETED,AV:0.5:middle,AV,0.5,middle,1,703,728,0.9656593406593407,25,17,0.5834373841463666,0.620172197944587
C0-zscore,ALL_THREE_PRESPECIFIED_SEEDS_COMPLETED,AV:0.5:middle,AV,0.5,middle,1,703,728,0.9656593406593407,25,29,0.599317265648924,0.6372754523187752
C0-zscore,ALL_THREE_PRESPECIFIED_SEEDS_COMPLETED,AV:0.5:middle,AV,0.5,middle,1,703,728,0.9656593406593407,25,43,0.583336277344507,0.6847053835069976
C0-zscore,ALL_THREE_PRESPECIFIED_SEEDS_COMPLETED,AV:0.5:back,AV,0.5,back,1,703,728,0.9656593406593407,25,17,0.5760462270149488,0.6291604234830919
C0-zscore,ALL_THREE_PRESPECIFIED_SEEDS_COMPLETED,AV:0.5:back,AV,0.5,back,1,703,728,0.9656593406593407,25,29,0.590244625716508,0.6398601939909385
C0-zscore,ALL_THREE_PRESPECIFIED_SEEDS_COMPLETED,AV:0.5:back,AV,0.5,back,1,703,728,0.9656593406593407,25,43,0.5880140520701597,0.6793657523937456
C0-zscore,ALL_THREE_PRESPECIFIED_SEEDS_COMPLETED,AV:0.5:random,AV,0.5,random,3,703,728,0.9656593406593407,25,17,0.5829731282965526,0.6237861123921064
C0-zscore,ALL_THREE_PRESPECIFIED_SEEDS_COMPLETED,AV:0.5:random,AV,0.5,random,3,703,728,0.9656593406593407,25,29,0.5982551411633851,0.6426923403909474
C0-zscore,ALL_THREE_PRESPECIFIED_SEEDS_COMPLETED,AV:0.5:random,AV,0.5,random,3,703,728,0.9656593406593407,25,43,0.5877562865868731,0.6853791341632682
C0-zscore,ALL_THREE_PRESPECIFIED_SEEDS_COMPLETED,AV:0.7:front,AV,0.7,front,1,694,728,0.9532967032967034,34,17,0.5903203879787681,0.6232901512081338
C0-zscore,ALL_THREE_PRESPECIFIED_SEEDS_COMPLETED,AV:0.7:front,AV,0.7,front,1,694,728,0.9532967032967034,34,29,0.5955082256154561,0.6430757191344958
C0-zscore,ALL_THREE_PRESPECIFIED_SEEDS_COMPLETED,AV:0.7:front,AV,0.7,front,1,694,728,0.9532967032967034,34,43,0.5871519571966696,0.7181990536183738
C0-zscore,ALL_THREE_PRESPECIFIED_SEEDS_COMPLETED,AV:0.7:middle,AV,0.7,middle,1,694,728,0.9532967032967034,34,17,0.5822642119414474,0.6258331536709403
C0-zscore,ALL_THREE_PRESPECIFIED_SEEDS_COMPLETED,AV:0.7:middle,AV,0.7,middle,1,694,728,0.9532967032967034,34,29,0.5819457204999373,0.6441558593732835
C0-zscore,ALL_THREE_PRESPECIFIED_SEEDS_COMPLETED,AV:0.7:middle,AV,0.7,middle,1,694,728,0.9532967032967034,34,43,0.5731644964505992,0.7294981713962593
C0-zscore,ALL_THREE_PRESPECIFIED_SEEDS_COMPLETED,AV:0.7:back,AV,0.7,back,1,694,728,0.9532967032967034,34,17,0.5837738702934003,0.6284165489607283
C0-zscore,ALL_THREE_PRESPECIFIED_SEEDS_COMPLETED,AV:0.7:back,AV,0.7,back,1,694,728,0.9532967032967034,34,29,0.5842555105713001,0.6434095949030502
C0-zscore,ALL_THREE_PRESPECIFIED_SEEDS_COMPLETED,AV:0.7:back,AV,0.7,back,1,694,728,0.9532967032967034,34,43,0.5695248106845243,0.7286015149016588
C0-zscore,ALL_THREE_PRESPECIFIED_SEEDS_COMPLETED,AV:0.7:random,AV,0.7,random,3,694,728,0.9532967032967034,34,17,0.5868676836271414,0.6278695603665762
C0-zscore,ALL_THREE_PRESPECIFIED_SEEDS_COMPLETED,AV:0.7:random,AV,0.7,random,3,694,728,0.9532967032967034,34,29,0.5952888067642924,0.6441241597800239
C0-zscore,ALL_THREE_PRESPECIFIED_SEEDS_COMPLETED,AV:0.7:random,AV,0.7,random,3,694,728,0.9532967032967034,34,43,0.5798923553665596,0.7287181290409199
R0-zscore,ALL_THREE_PRESPECIFIED_SEEDS_COMPLETED,T:0.1:front,T,0.1,front,1,728,728,1.0,0,17,0.5769284193452334,0.6384881206309668
R0-zscore,ALL_THREE_PRESPECIFIED_SEEDS_COMPLETED,T:0.1:front,T,0.1,front,1,728,728,1.0,0,29,0.5746799635076582,0.6406492092133343
R0-zscore,ALL_THREE_PRESPECIFIED_SEEDS_COMPLETED,T:0.1:front,T,0.1,front,1,728,728,1.0,0,43,0.5946249220598238,0.6248495078435843
R0-zscore,ALL_THREE_PRESPECIFIED_SEEDS_COMPLETED,T:0.1:middle,T,0.1,middle,1,728,728,1.0,0,17,0.5811533449130194,0.6292406025881224
R0-zscore,ALL_THREE_PRESPECIFIED_SEEDS_COMPLETED,T:0.1:middle,T,0.1,middle,1,728,728,1.0,0,29,0.5809899348969362,0.636857993807068
R0-zscore,ALL_THREE_PRESPECIFIED_SEEDS_COMPLETED,T:0.1:middle,T,0.1,middle,1,728,728,1.0,0,43,0.581107876627435,0.6211739508134497
R0-zscore,ALL_THREE_PRESPECIFIED_SEEDS_COMPLETED,T:0.1:back,T,0.1,back,1,728,728,1.0,0,17,0.5660844150246418,0.6426421116978688
R0-zscore,ALL_THREE_PRESPECIFIED_SEEDS_COMPLETED,T:0.1:back,T,0.1,back,1,728,728,1.0,0,29,0.5910984162635103,0.6414897935306666
R0-zscore,ALL_THREE_PRESPECIFIED_SEEDS_COMPLETED,T:0.1:back,T,0.1,back,1,728,728,1.0,0,43,0.598861031771219,0.623242665446174
R0-zscore,ALL_THREE_PRESPECIFIED_SEEDS_COMPLETED,T:0.1:random,T,0.1,random,3,728,728,1.0,0,17,0.5836833703792782,0.6321238942397737
R0-zscore,ALL_THREE_PRESPECIFIED_SEEDS_COMPLETED,T:0.1:random,T,0.1,random,3,728,728,1.0,0,29,0.587553534505977,0.6379891529738678
R0-zscore,ALL_THREE_PRESPECIFIED_SEEDS_COMPLETED,T:0.1:random,T,0.1,random,3,728,728,1.0,0,43,0.5936526110136793,0.6215063995205061
R0-zscore,ALL_THREE_PRESPECIFIED_SEEDS_COMPLETED,T:0.3:front,T,0.3,front,1,728,728,1.0,0,17,0.5765618526529342,0.6527285031225292
R0-zscore,ALL_THREE_PRESPECIFIED_SEEDS_COMPLETED,T:0.3:front,T,0.3,front,1,728,728,1.0,0,29,0.5789620421596049,0.6576679048050389
R0-zscore,ALL_THREE_PRESPECIFIED_SEEDS_COMPLETED,T:0.3:front,T,0.3,front,1,728,728,1.0,0,43,0.5867607266150161,0.6420034624560695
R0-zscore,ALL_THREE_PRESPECIFIED_SEEDS_COMPLETED,T:0.3:middle,T,0.3,middle,1,728,728,1.0,0,17,0.5959817085733549,0.6269861428165593
R0-zscore,ALL_THREE_PRESPECIFIED_SEEDS_COMPLETED,T:0.3:middle,T,0.3,middle,1,728,728,1.0,0,29,0.5791376300675964,0.638912825080167
R0-zscore,ALL_THREE_PRESPECIFIED_SEEDS_COMPLETED,T:0.3:middle,T,0.3,middle,1,728,728,1.0,0,43,0.5872497799928507,0.6221085269503669
R0-zscore,ALL_THREE_PRESPECIFIED_SEEDS_COMPLETED,T:0.3:back,T,0.3,back,1,728,728,1.0,0,17,0.5716471244775024,0.6406991613931585
R0-zscore,ALL_THREE_PRESPECIFIED_SEEDS_COMPLETED,T:0.3:back,T,0.3,back,1,728,728,1.0,0,29,0.5750676821587591,0.6546724090924497
R0-zscore,ALL_THREE_PRESPECIFIED_SEEDS_COMPLETED,T:0.3:back,T,0.3,back,1,728,728,1.0,0,43,0.5841201505556269,0.6254091239483147
R0-zscore,ALL_THREE_PRESPECIFIED_SEEDS_COMPLETED,T:0.3:random,T,0.3,random,3,728,728,1.0,0,17,0.5735398363888696,0.6375118173299473
R0-zscore,ALL_THREE_PRESPECIFIED_SEEDS_COMPLETED,T:0.3:random,T,0.3,random,3,728,728,1.0,0,29,0.5713976220031417,0.645731412608553
R0-zscore,ALL_THREE_PRESPECIFIED_SEEDS_COMPLETED,T:0.3:random,T,0.3,random,3,728,728,1.0,0,43,0.5818454222243895,0.6309311187187733
R0-zscore,ALL_THREE_PRESPECIFIED_SEEDS_COMPLETED,T:0.5:front,T,0.5,front,1,728,728,1.0,0,17,0.5728466029012477,0.6658458519219433
R0-zscore,ALL_THREE_PRESPECIFIED_SEEDS_COMPLETED,T:0.5:front,T,0.5,front,1,728,728,1.0,0,29,0.5697166540424535,0.6686697495911925
R0-zscore,ALL_THREE_PRESPECIFIED_SEEDS_COMPLETED,T:0.5:front,T,0.5,front,1,728,728,1.0,0,43,0.5555143582987494,0.6627050138159865
R0-zscore,ALL_THREE_PRESPECIFIED_SEEDS_COMPLETED,T:0.5:middle,T,0.5,middle,1,728,728,1.0,0,17,0.5800293754180367,0.6294305109784166
R0-zscore,ALL_THREE_PRESPECIFIED_SEEDS_COMPLETED,T:0.5:middle,T,0.5,middle,1,728,728,1.0,0,29,0.5806195610205234,0.6461645473771189
R0-zscore,ALL_THREE_PRESPECIFIED_SEEDS_COMPLETED,T:0.5:middle,T,0.5,middle,1,728,728,1.0,0,43,0.5823631721510533,0.6278317092206575
R0-zscore,ALL_THREE_PRESPECIFIED_SEEDS_COMPLETED,T:0.5:back,T,0.5,back,1,728,728,1.0,0,17,0.5786044582944515,0.6390364636863124
R0-zscore,ALL_THREE_PRESPECIFIED_SEEDS_COMPLETED,T:0.5:back,T,0.5,back,1,728,728,1.0,0,29,0.5681129476584023,0.6690322477741495
R0-zscore,ALL_THREE_PRESPECIFIED_SEEDS_COMPLETED,T:0.5:back,T,0.5,back,1,728,728,1.0,0,43,0.5758488381146861,0.6303517264704179
R0-zscore,ALL_THREE_PRESPECIFIED_SEEDS_COMPLETED,T:0.5:random,T,0.5,random,3,728,728,1.0,0,17,0.5796809870838912,0.640068641086915
R0-zscore,ALL_THREE_PRESPECIFIED_SEEDS_COMPLETED,T:0.5:random,T,0.5,random,3,728,728,1.0,0,29,0.5658639431638814,0.6536911711535027
R0-zscore,ALL_THREE_PRESPECIFIED_SEEDS_COMPLETED,T:0.5:random,T,0.5,random,3,728,728,1.0,0,43,0.5700192853533513,0.6340926442643493
R0-zscore,ALL_THREE_PRESPECIFIED_SEEDS_COMPLETED,T:0.7:front,T,0.7,front,1,728,728,1.0,0,17,0.5711578863578457,0.6637421339791227
R0-zscore,ALL_THREE_PRESPECIFIED_SEEDS_COMPLETED,T:0.7:front,T,0.7,front,1,728,728,1.0,0,29,0.571458687617021,0.6750688159676489
R0-zscore,ALL_THREE_PRESPECIFIED_SEEDS_COMPLETED,T:0.7:front,T,0.7,front,1,728,728,1.0,0,43,0.5467965835781928,0.6828398965634943
R0-zscore,ALL_THREE_PRESPECIFIED_SEEDS_COMPLETED,T:0.7:middle,T,0.7,middle,1,728,728,1.0,0,17,0.5784385939568972,0.6409381763871431
R0-zscore,ALL_THREE_PRESPECIFIED_SEEDS_COMPLETED,T:0.7:middle,T,0.7,middle,1,728,728,1.0,0,29,0.5694110261123616,0.680542203357218
R0-zscore,ALL_THREE_PRESPECIFIED_SEEDS_COMPLETED,T:0.7:middle,T,0.7,middle,1,728,728,1.0,0,43,0.5660654984945848,0.6569107139676906
R0-zscore,ALL_THREE_PRESPECIFIED_SEEDS_COMPLETED,T:0.7:back,T,0.7,back,1,728,728,1.0,0,17,0.5552933084273489,0.6504291531747874
R0-zscore,ALL_THREE_PRESPECIFIED_SEEDS_COMPLETED,T:0.7:back,T,0.7,back,1,728,728,1.0,0,29,0.5596725164395946,0.6949041629114807
R0-zscore,ALL_THREE_PRESPECIFIED_SEEDS_COMPLETED,T:0.7:back,T,0.7,back,1,728,728,1.0,0,43,0.5524801075240804,0.649203293966091
R0-zscore,ALL_THREE_PRESPECIFIED_SEEDS_COMPLETED,T:0.7:random,T,0.7,random,3,728,728,1.0,0,17,0.5713026755012865,0.6438235220381109
R0-zscore,ALL_THREE_PRESPECIFIED_SEEDS_COMPLETED,T:0.7:random,T,0.7,random,3,728,728,1.0,0,29,0.5786307945071529,0.6750062499702789
R0-zscore,ALL_THREE_PRESPECIFIED_SEEDS_COMPLETED,T:0.7:random,T,0.7,random,3,728,728,1.0,0,43,0.5669045961485134,0.6526341465121218
R0-zscore,ALL_THREE_PRESPECIFIED_SEEDS_COMPLETED,A:0.1:front,A,0.1,front,1,724,728,0.9945054945054945,4,17,0.5803361942068054,0.6304999502499813
R0-zscore,ALL_THREE_PRESPECIFIED_SEEDS_COMPLETED,A:0.1:front,A,0.1,front,1,724,728,0.9945054945054945,4,29,0.5923157861275351,0.6383447865710867
R0-zscore,ALL_THREE_PRESPECIFIED_SEEDS_COMPLETED,A:0.1:front,A,0.1,front,1,724,728,0.9945054945054945,4,43,0.5994941585014968,0.6228815611950147
R0-zscore,ALL_THREE_PRESPECIFIED_SEEDS_COMPLETED,A:0.1:middle,A,0.1,middle,1,724,728,0.9945054945054945,4,17,0.5849973771416258,0.6306532838012112
R0-zscore,ALL_THREE_PRESPECIFIED_SEEDS_COMPLETED,A:0.1:middle,A,0.1,middle,1,724,728,0.9945054945054945,4,29,0.5922077925762507,0.6373368367072384
R0-zscore,ALL_THREE_PRESPECIFIED_SEEDS_COMPLETED,A:0.1:middle,A,0.1,middle,1,724,728,0.9945054945054945,4,43,0.5978339990803638,0.6236041916083676
R0-zscore,ALL_THREE_PRESPECIFIED_SEEDS_COMPLETED,A:0.1:back,A,0.1,back,1,724,728,0.9945054945054945,4,17,0.5728533777254369,0.6329142346921899
R0-zscore,ALL_THREE_PRESPECIFIED_SEEDS_COMPLETED,A:0.1:back,A,0.1,back,1,724,728,0.9945054945054945,4,29,0.5895120261042494,0.6363229173991015
R0-zscore,ALL_THREE_PRESPECIFIED_SEEDS_COMPLETED,A:0.1:back,A,0.1,back,1,724,728,0.9945054945054945,4,43,0.6063405616477637,0.6238373614192664
R0-zscore,ALL_THREE_PRESPECIFIED_SEEDS_COMPLETED,A:0.1:random,A,0.1,random,3,724,728,0.9945054945054945,4,17,0.5798805380554266,0.6309659699961626
R0-zscore,ALL_THREE_PRESPECIFIED_SEEDS_COMPLETED,A:0.1:random,A,0.1,random,3,724,728,0.9945054945054945,4,29,0.5922235431516898,0.638438472855941
R0-zscore,ALL_THREE_PRESPECIFIED_SEEDS_COMPLETED,A:0.1:random,A,0.1,random,3,724,728,0.9945054945054945,4,43,0.5999768130804886,0.6239163684786102
R0-zscore,ALL_THREE_PRESPECIFIED_SEEDS_COMPLETED,A:0.3:front,A,0.3,front,1,724,728,0.9945054945054945,4,17,0.5788159107517653,0.6305390628132135
R0-zscore,ALL_THREE_PRESPECIFIED_SEEDS_COMPLETED,A:0.3:front,A,0.3,front,1,724,728,0.9945054945054945,4,29,0.588632960865474,0.6415869746488969
R0-zscore,ALL_THREE_PRESPECIFIED_SEEDS_COMPLETED,A:0.3:front,A,0.3,front,1,724,728,0.9945054945054945,4,43,0.5978619843340583,0.6280169067974714
R0-zscore,ALL_THREE_PRESPECIFIED_SEEDS_COMPLETED,A:0.3:middle,A,0.3,middle,1,724,728,0.9945054945054945,4,17,0.5803542796493528,0.6304211725153357
R0-zscore,ALL_THREE_PRESPECIFIED_SEEDS_COMPLETED,A:0.3:middle,A,0.3,middle,1,724,728,0.9945054945054945,4,29,0.5936206818554521,0.641106318760149
R0-zscore,ALL_THREE_PRESPECIFIED_SEEDS_COMPLETED,A:0.3:middle,A,0.3,middle,1,724,728,0.9945054945054945,4,43,0.5917585592768101,0.6289949250793863
R0-zscore,ALL_THREE_PRESPECIFIED_SEEDS_COMPLETED,A:0.3:back,A,0.3,back,1,724,728,0.9945054945054945,4,17,0.5762965663655486,0.6355971835446825
R0-zscore,ALL_THREE_PRESPECIFIED_SEEDS_COMPLETED,A:0.3:back,A,0.3,back,1,724,728,0.9945054945054945,4,29,0.5850378787878788,0.638449924109519
R0-zscore,ALL_THREE_PRESPECIFIED_SEEDS_COMPLETED,A:0.3:back,A,0.3,back,1,724,728,0.9945054945054945,4,43,0.5957854215294294,0.629170715975176
R0-zscore,ALL_THREE_PRESPECIFIED_SEEDS_COMPLETED,A:0.3:random,A,0.3,random,3,724,728,0.9945054945054945,4,17,0.5810477203299143,0.6325683270203356
R0-zscore,ALL_THREE_PRESPECIFIED_SEEDS_COMPLETED,A:0.3:random,A,0.3,random,3,724,728,0.9945054945054945,4,29,0.5915039834357839,0.6405153839001193
R0-zscore,ALL_THREE_PRESPECIFIED_SEEDS_COMPLETED,A:0.3:random,A,0.3,random,3,724,728,0.9945054945054945,4,43,0.5892300991700957,0.6291028799492552
R0-zscore,ALL_THREE_PRESPECIFIED_SEEDS_COMPLETED,A:0.5:front,A,0.5,front,1,724,728,0.9945054945054945,4,17,0.5817034880883026,0.632499736911236
R0-zscore,ALL_THREE_PRESPECIFIED_SEEDS_COMPLETED,A:0.5:front,A,0.5,front,1,724,728,0.9945054945054945,4,29,0.5912375511816729,0.6429402908469566
R0-zscore,ALL_THREE_PRESPECIFIED_SEEDS_COMPLETED,A:0.5:front,A,0.5,front,1,724,728,0.9945054945054945,4,43,0.5864156456291,0.6348848248237698
R0-zscore,ALL_THREE_PRESPECIFIED_SEEDS_COMPLETED,A:0.5:middle,A,0.5,middle,1,724,728,0.9945054945054945,4,17,0.5828660965344905,0.6306193143300134
R0-zscore,ALL_THREE_PRESPECIFIED_SEEDS_COMPLETED,A:0.5:middle,A,0.5,middle,1,724,728,0.9945054945054945,4,29,0.5937333718912666,0.6420664016658231
R0-zscore,ALL_THREE_PRESPECIFIED_SEEDS_COMPLETED,A:0.5:middle,A,0.5,middle,1,724,728,0.9945054945054945,4,43,0.5832775930268054,0.6337981828281165
R0-zscore,ALL_THREE_PRESPECIFIED_SEEDS_COMPLETED,A:0.5:back,A,0.5,back,1,724,728,0.9945054945054945,4,17,0.57828387398263,0.6378866227140272
R0-zscore,ALL_THREE_PRESPECIFIED_SEEDS_COMPLETED,A:0.5:back,A,0.5,back,1,724,728,0.9945054945054945,4,29,0.5909363173514116,0.638681096264678
R0-zscore,ALL_THREE_PRESPECIFIED_SEEDS_COMPLETED,A:0.5:back,A,0.5,back,1,724,728,0.9945054945054945,4,43,0.5841064371163904,0.6348720967845101
R0-zscore,ALL_THREE_PRESPECIFIED_SEEDS_COMPLETED,A:0.5:random,A,0.5,random,3,724,728,0.9945054945054945,4,17,0.5792572166674007,0.6342547639433445
R0-zscore,ALL_THREE_PRESPECIFIED_SEEDS_COMPLETED,A:0.5:random,A,0.5,random,3,724,728,0.9945054945054945,4,29,0.5904862301328121,0.6416401603494108
R0-zscore,ALL_THREE_PRESPECIFIED_SEEDS_COMPLETED,A:0.5:random,A,0.5,random,3,724,728,0.9945054945054945,4,43,0.5847306371853147,0.6331268022806045
R0-zscore,ALL_THREE_PRESPECIFIED_SEEDS_COMPLETED,A:0.7:front,A,0.7,front,1,718,728,0.9862637362637363,10,17,0.5824125067289814,0.6319942819816509
R0-zscore,ALL_THREE_PRESPECIFIED_SEEDS_COMPLETED,A:0.7:front,A,0.7,front,1,718,728,0.9862637362637363,10,29,0.5815942028985508,0.6476089511483084
R0-zscore,ALL_THREE_PRESPECIFIED_SEEDS_COMPLETED,A:0.7:front,A,0.7,front,1,718,728,0.9862637362637363,10,43,0.582117088165792,0.6392616572854452
R0-zscore,ALL_THREE_PRESPECIFIED_SEEDS_COMPLETED,A:0.7:middle,A,0.7,middle,1,718,728,0.9862637362637363,10,17,0.576618961414397,0.6359153146673874
R0-zscore,ALL_THREE_PRESPECIFIED_SEEDS_COMPLETED,A:0.7:middle,A,0.7,middle,1,718,728,0.9862637362637363,10,29,0.5799740040132857,0.6465848523459479
R0-zscore,ALL_THREE_PRESPECIFIED_SEEDS_COMPLETED,A:0.7:middle,A,0.7,middle,1,718,728,0.9862637362637363,10,43,0.5761748291868775,0.6404277441195139
R0-zscore,ALL_THREE_PRESPECIFIED_SEEDS_COMPLETED,A:0.7:back,A,0.7,back,1,718,728,0.9862637362637363,10,17,0.5657681864744344,0.6357798786124836
R0-zscore,ALL_THREE_PRESPECIFIED_SEEDS_COMPLETED,A:0.7:back,A,0.7,back,1,718,728,0.9862637362637363,10,29,0.5989092596311528,0.6432267308815965
R0-zscore,ALL_THREE_PRESPECIFIED_SEEDS_COMPLETED,A:0.7:back,A,0.7,back,1,718,728,0.9862637362637363,10,43,0.5777812548896887,0.6440668315805781
R0-zscore,ALL_THREE_PRESPECIFIED_SEEDS_COMPLETED,A:0.7:random,A,0.7,random,3,718,728,0.9862637362637363,10,17,0.5814234165120449,0.6358813413089626
R0-zscore,ALL_THREE_PRESPECIFIED_SEEDS_COMPLETED,A:0.7:random,A,0.7,random,3,718,728,0.9862637362637363,10,29,0.5852373863794145,0.6484393644069437
R0-zscore,ALL_THREE_PRESPECIFIED_SEEDS_COMPLETED,A:0.7:random,A,0.7,random,3,718,728,0.9862637362637363,10,43,0.5799604739499093,0.6448245073294786
R0-zscore,ALL_THREE_PRESPECIFIED_SEEDS_COMPLETED,V:0.1:front,V,0.1,front,1,703,728,0.9656593406593407,25,17,0.5805495742252146,0.6311321868473257
R0-zscore,ALL_THREE_PRESPECIFIED_SEEDS_COMPLETED,V:0.1:front,V,0.1,front,1,703,728,0.9656593406593407,25,29,0.5844423480650297,0.6374122813312979
R0-zscore,ALL_THREE_PRESPECIFIED_SEEDS_COMPLETED,V:0.1:front,V,0.1,front,1,703,728,0.9656593406593407,25,43,0.6015883643938549,0.6232941989258577
R0-zscore,ALL_THREE_PRESPECIFIED_SEEDS_COMPLETED,V:0.1:middle,V,0.1,middle,1,703,728,0.9656593406593407,25,17,0.5811033892529162,0.6302917216198294
R0-zscore,ALL_THREE_PRESPECIFIED_SEEDS_COMPLETED,V:0.1:middle,V,0.1,middle,1,703,728,0.9656593406593407,25,29,0.5852913858144325,0.6360535136434239
R0-zscore,ALL_THREE_PRESPECIFIED_SEEDS_COMPLETED,V:0.1:middle,V,0.1,middle,1,703,728,0.9656593406593407,25,43,0.6003552149396344,0.6238914957565223
R0-zscore,ALL_THREE_PRESPECIFIED_SEEDS_COMPLETED,V:0.1:back,V,0.1,back,1,703,728,0.9656593406593407,25,17,0.5823046516540421,0.6315990820351814
R0-zscore,ALL_THREE_PRESPECIFIED_SEEDS_COMPLETED,V:0.1:back,V,0.1,back,1,703,728,0.9656593406593407,25,29,0.5889971195309438,0.6366302870497987
R0-zscore,ALL_THREE_PRESPECIFIED_SEEDS_COMPLETED,V:0.1:back,V,0.1,back,1,703,728,0.9656593406593407,25,43,0.6023686549127919,0.623483680084074
R0-zscore,ALL_THREE_PRESPECIFIED_SEEDS_COMPLETED,V:0.1:random,V,0.1,random,3,703,728,0.9656593406593407,25,17,0.5802016881757821,0.6312335421968845
R0-zscore,ALL_THREE_PRESPECIFIED_SEEDS_COMPLETED,V:0.1:random,V,0.1,random,3,703,728,0.9656593406593407,25,29,0.5857318693020153,0.6367178225082037
R0-zscore,ALL_THREE_PRESPECIFIED_SEEDS_COMPLETED,V:0.1:random,V,0.1,random,3,703,728,0.9656593406593407,25,43,0.6012269032739607,0.6242805972466464
R0-zscore,ALL_THREE_PRESPECIFIED_SEEDS_COMPLETED,V:0.3:front,V,0.3,front,1,703,728,0.9656593406593407,25,17,0.5818880483699865,0.6313329841767292
R0-zscore,ALL_THREE_PRESPECIFIED_SEEDS_COMPLETED,V:0.3:front,V,0.3,front,1,703,728,0.9656593406593407,25,29,0.5797733316827668,0.6382045902578534
R0-zscore,ALL_THREE_PRESPECIFIED_SEEDS_COMPLETED,V:0.3:front,V,0.3,front,1,703,728,0.9656593406593407,25,43,0.5960626580052751,0.6299219378634806
R0-zscore,ALL_THREE_PRESPECIFIED_SEEDS_COMPLETED,V:0.3:middle,V,0.3,middle,1,703,728,0.9656593406593407,25,17,0.5831258162775327,0.6301495825640274
R0-zscore,ALL_THREE_PRESPECIFIED_SEEDS_COMPLETED,V:0.3:middle,V,0.3,middle,1,703,728,0.9656593406593407,25,29,0.5832209924396914,0.6349903976184618
R0-zscore,ALL_THREE_PRESPECIFIED_SEEDS_COMPLETED,V:0.3:middle,V,0.3,middle,1,703,728,0.9656593406593407,25,43,0.5968125964253305,0.6294593474527713
R0-zscore,ALL_THREE_PRESPECIFIED_SEEDS_COMPLETED,V:0.3:back,V,0.3,back,1,703,728,0.9656593406593407,25,17,0.5834287759218049,0.6335549909211465
R0-zscore,ALL_THREE_PRESPECIFIED_SEEDS_COMPLETED,V:0.3:back,V,0.3,back,1,703,728,0.9656593406593407,25,29,0.5870716948174488,0.6373246627524597
R0-zscore,ALL_THREE_PRESPECIFIED_SEEDS_COMPLETED,V:0.3:back,V,0.3,back,1,703,728,0.9656593406593407,25,43,0.5942999979511135,0.6287397376813665
R0-zscore,ALL_THREE_PRESPECIFIED_SEEDS_COMPLETED,V:0.3:random,V,0.3,random,3,703,728,0.9656593406593407,25,17,0.5817737790525769,0.6316693624907029
R0-zscore,ALL_THREE_PRESPECIFIED_SEEDS_COMPLETED,V:0.3:random,V,0.3,random,3,703,728,0.9656593406593407,25,29,0.5896925028068649,0.6368557841857322
R0-zscore,ALL_THREE_PRESPECIFIED_SEEDS_COMPLETED,V:0.3:random,V,0.3,random,3,703,728,0.9656593406593407,25,43,0.5956862518538465,0.6305586613091894
R0-zscore,ALL_THREE_PRESPECIFIED_SEEDS_COMPLETED,V:0.5:front,V,0.5,front,1,703,728,0.9656593406593407,25,17,0.5823302879248863,0.6319940984504973
R0-zscore,ALL_THREE_PRESPECIFIED_SEEDS_COMPLETED,V:0.5:front,V,0.5,front,1,703,728,0.9656593406593407,25,29,0.5775677932879958,0.6388151185060301
R0-zscore,ALL_THREE_PRESPECIFIED_SEEDS_COMPLETED,V:0.5:front,V,0.5,front,1,703,728,0.9656593406593407,25,43,0.5966379015163324,0.6384883373930978
R0-zscore,ALL_THREE_PRESPECIFIED_SEEDS_COMPLETED,V:0.5:middle,V,0.5,middle,1,703,728,0.9656593406593407,25,17,0.5810582096070137,0.6303480986510864
R0-zscore,ALL_THREE_PRESPECIFIED_SEEDS_COMPLETED,V:0.5:middle,V,0.5,middle,1,703,728,0.9656593406593407,25,29,0.5868191117601377,0.6332691976829985
R0-zscore,ALL_THREE_PRESPECIFIED_SEEDS_COMPLETED,V:0.5:middle,V,0.5,middle,1,703,728,0.9656593406593407,25,43,0.5959687552250867,0.6352017925381226
R0-zscore,ALL_THREE_PRESPECIFIED_SEEDS_COMPLETED,V:0.5:back,V,0.5,back,1,703,728,0.9656593406593407,25,17,0.5815197733301182,0.6341961696620834
R0-zscore,ALL_THREE_PRESPECIFIED_SEEDS_COMPLETED,V:0.5:back,V,0.5,back,1,703,728,0.9656593406593407,25,29,0.5891170038233381,0.63701623651918
R0-zscore,ALL_THREE_PRESPECIFIED_SEEDS_COMPLETED,V:0.5:back,V,0.5,back,1,703,728,0.9656593406593407,25,43,0.593922121559802,0.6348550579431314
R0-zscore,ALL_THREE_PRESPECIFIED_SEEDS_COMPLETED,V:0.5:random,V,0.5,random,3,703,728,0.9656593406593407,25,17,0.5811507290836896,0.6320675144396017
R0-zscore,ALL_THREE_PRESPECIFIED_SEEDS_COMPLETED,V:0.5:random,V,0.5,random,3,703,728,0.9656593406593407,25,29,0.5868514704706014,0.6369955148690208
R0-zscore,ALL_THREE_PRESPECIFIED_SEEDS_COMPLETED,V:0.5:random,V,0.5,random,3,703,728,0.9656593406593407,25,43,0.5964625588098019,0.6373215962349328
R0-zscore,ALL_THREE_PRESPECIFIED_SEEDS_COMPLETED,V:0.7:front,V,0.7,front,1,694,728,0.9532967032967034,34,17,0.5772238366087783,0.6317124809765329
R0-zscore,ALL_THREE_PRESPECIFIED_SEEDS_COMPLETED,V:0.7:front,V,0.7,front,1,694,728,0.9532967032967034,34,29,0.5829398132780758,0.6364264334587171
R0-zscore,ALL_THREE_PRESPECIFIED_SEEDS_COMPLETED,V:0.7:front,V,0.7,front,1,694,728,0.9532967032967034,34,43,0.597641363542846,0.6463197503660442
R0-zscore,ALL_THREE_PRESPECIFIED_SEEDS_COMPLETED,V:0.7:middle,V,0.7,middle,1,694,728,0.9532967032967034,34,17,0.5844774509715983,0.6326287991717806
R0-zscore,ALL_THREE_PRESPECIFIED_SEEDS_COMPLETED,V:0.7:middle,V,0.7,middle,1,694,728,0.9532967032967034,34,29,0.5896768722476208,0.6357800263585587
R0-zscore,ALL_THREE_PRESPECIFIED_SEEDS_COMPLETED,V:0.7:middle,V,0.7,middle,1,694,728,0.9532967032967034,34,43,0.5956330889136433,0.6451953648772489
R0-zscore,ALL_THREE_PRESPECIFIED_SEEDS_COMPLETED,V:0.7:back,V,0.7,back,1,694,728,0.9532967032967034,34,17,0.5854273648653524,0.6357903359897606
R0-zscore,ALL_THREE_PRESPECIFIED_SEEDS_COMPLETED,V:0.7:back,V,0.7,back,1,694,728,0.9532967032967034,34,29,0.5873776788121322,0.637562489740718
R0-zscore,ALL_THREE_PRESPECIFIED_SEEDS_COMPLETED,V:0.7:back,V,0.7,back,1,694,728,0.9532967032967034,34,43,0.5895158942964326,0.6445483414441536
R0-zscore,ALL_THREE_PRESPECIFIED_SEEDS_COMPLETED,V:0.7:random,V,0.7,random,3,694,728,0.9532967032967034,34,17,0.5829564342138653,0.6334197800776528
R0-zscore,ALL_THREE_PRESPECIFIED_SEEDS_COMPLETED,V:0.7:random,V,0.7,random,3,694,728,0.9532967032967034,34,29,0.5887934154694835,0.6369708373476564
R0-zscore,ALL_THREE_PRESPECIFIED_SEEDS_COMPLETED,V:0.7:random,V,0.7,random,3,694,728,0.9532967032967034,34,43,0.5989813606532252,0.6468166442264525
R0-zscore,ALL_THREE_PRESPECIFIED_SEEDS_COMPLETED,TA:0.1:front,TA,0.1,front,1,724,728,0.9945054945054945,4,17,0.5758210929441608,0.6360712444902574
R0-zscore,ALL_THREE_PRESPECIFIED_SEEDS_COMPLETED,TA:0.1:front,TA,0.1,front,1,724,728,0.9945054945054945,4,29,0.5770567323125756,0.6419794716127728
R0-zscore,ALL_THREE_PRESPECIFIED_SEEDS_COMPLETED,TA:0.1:front,TA,0.1,front,1,724,728,0.9945054945054945,4,43,0.5938706817214395,0.6267773511470616
R0-zscore,ALL_THREE_PRESPECIFIED_SEEDS_COMPLETED,TA:0.1:middle,TA,0.1,middle,1,724,728,0.9945054945054945,4,17,0.5841195334389927,0.6294678795822399
R0-zscore,ALL_THREE_PRESPECIFIED_SEEDS_COMPLETED,TA:0.1:middle,TA,0.1,middle,1,724,728,0.9945054945054945,4,29,0.5821341974608306,0.6358201554742934
R0-zscore,ALL_THREE_PRESPECIFIED_SEEDS_COMPLETED,TA:0.1:middle,TA,0.1,middle,1,724,728,0.9945054945054945,4,43,0.5809304141931683,0.6230252775338678
R0-zscore,ALL_THREE_PRESPECIFIED_SEEDS_COMPLETED,TA:0.1:back,TA,0.1,back,1,724,728,0.9945054945054945,4,17,0.5696257945200621,0.6417175526302155
R0-zscore,ALL_THREE_PRESPECIFIED_SEEDS_COMPLETED,TA:0.1:back,TA,0.1,back,1,724,728,0.9945054945054945,4,29,0.5802898912999004,0.6439590263063699
R0-zscore,ALL_THREE_PRESPECIFIED_SEEDS_COMPLETED,TA:0.1:back,TA,0.1,back,1,724,728,0.9945054945054945,4,43,0.5950275346567029,0.6238939954538172
R0-zscore,ALL_THREE_PRESPECIFIED_SEEDS_COMPLETED,TA:0.1:random,TA,0.1,random,3,724,728,0.9945054945054945,4,17,0.5792447287001857,0.6316439916441369
R0-zscore,ALL_THREE_PRESPECIFIED_SEEDS_COMPLETED,TA:0.1:random,TA,0.1,random,3,724,728,0.9945054945054945,4,29,0.5809692406068945,0.6404350009416793
R0-zscore,ALL_THREE_PRESPECIFIED_SEEDS_COMPLETED,TA:0.1:random,TA,0.1,random,3,724,728,0.9945054945054945,4,43,0.5957153063947299,0.6237291450557451
R0-zscore,ALL_THREE_PRESPECIFIED_SEEDS_COMPLETED,TA:0.3:front,TA,0.3,front,1,724,728,0.9945054945054945,4,17,0.5784777260097318,0.6504127904887894
R0-zscore,ALL_THREE_PRESPECIFIED_SEEDS_COMPLETED,TA:0.3:front,TA,0.3,front,1,724,728,0.9945054945054945,4,29,0.5741826165216999,0.6613277534706068
R0-zscore,ALL_THREE_PRESPECIFIED_SEEDS_COMPLETED,TA:0.3:front,TA,0.3,front,1,724,728,0.9945054945054945,4,43,0.5852747522397811,0.6447252949580146
R0-zscore,ALL_THREE_PRESPECIFIED_SEEDS_COMPLETED,TA:0.3:middle,TA,0.3,middle,1,724,728,0.9945054945054945,4,17,0.5948063438768861,0.6273669352715613
R0-zscore,ALL_THREE_PRESPECIFIED_SEEDS_COMPLETED,TA:0.3:middle,TA,0.3,middle,1,724,728,0.9945054945054945,4,29,0.591490447835014,0.6395897697443066
R0-zscore,ALL_THREE_PRESPECIFIED_SEEDS_COMPLETED,TA:0.3:middle,TA,0.3,middle,1,724,728,0.9945054945054945,4,43,0.5865627475172978,0.6260036813673451
R0-zscore,ALL_THREE_PRESPECIFIED_SEEDS_COMPLETED,TA:0.3:back,TA,0.3,back,1,724,728,0.9945054945054945,4,17,0.5723410076822074,0.6440859008938647
R0-zscore,ALL_THREE_PRESPECIFIED_SEEDS_COMPLETED,TA:0.3:back,TA,0.3,back,1,724,728,0.9945054945054945,4,29,0.5722666531329783,0.6568365986818757
R0-zscore,ALL_THREE_PRESPECIFIED_SEEDS_COMPLETED,TA:0.3:back,TA,0.3,back,1,724,728,0.9945054945054945,4,43,0.5854513169776026,0.6315321136626753
R0-zscore,ALL_THREE_PRESPECIFIED_SEEDS_COMPLETED,TA:0.3:random,TA,0.3,random,3,724,728,0.9945054945054945,4,17,0.592366962717585,0.6356593355614923
R0-zscore,ALL_THREE_PRESPECIFIED_SEEDS_COMPLETED,TA:0.3:random,TA,0.3,random,3,724,728,0.9945054945054945,4,29,0.5906010090808246,0.650680074175671
R0-zscore,ALL_THREE_PRESPECIFIED_SEEDS_COMPLETED,TA:0.3:random,TA,0.3,random,3,724,728,0.9945054945054945,4,43,0.5875380574137518,0.6309105524422379
R0-zscore,ALL_THREE_PRESPECIFIED_SEEDS_COMPLETED,TA:0.5:front,TA,0.5,front,1,724,728,0.9945054945054945,4,17,0.5768417666500304,0.667917646557236
R0-zscore,ALL_THREE_PRESPECIFIED_SEEDS_COMPLETED,TA:0.5:front,TA,0.5,front,1,724,728,0.9945054945054945,4,29,0.577131729414231,0.6712417571161295
R0-zscore,ALL_THREE_PRESPECIFIED_SEEDS_COMPLETED,TA:0.5:front,TA,0.5,front,1,724,728,0.9945054945054945,4,43,0.5612326638649088,0.6639959181916061
R0-zscore,ALL_THREE_PRESPECIFIED_SEEDS_COMPLETED,TA:0.5:middle,TA,0.5,middle,1,724,728,0.9945054945054945,4,17,0.5933935329968448,0.6333121965026194
R0-zscore,ALL_THREE_PRESPECIFIED_SEEDS_COMPLETED,TA:0.5:middle,TA,0.5,middle,1,724,728,0.9945054945054945,4,29,0.5917305017750746,0.647509238578745
R0-zscore,ALL_THREE_PRESPECIFIED_SEEDS_COMPLETED,TA:0.5:middle,TA,0.5,middle,1,724,728,0.9945054945054945,4,43,0.5759192083913075,0.6339514738180326
R0-zscore,ALL_THREE_PRESPECIFIED_SEEDS_COMPLETED,TA:0.5:back,TA,0.5,back,1,724,728,0.9945054945054945,4,17,0.5646802826018097,0.644288786258395
R0-zscore,ALL_THREE_PRESPECIFIED_SEEDS_COMPLETED,TA:0.5:back,TA,0.5,back,1,724,728,0.9945054945054945,4,29,0.5678735392705819,0.6692738163526103
R0-zscore,ALL_THREE_PRESPECIFIED_SEEDS_COMPLETED,TA:0.5:back,TA,0.5,back,1,724,728,0.9945054945054945,4,43,0.582976570483603,0.6364489283702454
R0-zscore,ALL_THREE_PRESPECIFIED_SEEDS_COMPLETED,TA:0.5:random,TA,0.5,random,3,724,728,0.9945054945054945,4,17,0.5781314262797338,0.6451205291998302
R0-zscore,ALL_THREE_PRESPECIFIED_SEEDS_COMPLETED,TA:0.5:random,TA,0.5,random,3,724,728,0.9945054945054945,4,29,0.575602573357871,0.6580667444367274
R0-zscore,ALL_THREE_PRESPECIFIED_SEEDS_COMPLETED,TA:0.5:random,TA,0.5,random,3,724,728,0.9945054945054945,4,43,0.5737998691755712,0.6456703450643771
R0-zscore,ALL_THREE_PRESPECIFIED_SEEDS_COMPLETED,TA:0.7:front,TA,0.7,front,1,718,728,0.9862637362637363,10,17,0.5706582153610578,0.6701123704308655
R0-zscore,ALL_THREE_PRESPECIFIED_SEEDS_COMPLETED,TA:0.7:front,TA,0.7,front,1,718,728,0.9862637362637363,10,29,0.559300702125245,0.6807360883789703
R0-zscore,ALL_THREE_PRESPECIFIED_SEEDS_COMPLETED,TA:0.7:front,TA,0.7,front,1,718,728,0.9862637362637363,10,43,0.5485267813325373,0.6851110925851901
R0-zscore,ALL_THREE_PRESPECIFIED_SEEDS_COMPLETED,TA:0.7:middle,TA,0.7,middle,1,718,728,0.9862637362637363,10,17,0.5892276960205177,0.6519977663474792
R0-zscore,ALL_THREE_PRESPECIFIED_SEEDS_COMPLETED,TA:0.7:middle,TA,0.7,middle,1,718,728,0.9862637362637363,10,29,0.5857532538741231,0.6759929891036386
R0-zscore,ALL_THREE_PRESPECIFIED_SEEDS_COMPLETED,TA:0.7:middle,TA,0.7,middle,1,718,728,0.9862637362637363,10,43,0.5764158570137793,0.6594751289876812
R0-zscore,ALL_THREE_PRESPECIFIED_SEEDS_COMPLETED,TA:0.7:back,TA,0.7,back,1,718,728,0.9862637362637363,10,17,0.5527484618535933,0.6536299712063007
R0-zscore,ALL_THREE_PRESPECIFIED_SEEDS_COMPLETED,TA:0.7:back,TA,0.7,back,1,718,728,0.9862637362637363,10,29,0.5511639103848519,0.7026974865678982
R0-zscore,ALL_THREE_PRESPECIFIED_SEEDS_COMPLETED,TA:0.7:back,TA,0.7,back,1,718,728,0.9862637362637363,10,43,0.5576520948293416,0.6586549860015282
R0-zscore,ALL_THREE_PRESPECIFIED_SEEDS_COMPLETED,TA:0.7:random,TA,0.7,random,3,718,728,0.9862637362637363,10,17,0.5671450560169055,0.6571518324962442
R0-zscore,ALL_THREE_PRESPECIFIED_SEEDS_COMPLETED,TA:0.7:random,TA,0.7,random,3,718,728,0.9862637362637363,10,29,0.5566720244252629,0.6933544921945552
R0-zscore,ALL_THREE_PRESPECIFIED_SEEDS_COMPLETED,TA:0.7:random,TA,0.7,random,3,718,728,0.9862637362637363,10,43,0.5550897145808306,0.6694276160254585
R0-zscore,ALL_THREE_PRESPECIFIED_SEEDS_COMPLETED,TV:0.1:front,TV,0.1,front,1,703,728,0.9656593406593407,25,17,0.574209064902936,0.6371727288460134
R0-zscore,ALL_THREE_PRESPECIFIED_SEEDS_COMPLETED,TV:0.1:front,TV,0.1,front,1,703,728,0.9656593406593407,25,29,0.571437527794731,0.6405366184663253
R0-zscore,ALL_THREE_PRESPECIFIED_SEEDS_COMPLETED,TV:0.1:front,TV,0.1,front,1,703,728,0.9656593406593407,25,43,0.591995438327953,0.6266965724305239
R0-zscore,ALL_THREE_PRESPECIFIED_SEEDS_COMPLETED,TV:0.1:middle,TV,0.1,middle,1,703,728,0.9656593406593407,25,17,0.5838822254976458,0.6291833135221347
R0-zscore,ALL_THREE_PRESPECIFIED_SEEDS_COMPLETED,TV:0.1:middle,TV,0.1,middle,1,703,728,0.9656593406593407,25,29,0.5795119030165455,0.6338264263627774
R0-zscore,ALL_THREE_PRESPECIFIED_SEEDS_COMPLETED,TV:0.1:middle,TV,0.1,middle,1,703,728,0.9656593406593407,25,43,0.5815695222496162,0.6227799910699544
R0-zscore,ALL_THREE_PRESPECIFIED_SEEDS_COMPLETED,TV:0.1:back,TV,0.1,back,1,703,728,0.9656593406593407,25,17,0.5712396934364898,0.6408277339606474
R0-zscore,ALL_THREE_PRESPECIFIED_SEEDS_COMPLETED,TV:0.1:back,TV,0.1,back,1,703,728,0.9656593406593407,25,29,0.585480693720878,0.644859411764588
R0-zscore,ALL_THREE_PRESPECIFIED_SEEDS_COMPLETED,TV:0.1:back,TV,0.1,back,1,703,728,0.9656593406593407,25,43,0.5967162532470619,0.623918939862051
R0-zscore,ALL_THREE_PRESPECIFIED_SEEDS_COMPLETED,TV:0.1:random,TV,0.1,random,3,703,728,0.9656593406593407,25,17,0.5808409139711587,0.6297581262370864
R0-zscore,ALL_THREE_PRESPECIFIED_SEEDS_COMPLETED,TV:0.1:random,TV,0.1,random,3,703,728,0.9656593406593407,25,29,0.5809175362760305,0.6365980382048398
R0-zscore,ALL_THREE_PRESPECIFIED_SEEDS_COMPLETED,TV:0.1:random,TV,0.1,random,3,703,728,0.9656593406593407,25,43,0.5896552171988153,0.6209554122599382
R0-zscore,ALL_THREE_PRESPECIFIED_SEEDS_COMPLETED,TV:0.3:front,TV,0.3,front,1,703,728,0.9656593406593407,25,17,0.5755505047317647,0.65338418099506
R0-zscore,ALL_THREE_PRESPECIFIED_SEEDS_COMPLETED,TV:0.3:front,TV,0.3,front,1,703,728,0.9656593406593407,25,29,0.568780226579558,0.6573522900099096
R0-zscore,ALL_THREE_PRESPECIFIED_SEEDS_COMPLETED,TV:0.3:front,TV,0.3,front,1,703,728,0.9656593406593407,25,43,0.5885271190183722,0.6470911907339801
R0-zscore,ALL_THREE_PRESPECIFIED_SEEDS_COMPLETED,TV:0.3:middle,TV,0.3,middle,1,703,728,0.9656593406593407,25,17,0.5974446333505078,0.6245538910713678
R0-zscore,ALL_THREE_PRESPECIFIED_SEEDS_COMPLETED,TV:0.3:middle,TV,0.3,middle,1,703,728,0.9656593406593407,25,29,0.5794819978616564,0.6341770745058746
R0-zscore,ALL_THREE_PRESPECIFIED_SEEDS_COMPLETED,TV:0.3:middle,TV,0.3,middle,1,703,728,0.9656593406593407,25,43,0.5811608976667513,0.6264078215050516
R0-zscore,ALL_THREE_PRESPECIFIED_SEEDS_COMPLETED,TV:0.3:back,TV,0.3,back,1,703,728,0.9656593406593407,25,17,0.580665835150255,0.645955194488224
R0-zscore,ALL_THREE_PRESPECIFIED_SEEDS_COMPLETED,TV:0.3:back,TV,0.3,back,1,703,728,0.9656593406593407,25,29,0.5717390546279324,0.6538437334876597
R0-zscore,ALL_THREE_PRESPECIFIED_SEEDS_COMPLETED,TV:0.3:back,TV,0.3,back,1,703,728,0.9656593406593407,25,43,0.5903107819472299,0.6307904255582188
R0-zscore,ALL_THREE_PRESPECIFIED_SEEDS_COMPLETED,TV:0.3:random,TV,0.3,random,3,703,728,0.9656593406593407,25,17,0.5825347569280459,0.6308873936647145
R0-zscore,ALL_THREE_PRESPECIFIED_SEEDS_COMPLETED,TV:0.3:random,TV,0.3,random,3,703,728,0.9656593406593407,25,29,0.5728348900188499,0.6454490156508018
R0-zscore,ALL_THREE_PRESPECIFIED_SEEDS_COMPLETED,TV:0.3:random,TV,0.3,random,3,703,728,0.9656593406593407,25,43,0.5819489820247329,0.6290540373483298
R0-zscore,ALL_THREE_PRESPECIFIED_SEEDS_COMPLETED,TV:0.5:front,TV,0.5,front,1,703,728,0.9656593406593407,25,17,0.5690374084516063,0.6673251537900037
R0-zscore,ALL_THREE_PRESPECIFIED_SEEDS_COMPLETED,TV:0.5:front,TV,0.5,front,1,703,728,0.9656593406593407,25,29,0.5563635163490597,0.6668712201446376
R0-zscore,ALL_THREE_PRESPECIFIED_SEEDS_COMPLETED,TV:0.5:front,TV,0.5,front,1,703,728,0.9656593406593407,25,43,0.559637140336405,0.6655094910700547
R0-zscore,ALL_THREE_PRESPECIFIED_SEEDS_COMPLETED,TV:0.5:middle,TV,0.5,middle,1,703,728,0.9656593406593407,25,17,0.5842178439651756,0.6282125020464934
R0-zscore,ALL_THREE_PRESPECIFIED_SEEDS_COMPLETED,TV:0.5:middle,TV,0.5,middle,1,703,728,0.9656593406593407,25,29,0.5818799731520184,0.6390571546360881
R0-zscore,ALL_THREE_PRESPECIFIED_SEEDS_COMPLETED,TV:0.5:middle,TV,0.5,middle,1,703,728,0.9656593406593407,25,43,0.5775147831261952,0.6364179925217835
R0-zscore,ALL_THREE_PRESPECIFIED_SEEDS_COMPLETED,TV:0.5:back,TV,0.5,back,1,703,728,0.9656593406593407,25,17,0.5813272743737291,0.6431998258712766
R0-zscore,ALL_THREE_PRESPECIFIED_SEEDS_COMPLETED,TV:0.5:back,TV,0.5,back,1,703,728,0.9656593406593407,25,29,0.5621419943175315,0.6639306786665846
R0-zscore,ALL_THREE_PRESPECIFIED_SEEDS_COMPLETED,TV:0.5:back,TV,0.5,back,1,703,728,0.9656593406593407,25,43,0.5827956727265242,0.6346565695654774
R0-zscore,ALL_THREE_PRESPECIFIED_SEEDS_COMPLETED,TV:0.5:random,TV,0.5,random,3,703,728,0.9656593406593407,25,17,0.5824061163600888,0.6360440815179763
R0-zscore,ALL_THREE_PRESPECIFIED_SEEDS_COMPLETED,TV:0.5:random,TV,0.5,random,3,703,728,0.9656593406593407,25,29,0.5702601572596394,0.6513087191894452
R0-zscore,ALL_THREE_PRESPECIFIED_SEEDS_COMPLETED,TV:0.5:random,TV,0.5,random,3,703,728,0.9656593406593407,25,43,0.5749692754375922,0.6406350737871924
R0-zscore,ALL_THREE_PRESPECIFIED_SEEDS_COMPLETED,TV:0.7:front,TV,0.7,front,1,694,728,0.9532967032967034,34,17,0.5609485594058409,0.6605016110793708
R0-zscore,ALL_THREE_PRESPECIFIED_SEEDS_COMPLETED,TV:0.7:front,TV,0.7,front,1,694,728,0.9532967032967034,34,29,0.5721924367566936,0.6713947429552618
R0-zscore,ALL_THREE_PRESPECIFIED_SEEDS_COMPLETED,TV:0.7:front,TV,0.7,front,1,694,728,0.9532967032967034,34,43,0.5584926084473596,0.6809190136417593
R0-zscore,ALL_THREE_PRESPECIFIED_SEEDS_COMPLETED,TV:0.7:middle,TV,0.7,middle,1,694,728,0.9532967032967034,34,17,0.581744153121403,0.6377915816674531
R0-zscore,ALL_THREE_PRESPECIFIED_SEEDS_COMPLETED,TV:0.7:middle,TV,0.7,middle,1,694,728,0.9532967032967034,34,29,0.5794678082308485,0.6569604537061833
R0-zscore,ALL_THREE_PRESPECIFIED_SEEDS_COMPLETED,TV:0.7:middle,TV,0.7,middle,1,694,728,0.9532967032967034,34,43,0.5806915506275182,0.6599787962648527
R0-zscore,ALL_THREE_PRESPECIFIED_SEEDS_COMPLETED,TV:0.7:back,TV,0.7,back,1,694,728,0.9532967032967034,34,17,0.5691474208323458,0.6519370999025401
R0-zscore,ALL_THREE_PRESPECIFIED_SEEDS_COMPLETED,TV:0.7:back,TV,0.7,back,1,694,728,0.9532967032967034,34,29,0.5449645533190579,0.6844652616335745
R0-zscore,ALL_THREE_PRESPECIFIED_SEEDS_COMPLETED,TV:0.7:back,TV,0.7,back,1,694,728,0.9532967032967034,34,43,0.5487756953350366,0.6565127666159482
R0-zscore,ALL_THREE_PRESPECIFIED_SEEDS_COMPLETED,TV:0.7:random,TV,0.7,random,3,694,728,0.9532967032967034,34,17,0.5656309784578099,0.6503334710496114
R0-zscore,ALL_THREE_PRESPECIFIED_SEEDS_COMPLETED,TV:0.7:random,TV,0.7,random,3,694,728,0.9532967032967034,34,29,0.5637793056556806,0.6748835790233735
R0-zscore,ALL_THREE_PRESPECIFIED_SEEDS_COMPLETED,TV:0.7:random,TV,0.7,random,3,694,728,0.9532967032967034,34,43,0.5643176307978266,0.6723333544564994
R0-zscore,ALL_THREE_PRESPECIFIED_SEEDS_COMPLETED,AV:0.1:front,AV,0.1,front,1,703,728,0.9656593406593407,25,17,0.5802181872523172,0.6307947660436865
R0-zscore,ALL_THREE_PRESPECIFIED_SEEDS_COMPLETED,AV:0.1:front,AV,0.1,front,1,703,728,0.9656593406593407,25,29,0.5876430403893476,0.6383846606745814
R0-zscore,ALL_THREE_PRESPECIFIED_SEEDS_COMPLETED,AV:0.1:front,AV,0.1,front,1,703,728,0.9656593406593407,25,43,0.5974126392316803,0.6256829937133211
R0-zscore,ALL_THREE_PRESPECIFIED_SEEDS_COMPLETED,AV:0.1:middle,AV,0.1,middle,1,703,728,0.9656593406593407,25,17,0.5831915821512385,0.6298820107164959
R0-zscore,ALL_THREE_PRESPECIFIED_SEEDS_COMPLETED,AV:0.1:middle,AV,0.1,middle,1,703,728,0.9656593406593407,25,29,0.5885653515857019,0.635729570867165
R0-zscore,ALL_THREE_PRESPECIFIED_SEEDS_COMPLETED,AV:0.1:middle,AV,0.1,middle,1,703,728,0.9656593406593407,25,43,0.5976466339232932,0.6267240125328369
R0-zscore,ALL_THREE_PRESPECIFIED_SEEDS_COMPLETED,AV:0.1:back,AV,0.1,back,1,703,728,0.9656593406593407,25,17,0.5758721582079449,0.6328934157755901
R0-zscore,ALL_THREE_PRESPECIFIED_SEEDS_COMPLETED,AV:0.1:back,AV,0.1,back,1,703,728,0.9656593406593407,25,29,0.5875460750001135,0.635711908740232
R0-zscore,ALL_THREE_PRESPECIFIED_SEEDS_COMPLETED,AV:0.1:back,AV,0.1,back,1,703,728,0.9656593406593407,25,43,0.6049228115550446,0.6261776624759787
R0-zscore,ALL_THREE_PRESPECIFIED_SEEDS_COMPLETED,AV:0.1:random,AV,0.1,random,3,703,728,0.9656593406593407,25,17,0.576318046210027,0.6308490928437736
R0-zscore,ALL_THREE_PRESPECIFIED_SEEDS_COMPLETED,AV:0.1:random,AV,0.1,random,3,703,728,0.9656593406593407,25,29,0.5937701678634354,0.6367718271566055
R0-zscore,ALL_THREE_PRESPECIFIED_SEEDS_COMPLETED,AV:0.1:random,AV,0.1,random,3,703,728,0.9656593406593407,25,43,0.6031599513412332,0.627153170626822
R0-zscore,ALL_THREE_PRESPECIFIED_SEEDS_COMPLETED,AV:0.3:front,AV,0.3,front,1,703,728,0.9656593406593407,25,17,0.5858842654884053,0.6305237450466777
R0-zscore,ALL_THREE_PRESPECIFIED_SEEDS_COMPLETED,AV:0.3:front,AV,0.3,front,1,703,728,0.9656593406593407,25,29,0.5899925639416198,0.6422900759181964
R0-zscore,ALL_THREE_PRESPECIFIED_SEEDS_COMPLETED,AV:0.3:front,AV,0.3,front,1,703,728,0.9656593406593407,25,43,0.6011189670239042,0.6392711384770726
R0-zscore,ALL_THREE_PRESPECIFIED_SEEDS_COMPLETED,AV:0.3:middle,AV,0.3,middle,1,703,728,0.9656593406593407,25,17,0.5808639851921474,0.6279879977842179
R0-zscore,ALL_THREE_PRESPECIFIED_SEEDS_COMPLETED,AV:0.3:middle,AV,0.3,middle,1,703,728,0.9656593406593407,25,29,0.5902094961010174,0.6374360681615404
R0-zscore,ALL_THREE_PRESPECIFIED_SEEDS_COMPLETED,AV:0.3:middle,AV,0.3,middle,1,703,728,0.9656593406593407,25,43,0.5911682421886504,0.6407032019169592
R0-zscore,ALL_THREE_PRESPECIFIED_SEEDS_COMPLETED,AV:0.3:back,AV,0.3,back,1,703,728,0.9656593406593407,25,17,0.5806340629698497,0.6362074631075042
R0-zscore,ALL_THREE_PRESPECIFIED_SEEDS_COMPLETED,AV:0.3:back,AV,0.3,back,1,703,728,0.9656593406593407,25,29,0.5913786318434765,0.6381749649049847
R0-zscore,ALL_THREE_PRESPECIFIED_SEEDS_COMPLETED,AV:0.3:back,AV,0.3,back,1,703,728,0.9656593406593407,25,43,0.5975172148124573,0.6404162065604456
R0-zscore,ALL_THREE_PRESPECIFIED_SEEDS_COMPLETED,AV:0.3:random,AV,0.3,random,3,703,728,0.9656593406593407,25,17,0.5790758675040797,0.6333305426641288
R0-zscore,ALL_THREE_PRESPECIFIED_SEEDS_COMPLETED,AV:0.3:random,AV,0.3,random,3,703,728,0.9656593406593407,25,29,0.588612907635656,0.6391771509613365
R0-zscore,ALL_THREE_PRESPECIFIED_SEEDS_COMPLETED,AV:0.3:random,AV,0.3,random,3,703,728,0.9656593406593407,25,43,0.5965618915434455,0.6431878105799208
R0-zscore,ALL_THREE_PRESPECIFIED_SEEDS_COMPLETED,AV:0.5:front,AV,0.5,front,1,703,728,0.9656593406593407,25,17,0.592744886195506,0.6320220499893057
R0-zscore,ALL_THREE_PRESPECIFIED_SEEDS_COMPLETED,AV:0.5:front,AV,0.5,front,1,703,728,0.9656593406593407,25,29,0.5871534181365363,0.6430323636747773
R0-zscore,ALL_THREE_PRESPECIFIED_SEEDS_COMPLETED,AV:0.5:front,AV,0.5,front,1,703,728,0.9656593406593407,25,43,0.5875734351022414,0.6581505008170108
R0-zscore,ALL_THREE_PRESPECIFIED_SEEDS_COMPLETED,AV:0.5:middle,AV,0.5,middle,1,703,728,0.9656593406593407,25,17,0.5806897464191068,0.6266052719969354
R0-zscore,ALL_THREE_PRESPECIFIED_SEEDS_COMPLETED,AV:0.5:middle,AV,0.5,middle,1,703,728,0.9656593406593407,25,29,0.5892528156679101,0.6370878479133902
R0-zscore,ALL_THREE_PRESPECIFIED_SEEDS_COMPLETED,AV:0.5:middle,AV,0.5,middle,1,703,728,0.9656593406593407,25,43,0.5844059637070664,0.6564322951335171
R0-zscore,ALL_THREE_PRESPECIFIED_SEEDS_COMPLETED,AV:0.5:back,AV,0.5,back,1,703,728,0.9656593406593407,25,17,0.5742816106836858,0.6382540784748066
R0-zscore,ALL_THREE_PRESPECIFIED_SEEDS_COMPLETED,AV:0.5:back,AV,0.5,back,1,703,728,0.9656593406593407,25,29,0.5939901091757247,0.6378907748305489
R0-zscore,ALL_THREE_PRESPECIFIED_SEEDS_COMPLETED,AV:0.5:back,AV,0.5,back,1,703,728,0.9656593406593407,25,43,0.5912812020485289,0.6578892445860809
R0-zscore,ALL_THREE_PRESPECIFIED_SEEDS_COMPLETED,AV:0.5:random,AV,0.5,random,3,703,728,0.9656593406593407,25,17,0.5822629386964152,0.6317209948951058
R0-zscore,ALL_THREE_PRESPECIFIED_SEEDS_COMPLETED,AV:0.5:random,AV,0.5,random,3,703,728,0.9656593406593407,25,29,0.5939083815358418,0.640807324735524
R0-zscore,ALL_THREE_PRESPECIFIED_SEEDS_COMPLETED,AV:0.5:random,AV,0.5,random,3,703,728,0.9656593406593407,25,43,0.5886887145689548,0.6588508321071788
R0-zscore,ALL_THREE_PRESPECIFIED_SEEDS_COMPLETED,AV:0.7:front,AV,0.7,front,1,694,728,0.9532967032967034,34,17,0.5854104642317121,0.628326104727131
R0-zscore,ALL_THREE_PRESPECIFIED_SEEDS_COMPLETED,AV:0.7:front,AV,0.7,front,1,694,728,0.9532967032967034,34,29,0.5783906334125448,0.6438394562313449
R0-zscore,ALL_THREE_PRESPECIFIED_SEEDS_COMPLETED,AV:0.7:front,AV,0.7,front,1,694,728,0.9532967032967034,34,43,0.5858034608080738,0.6732910305599344
R0-zscore,ALL_THREE_PRESPECIFIED_SEEDS_COMPLETED,AV:0.7:middle,AV,0.7,middle,1,694,728,0.9532967032967034,34,17,0.5815590924778983,0.6314596748796668
R0-zscore,ALL_THREE_PRESPECIFIED_SEEDS_COMPLETED,AV:0.7:middle,AV,0.7,middle,1,694,728,0.9532967032967034,34,29,0.5836849344766964,0.645099944022809
R0-zscore,ALL_THREE_PRESPECIFIED_SEEDS_COMPLETED,AV:0.7:middle,AV,0.7,middle,1,694,728,0.9532967032967034,34,43,0.5788563635392515,0.6777643141526074
R0-zscore,ALL_THREE_PRESPECIFIED_SEEDS_COMPLETED,AV:0.7:back,AV,0.7,back,1,694,728,0.9532967032967034,34,17,0.5740155415756004,0.6382056046465979
R0-zscore,ALL_THREE_PRESPECIFIED_SEEDS_COMPLETED,AV:0.7:back,AV,0.7,back,1,694,728,0.9532967032967034,34,29,0.5827123460779783,0.6419004234581275
R0-zscore,ALL_THREE_PRESPECIFIED_SEEDS_COMPLETED,AV:0.7:back,AV,0.7,back,1,694,728,0.9532967032967034,34,43,0.5811080182648946,0.6795113981847912
R0-zscore,ALL_THREE_PRESPECIFIED_SEEDS_COMPLETED,AV:0.7:random,AV,0.7,random,3,694,728,0.9532967032967034,34,17,0.5797043612179761,0.6342541455961666
R0-zscore,ALL_THREE_PRESPECIFIED_SEEDS_COMPLETED,AV:0.7:random,AV,0.7,random,3,694,728,0.9532967032967034,34,29,0.586268742811853,0.6445056456418353
R0-zscore,ALL_THREE_PRESPECIFIED_SEEDS_COMPLETED,AV:0.7:random,AV,0.7,random,3,694,728,0.9532967032967034,34,43,0.5834899715388749,0.6760339413085337
