configuration,complete,dimension,value,nominal_conditions,seed,mean_coverage,macro_F1,MAE,macro_F1_mean,MAE_mean
M1,True,modality,A,16,17,0.992445054945055,0.6038168722383674,0.6064332995516225,0.6015971416580186,0.6004386221144865
M1,True,modality,A,16,29,0.992445054945055,0.60411370950119,0.6007722056797037,0.6015971416580186,0.6004386221144865
M1,True,modality,A,16,43,0.992445054945055,0.5968608432344984,0.5941103611121334,0.6015971416580186,0.6004386221144865
M1,True,modality,AV,16,17,0.9625686813186813,0.605066174584544,0.606322311505143,0.6018170315849574,0.6001250290357216
M1,True,modality,AV,16,29,0.9625686813186813,0.6038068968093319,0.6001562910569425,0.6018170315849574,0.6001250290357216
M1,True,modality,AV,16,43,0.9625686813186813,0.5965780233609961,0.5938964845450795,0.6018170315849574,0.6001250290357216
M1,True,modality,T,16,17,1.0,0.5821081875067626,0.628993961661853,0.5792274792614663,0.6287007367242791
M1,True,modality,T,16,29,1.0,0.5820636950003899,0.6330041915149068,0.5792274792614663,0.6287007367242791
M1,True,modality,T,16,43,1.0,0.5735105552772465,0.6241040569960775,0.5792274792614663,0.6287007367242791
M1,True,modality,TA,16,17,0.992445054945055,0.5841079352299215,0.628608505059021,0.5794262938342339,0.6301112335667844
M1,True,modality,TA,16,29,0.992445054945055,0.5812809334396257,0.6352722788100696,0.5794262938342339,0.6301112335667844
M1,True,modality,TA,16,43,0.992445054945055,0.5728900128331544,0.6264529168312627,0.5794262938342339,0.6301112335667844
M1,True,modality,TV,16,17,0.9625686813186813,0.582246808144032,0.6262295599875097,0.5796977991201283,0.626685934126331
M1,True,modality,TV,16,29,0.9625686813186813,0.5845094635119334,0.6315391044147777,0.5796977991201283,0.626685934126331
M1,True,modality,TV,16,43,0.9625686813186813,0.5723371257044194,0.6222891379767057,0.5796977991201283,0.626685934126331
M1,True,modality,V,16,17,0.9625686813186813,0.6022122697998731,0.6056173557075247,0.6015596989750139,0.5985181904859727
M1,True,modality,V,16,29,0.9625686813186813,0.6011213899257243,0.5975657560750404,0.6015596989750139,0.5985181904859727
M1,True,modality,V,16,43,0.9625686813186813,0.6013454371994447,0.5923714596753528,0.6015596989750139,0.5985181904859727
M1,True,rate,0.1,24,17,0.9809981684981685,0.6007183713112414,0.6082080504729563,0.5994099449709211,0.6013394728907548
M1,True,rate,0.1,24,29,0.9809981684981685,0.5984796065534296,0.6005876482460349,0.5994099449709211,0.6013394728907548
M1,True,rate,0.1,24,43,0.9809981684981685,0.5990318570480925,0.5952227199532734,0.5994099449709211,0.6013394728907548
M1,True,rate,0.3,24,17,0.9809981684981685,0.5962102699374456,0.6127558070633307,0.594939569219677,0.6075844739262832
M1,True,rate,0.3,24,29,0.9809981684981685,0.5992214811621331,0.6080018223604232,0.594939569219677,0.6075844739262832
M1,True,rate,0.3,24,43,0.9809981684981685,0.5893869565594523,0.6019957923550959,0.594939569219677,0.6075844739262832
M1,True,rate,0.5,24,17,0.9809981684981685,0.5878093947798189,0.6163698644091761,0.5850851274993731,0.6149322714130349
M1,True,rate,0.5,24,29,0.9809981684981685,0.588499561035543,0.6184051272545937,0.5850851274993731,0.6149322714130349
M1,True,rate,0.5,24,43,0.9809981684981685,0.5789464266827576,0.6100218225753348,0.5850851274993731,0.6149322714130349
M1,True,rate,0.7,24,17,0.9720695970695972,0.5883007956404948,0.6308029403696528,0.5827823212659077,0.6325302791389772
M1,True,rate,0.7,24,29,0.9720695970695972,0.5850634100410245,0.6385452871732419,0.5827823212659077,0.6325302791389772
M1,True,rate,0.7,24,43,0.9720695970695972,0.5749827581162039,0.6282426098740369,0.5827823212659077,0.6325302791389772
M1,True,position,back,24,17,0.9787660256410257,0.5907171135961834,0.6194386124167907,0.5879972921004537,0.6141121646337674
M1,True,position,back,24,29,0.9787660256410257,0.5861114793704562,0.6172470466195797,0.5879972921004537,0.6141121646337674
M1,True,position,back,24,43,0.9787660256410257,0.5871632833347217,0.6056508348649318,0.5879972921004537,0.6141121646337674
M1,True,position,front,24,17,0.9787660256410257,0.5936166510280667,0.6203199677712782,0.5900339817218553,0.6180410153124246
M1,True,position,front,24,29,0.9787660256410257,0.5935012033633353,0.6178027589721018,0.5900339817218553,0.6180410153124246
M1,True,position,front,24,43,0.9787660256410257,0.5829840907741636,0.616000319193894,0.5900339817218553,0.6180410153124246
M1,True,position,middle,24,17,0.9787660256410257,0.5965892915552783,0.6123979862095239,0.5938498902346356,0.6104296938228688
M1,True,position,middle,24,29,0.9787660256410257,0.5982125622720943,0.613665799030399,0.5938498902346356,0.6104296938228688
M1,True,position,middle,24,43,0.9787660256410257,0.5867478168765343,0.6052252962286836,0.5938498902346356,0.6104296938228688
M1,True,position,random,24,17,0.9787660256410257,0.5921157754894721,0.6159800959175232,0.5903357988989345,0.6138036235999894
M1,True,position,random,24,29,0.9787660256410257,0.5934388137862445,0.6168242804122132,0.5903357988989345,0.6138036235999894
M1,True,position,random,24,43,0.9787660256410257,0.5854528074210869,0.6086064944702319,0.5903357988989345,0.6138036235999894
M2,True,modality,A,16,17,0.992445054945055,0.620283898048124,0.6005120086899826,0.6219965534950724,0.6038672513010132
M2,True,modality,A,16,29,0.992445054945055,0.6196212446177873,0.6020053995111178,0.6219965534950724,0.6038672513010132
M2,True,modality,A,16,43,0.992445054945055,0.626084517819306,0.6090843457019391,0.6219965534950724,0.6038672513010132
M2,True,modality,AV,16,17,0.9625686813186813,0.6213711591938464,0.6006946274835735,0.6207094754843735,0.6037759357747009
M2,True,modality,AV,16,29,0.9625686813186813,0.6170117105056021,0.6014779829426046,0.6207094754843735,0.6037759357747009
M2,True,modality,AV,16,43,0.9625686813186813,0.623745556753672,0.6091551968979246,0.6207094754843735,0.6037759357747009
M2,True,modality,T,16,17,1.0,0.5929547546602818,0.6260688520799808,0.5920906689235604,0.6350565442519719
M2,True,modality,T,16,29,1.0,0.5896890560730397,0.6307065916861685,0.5920906689235604,0.6350565442519719
M2,True,modality,T,16,43,1.0,0.59362819603736,0.6483941889897663,0.5920906689235604,0.6350565442519719
M2,True,modality,TA,16,17,0.992445054945055,0.5946729856515086,0.6250293792250826,0.5913140154847679,0.6345503251393035
M2,True,modality,TA,16,29,0.992445054945055,0.5862692983340096,0.6332959330136694,0.5913140154847679,0.6345503251393035
M2,True,modality,TA,16,43,0.992445054945055,0.5929997624687855,0.6453256631791588,0.5913140154847679,0.6345503251393035
M2,True,modality,TV,16,17,0.9625686813186813,0.594654358195,0.6224294477437163,0.5935493095289227,0.6315041798841451
M2,True,modality,TV,16,29,0.9625686813186813,0.5924197312252294,0.6286043080652588,0.5935493095289227,0.6315041798841451
M2,True,modality,TV,16,43,0.9625686813186813,0.5935738391665387,0.6434787838434604,0.5935493095289227,0.6315041798841451
M2,True,modality,V,16,17,0.9625686813186813,0.62119211005079,0.5998256575110799,0.6216928438533064,0.6024489946513015
M2,True,modality,V,16,29,0.9625686813186813,0.6175883027788768,0.5986633669661641,0.6216928438533064,0.6024489946513015
M2,True,modality,V,16,43,0.9625686813186813,0.6262981187302522,0.6088579594766604,0.6216928438533064,0.6024489946513015
M2,True,rate,0.1,24,17,0.9809981684981685,0.6202480739648762,0.6017817398533647,0.6201382724996508,0.6046808689815987
M2,True,rate,0.1,24,29,0.9809981684981685,0.616817525112337,0.6016409256808868,0.6201382724996508,0.6046808689815987
M2,True,rate,0.1,24,43,0.9809981684981685,0.6233492184217394,0.6106199414105445,0.6201382724996508,0.6046808689815987
M2,True,rate,0.3,24,17,0.9809981684981685,0.6137691187385059,0.6070845600821081,0.6137059953941904,0.6115280393544108
M2,True,rate,0.3,24,29,0.9809981684981685,0.6105836033376751,0.6085060425545131,0.6137059953941904,0.6115280393544108
M2,True,rate,0.3,24,43,0.9809981684981685,0.61676526410639,0.6189935154266112,0.6137059953941904,0.6115280393544108
M2,True,rate,0.5,24,17,0.9809981684981685,0.6011782987223899,0.612288755065489,0.6013863009227499,0.6194289814718382
M2,True,rate,0.5,24,29,0.9809981684981685,0.5983400908960345,0.6171749544524624,0.6013863009227499,0.6194289814718382
M2,True,rate,0.5,24,43,0.9809981684981685,0.6046405131498251,0.6288232348975632,0.6013863009227499,0.6194289814718382
M2,True,rate,0.7,24,17,0.9720695970695972,0.5948906857739283,0.6285515934879821,0.5923380090300778,0.6384975975271097
M2,True,rate,0.7,24,29,0.9720695970695972,0.5893250096769834,0.6358471321021263,0.5923380090300778,0.6384975975271097
M2,True,rate,0.7,24,43,0.9720695970695972,0.5927983316393218,0.6510940669912207,0.5923380090300778,0.6384975975271097
M2,True,position,back,24,17,0.9787660256410257,0.6027235928864884,0.6134861753542434,0.6038279052097495,0.6165404847789268
M2,True,position,back,24,29,0.9787660256410257,0.5960578482409009,0.6175665227394761,0.6038279052097495,0.6165404847789268
M2,True,position,back,24,43,0.9787660256410257,0.6127022745018592,0.6185687562430605,0.6038279052097495,0.6165404847789268
M2,True,position,front,24,17,0.9787660256410257,0.6124702750944786,0.6167466348898805,0.6100727451961275,0.6240482253428942
M2,True,position,front,24,29,0.9787660256410257,0.6078742169515651,0.6185864787934366,0.6100727451961275,0.6240482253428942
M2,True,position,front,24,43,0.9787660256410257,0.6098737435423389,0.6368115623453654,0.6100727451961275,0.6240482253428942
M2,True,position,middle,24,17,0.9787660256410257,0.607948459837183,0.6077443177913492,0.6073746501036825,0.615043945415847
M2,True,position,middle,24,29,0.9787660256410257,0.6075901209292941,0.6111856341462903,0.6073746501036825,0.615043945415847
M2,True,position,middle,24,43,0.9787660256410257,0.6065853695445703,0.6262018843099013,0.6073746501036825,0.615043945415847
M2,True,position,random,24,17,0.9787660256410257,0.6069438493815505,0.6117295204534706,0.6062932773371094,0.6185028317972896
M2,True,position,random,24,29,0.9787660256410257,0.6035440429012698,0.6158304191107856,0.6062932773371094,0.6185028317972896
M2,True,position,random,24,43,0.9787660256410257,0.6083919397285079,0.6279485558276127,0.6062932773371094,0.6185028317972896
M3,True,modality,A,16,17,0.992445054945055,0.6034670575761143,0.6031260084198001,0.599387877538975,0.6165973379757117
M3,True,modality,A,16,29,0.992445054945055,0.5983806545892522,0.6493178931096126,0.599387877538975,0.6165973379757117
M3,True,modality,A,16,43,0.992445054945055,0.5963159204515587,0.5973481123977223,0.599387877538975,0.6165973379757117
M3,True,modality,AV,16,17,0.9625686813186813,0.6044569251885613,0.6032587367133189,0.60017702980882,0.6162806969748242
M3,True,modality,AV,16,29,0.9625686813186813,0.6002292225476951,0.6483488811267967,0.60017702980882,0.6162806969748242
M3,True,modality,AV,16,43,0.9625686813186813,0.5958449416902037,0.5972344730843571,0.60017702980882,0.6162806969748242
M3,True,modality,T,16,17,1.0,0.5852012939042756,0.6230373555605356,0.5752597596879486,0.6396789620851909
M3,True,modality,T,16,29,1.0,0.5654881142268127,0.6751282363967577,0.5752597596879486,0.6396789620851909
M3,True,modality,T,16,43,1.0,0.5750898709327578,0.6208712942982794,0.5752597596879486,0.6396789620851909
M3,True,modality,TA,16,17,0.992445054945055,0.5872276932470094,0.6233642137324588,0.5763754582316732,0.6406296691979477
M3,True,modality,TA,16,29,0.992445054945055,0.5651304451700363,0.6775130786416299,0.5763754582316732,0.6406296691979477
M3,True,modality,TA,16,43,0.992445054945055,0.5767682362779742,0.6210117152197545,0.5763754582316732,0.6406296691979477
M3,True,modality,TV,16,17,0.9625686813186813,0.5889717950192119,0.6211527154617202,0.576802160399641,0.6378176374913186
M3,True,modality,TV,16,29,0.9625686813186813,0.568239229179429,0.6739016174624373,0.576802160399641,0.6378176374913186
M3,True,modality,TV,16,43,0.9625686813186813,0.5731954570002823,0.6183985795497982,0.576802160399641,0.6378176374913186
M3,True,modality,V,16,17,0.9625686813186813,0.6023622273290093,0.6024975362857771,0.6033022221401002,0.6154924422975948
M3,True,modality,V,16,29,0.9625686813186813,0.6077069525280168,0.6477248845907918,0.6033022221401002,0.6154924422975948
M3,True,modality,V,16,43,0.9625686813186813,0.5998374865632746,0.5962549060162156,0.6033022221401002,0.6154924422975948
M3,True,rate,0.1,24,17,0.9809981684981685,0.6029164151799596,0.6045506405573958,0.6005739808045771,0.6182642674380623
M3,True,rate,0.1,24,29,0.9809981684981685,0.602992111361918,0.6511899349503888,0.6005739808045771,0.6182642674380623
M3,True,rate,0.1,24,43,0.9809981684981685,0.5958134158718538,0.5990522268064021,0.6005739808045771,0.6182642674380623
M3,True,rate,0.3,24,17,0.9809981684981685,0.5981300595565662,0.6088505366270833,0.5933471749921572,0.6242381936618066
M3,True,rate,0.3,24,29,0.9809981684981685,0.5908208498879682,0.6593981107433113,0.5933471749921572,0.6242381936618066
M3,True,rate,0.3,24,43,0.9809981684981685,0.591090615531937,0.6044659336150248,0.5933471749921572,0.6242381936618066
M3,True,rate,0.5,24,17,0.9809981684981685,0.5936730060980006,0.6125055308136732,0.5831754852446455,0.6294955916540607
M3,True,rate,0.5,24,29,0.9809981684981685,0.5774565366029014,0.6653067783322452,0.5831754852446455,0.6294955916540607
M3,True,rate,0.5,24,43,0.9809981684981685,0.5783969130330342,0.6106744658162635,0.5831754852446455,0.6294955916540607
M3,True,rate,0.7,24,17,0.9720695970695972,0.5864051806749282,0.6250510027842547,0.5771063641633926,0.6389997779277959
M3,True,rate,0.7,24,29,0.9720695970695972,0.565513580974707,0.6720615701927386,0.5771063641633926,0.6389997779277959
M3,True,rate,0.7,24,43,0.9720695970695972,0.5794003308405425,0.6198867608063943,0.5771063641633926,0.6389997779277959
M3,True,position,back,24,17,0.9787660256410257,0.5941949001040675,0.6148177900235462,0.5888304991323178,0.6298345612799389
M3,True,position,back,24,29,0.9787660256410257,0.5860631761811032,0.6657667987023853,0.5888304991323178,0.6298345612799389
M3,True,position,back,24,43,0.9787660256410257,0.5862334211117828,0.6089190951138851,0.5888304991323178,0.6298345612799389
M3,True,position,front,24,17,0.9787660256410257,0.5931347500188929,0.6171044353552081,0.5875260858540986,0.6323841119322272
M3,True,position,front,24,29,0.9787660256410257,0.5852380410384662,0.6644930091905545,0.5875260858540986,0.6323841119322272
M3,True,position,front,24,43,0.9787660256410257,0.5842054665049369,0.6155548912509189,0.5875260858540986,0.6323841119322272
M3,True,position,middle,24,17,0.9787660256410257,0.5991772816547133,0.6074494376745141,0.589491100142498,0.6220173070499845
M3,True,position,middle,24,29,0.9787660256410257,0.581824828801886,0.6568381745769379,0.589491100142498,0.6220173070499845
M3,True,position,middle,24,43,0.9787660256410257,0.5874711899708943,0.6017643088985013,0.589491100142498,0.6220173070499845
M3,True,position,random,24,17,0.9787660256410257,0.594617729731781,0.6115860477291387,0.5883553200758579,0.6267618504195748
M3,True,position,random,24,29,0.9787660256410257,0.5836570328060394,0.6608584117488062,0.5883553200758579,0.6267618504195748
M3,True,position,random,24,43,0.9787660256410257,0.5867911976897535,0.6078410917807793,0.5883553200758579,0.6267618504195748
M4,True,modality,A,16,17,0.992445054945055,0.603964390953985,0.6103667411338786,0.6009867312668212,0.6082912548942611
M4,True,modality,A,16,29,0.992445054945055,0.599778218390249,0.6191495274072959,0.6009867312668212,0.6082912548942611
M4,True,modality,A,16,43,0.992445054945055,0.5992175844562296,0.5953574961416088,0.6009867312668212,0.6082912548942611
M4,True,modality,AV,16,17,0.9625686813186813,0.604985178232755,0.6103494350208809,0.6016795364097219,0.6083323521827849
M4,True,modality,AV,16,29,0.9625686813186813,0.6015377996134278,0.6189894367233091,0.6016795364097219,0.6083323521827849
M4,True,modality,AV,16,43,0.9625686813186813,0.598515631382983,0.5956581848041647,0.6016795364097219,0.6083323521827849
M4,True,modality,T,16,17,1.0,0.5835275212522878,0.6301766124353536,0.5746267582108623,0.6323925273813956
M4,True,modality,T,16,29,1.0,0.5674646359907839,0.6441543869185951,0.5746267582108623,0.6323925273813956
M4,True,modality,T,16,43,1.0,0.5728881173895151,0.6228465827902382,0.5746267582108623,0.6323925273813956
M4,True,modality,TA,16,17,0.992445054945055,0.5878539077249719,0.6292783875838263,0.5775175165522967,0.6319941491700729
M4,True,modality,TA,16,29,0.992445054945055,0.5691975159052081,0.6446749169933685,0.5775175165522967,0.6319941491700729
M4,True,modality,TA,16,43,0.992445054945055,0.57550112602671,0.6220291429330239,0.5775175165522967,0.6319941491700729
M4,True,modality,TV,16,17,0.9625686813186813,0.5870743428567606,0.6264408692562032,0.5780306864883623,0.6293455872042232
M4,True,modality,TV,16,29,0.9625686813186813,0.5725608454167498,0.6417715474050995,0.5780306864883623,0.6293455872042232
M4,True,modality,TV,16,43,0.9625686813186813,0.5744568711915764,0.6198243449513668,0.5780306864883623,0.6293455872042232
M4,True,modality,V,16,17,0.9625686813186813,0.6044744911561815,0.6093059307572014,0.6013797908082172,0.6074460420477108
M4,True,modality,V,16,29,0.9625686813186813,0.5985217401808919,0.6182315775356138,0.6013797908082172,0.6074460420477108
M4,True,modality,V,16,43,0.9625686813186813,0.6011431410875785,0.5948006178503172,0.6013797908082172,0.6074460420477108
M4,True,rate,0.1,24,17,0.9809981684981685,0.6014127012276518,0.6113943191889414,0.5983967606298464,0.6100072441117163
M4,True,rate,0.1,24,29,0.9809981684981685,0.5947957966255599,0.6214893426228391,0.5983967606298464,0.6100072441117163
M4,True,rate,0.1,24,43,0.9809981684981685,0.5989817840363274,0.5971380705233682,0.5983967606298464,0.6100072441117163
M4,True,rate,0.3,24,17,0.9809981684981685,0.5991386133229651,0.6154715092046182,0.5931737160482052,0.6149511260397551
M4,True,rate,0.3,24,29,0.9809981684981685,0.5893790089868262,0.626067135585996,0.5931737160482052,0.6149511260397551
M4,True,rate,0.3,24,43,0.9809981684981685,0.5910035258348242,0.6033147333286512,0.5931737160482052,0.6149511260397551
M4,True,rate,0.5,24,17,0.9809981684981685,0.5929718781512943,0.6199899623636193,0.5839097870259496,0.6216856713881761
M4,True,rate,0.5,24,29,0.9809981684981685,0.5802405552997528,0.6340590865838704,0.5839097870259496,0.6216856713881761
M4,True,rate,0.5,24,43,0.9809981684981685,0.578516927626802,0.6110079652170386,0.5839097870259496,0.6216856713881761
M4,True,rate,0.7,24,17,0.9720695970695972,0.5877300287493833,0.6304228600343839,0.5806670827868532,0.6318905670473183
M4,True,rate,0.7,24,29,0.9720695970695972,0.5749584760860681,0.6430320305294822,0.5806670827868532,0.6318905670473183
M4,True,rate,0.7,24,43,0.9720695970695972,0.5793127435251082,0.6222168105780886,0.5806670827868532,0.6318905670473183
M4,True,position,back,24,17,0.9787660256410257,0.591318871845896,0.6217348119603713,0.585878878622616,0.6212814568946529
M4,True,position,back,24,29,0.9787660256410257,0.5798932240357122,0.6343308039327767,0.585878878622616,0.6212814568946529
M4,True,position,back,24,43,0.9787660256410257,0.5864245399862398,0.6077787547908103,0.585878878622616,0.6212814568946529
M4,True,position,front,24,17,0.9787660256410257,0.5947605976333937,0.623719623057056,0.5888819502892249,0.6252317634563166
M4,True,position,front,24,29,0.9787660256410257,0.5854190106738675,0.6360846461734265,0.5888819502892249,0.6252317634563166
M4,True,position,front,24,43,0.9787660256410257,0.5864662425604134,0.615891021138467,0.5888819502892249,0.6252317634563166
M4,True,position,middle,24,17,0.9787660256410257,0.6004418288524302,0.6137849062226332,0.5922923567477575,0.613443383660856
M4,True,position,middle,24,29,0.9787660256410257,0.5883202868008203,0.6245239144920675,0.5922923567477575,0.613443383660856
M4,True,position,middle,24,43,0.9787660256410257,0.588114954590022,0.6020213302678675,0.5922923567477575,0.613443383660856
M4,True,position,random,24,17,0.9787660256410257,0.5947319231195746,0.6180393095515023,0.589094160831256,0.6185780045751402
M4,True,position,random,24,29,0.9787660256410257,0.585741315487807,0.6297082307239171,0.589094160831256,0.6185780045751402
M4,True,position,random,24,43,0.9787660256410257,0.5868092438863864,0.6079864734500015,0.589094160831256,0.6185780045751402
W0-bN-m04,True,modality,A,16,17,0.992445054945055,0.5728946880248951,0.6806186198643008,0.5671185154177658,0.6445943788764317
W0-bN-m04,True,modality,A,16,29,0.992445054945055,0.56160443731746,0.6244461444764053,0.5671185154177658,0.6445943788764317
W0-bN-m04,True,modality,A,16,43,0.992445054945055,0.5668564209109423,0.6287183722885887,0.5671185154177658,0.6445943788764317
W0-bN-m04,True,modality,AV,16,17,0.9625686813186813,0.5684664754895118,0.6813647444570408,0.5663896227390008,0.6446417188554268
W0-bN-m04,True,modality,AV,16,29,0.9625686813186813,0.5629287472583555,0.6239746259506895,0.5663896227390008,0.6446417188554268
W0-bN-m04,True,modality,AV,16,43,0.9625686813186813,0.5677736454691353,0.62858578615855,0.5663896227390008,0.6446417188554268
W0-bN-m04,True,modality,T,16,17,1.0,0.5558888033888978,0.6987696919251782,0.5599716131917788,0.6649240526595217
W0-bN-m04,True,modality,T,16,29,1.0,0.564717152365514,0.6531272042306054,0.5599716131917788,0.6649240526595217
W0-bN-m04,True,modality,T,16,43,1.0,0.5593088838209246,0.6428752618227814,0.5599716131917788,0.6649240526595217
W0-bN-m04,True,modality,TA,16,17,0.992445054945055,0.5548353125279105,0.7013358197267295,0.5602016966347301,0.6674712828194954
W0-bN-m04,True,modality,TA,16,29,0.992445054945055,0.5656199872158139,0.6550496544978059,0.5602016966347301,0.6674712828194954
W0-bN-m04,True,modality,TA,16,43,0.992445054945055,0.5601497901604658,0.6460283742339509,0.5602016966347301,0.6674712828194954
W0-bN-m04,True,modality,TV,16,17,0.9625686813186813,0.5578269742969577,0.6949629753959256,0.5607111460936754,0.6627497235826495
W0-bN-m04,True,modality,TV,16,29,0.9625686813186813,0.5627022425765822,0.6508868667847792,0.5607111460936754,0.6627497235826495
W0-bN-m04,True,modality,TV,16,43,0.9625686813186813,0.5616042214074863,0.6423993285672436,0.5607111460936754,0.6627497235826495
W0-bN-m04,True,modality,V,16,17,0.9625686813186813,0.5747044620063523,0.6785860256034609,0.5698889634216403,0.6428518047434078
W0-bN-m04,True,modality,V,16,29,0.9625686813186813,0.5661796806629871,0.6231540726503226,0.5698889634216403,0.6428518047434078
W0-bN-m04,True,modality,V,16,43,0.9625686813186813,0.5687827475955813,0.6268153159764398,0.5698889634216403,0.6428518047434078
W0-bN-m04,True,rate,0.1,24,17,0.9809981684981685,0.5679569590894139,0.6807618581019458,0.5652505858288746,0.6451789379128251
W0-bN-m04,True,rate,0.1,24,29,0.9809981684981685,0.5617915451545862,0.6267378338115177,0.5652505858288746,0.6451789379128251
W0-bN-m04,True,rate,0.1,24,43,0.9809981684981685,0.5660032532426237,0.6280371218250117,0.5652505858288746,0.6451789379128251
W0-bN-m04,True,rate,0.3,24,17,0.9809981684981685,0.5677759828804368,0.6857192088952968,0.566394751729599,0.6502005761046685
W0-bN-m04,True,rate,0.3,24,29,0.9809981684981685,0.5658154720120971,0.632644344937693,0.566394751729599,0.6502005761046685
W0-bN-m04,True,rate,0.3,24,43,0.9809981684981685,0.5655928002962628,0.6322381744810158,0.566394751729599,0.6502005761046685
W0-bN-m04,True,rate,0.5,24,17,0.9809981684981685,0.562870464846139,0.6897214857898054,0.5633486537271221,0.6552492239138114
W0-bN-m04,True,rate,0.5,24,29,0.9809981684981685,0.5641927049385472,0.6397575820659983,0.5633486537271221,0.6552492239138114
W0-bN-m04,True,rate,0.5,24,43,0.9809981684981685,0.5629827913966801,0.6362686038856304,0.5633486537271221,0.6552492239138114
W0-bN-m04,True,rate,0.7,24,17,0.9720695970695972,0.557807737007027,0.7008893651947092,0.5611937137134652,0.6675265697599836
W0-bN-m04,True,rate,0.7,24,29,0.9720695970695972,0.5640351094925781,0.654619284911863,0.5611937137134652,0.6675265697599836
W0-bN-m04,True,rate,0.7,24,43,0.9720695970695972,0.5617382946407906,0.6470710591733783,0.5611937137134652,0.6675265697599836
W0-bN-m04,True,position,back,24,17,0.9787660256410257,0.5630532393693753,0.693850629031365,0.5622346263074425,0.6561917173342157
W0-bN-m04,True,position,back,24,29,0.9787660256410257,0.5603859104296506,0.6414950143897484,0.5622346263074425,0.6561917173342157
W0-bN-m04,True,position,back,24,43,0.9787660256410257,0.5632647291233015,0.6332295085815335,0.5622346263074425,0.6561917173342157
W0-bN-m04,True,position,front,24,17,0.9787660256410257,0.5573056275539828,0.6936858155208389,0.5554401746878602,0.6610942589881649
W0-bN-m04,True,position,front,24,29,0.9787660256410257,0.5543691394637932,0.6451867655319575,0.5554401746878602,0.6610942589881649
W0-bN-m04,True,position,front,24,43,0.9787660256410257,0.5546457570458049,0.6444101959116982,0.5554401746878602,0.6610942589881649
W0-bN-m04,True,position,middle,24,17,0.9787660256410257,0.5700104818561275,0.6825711508275266,0.5727475128989322,0.648050721143393
W0-bN-m04,True,position,middle,24,29,0.9787660256410257,0.5756936448708231,0.6308339610138148,0.5727475128989322,0.648050721143393
W0-bN-m04,True,position,middle,24,43,0.9787660256410257,0.5725384119698459,0.6307470515888375,0.5727475128989322,0.648050721143393
W0-bN-m04,True,position,random,24,17,0.9787660256410257,0.5660417950435311,0.6869843226020268,0.5657653911048258,0.652818610225515
W0-bN-m04,True,position,random,24,29,0.9787660256410257,0.5653861368335416,0.6362433047915512,0.5657653911048258,0.652818610225515
W0-bN-m04,True,position,random,24,43,0.9787660256410257,0.565868241437405,0.6352282032829671,0.5657653911048258,0.652818610225515
W0-bN-m02,True,modality,A,16,17,0.992445054945055,0.5847682898033504,0.6806186198643008,0.5817100727601621,0.6445943788764317
W0-bN-m02,True,modality,A,16,29,0.992445054945055,0.5748085834934367,0.6244461444764053,0.5817100727601621,0.6445943788764317
W0-bN-m02,True,modality,A,16,43,0.992445054945055,0.5855533449836993,0.6287183722885887,0.5817100727601621,0.6445943788764317
W0-bN-m02,True,modality,AV,16,17,0.9625686813186813,0.5826805018242895,0.6813647444570408,0.5819445814807319,0.6446417188554268
W0-bN-m02,True,modality,AV,16,29,0.9625686813186813,0.576808811364896,0.6239746259506895,0.5819445814807319,0.6446417188554268
W0-bN-m02,True,modality,AV,16,43,0.9625686813186813,0.5863444312530103,0.62858578615855,0.5819445814807319,0.6446417188554268
W0-bN-m02,True,modality,T,16,17,1.0,0.5607341131006117,0.6987696919251782,0.5705068781501027,0.6649240526595217
W0-bN-m02,True,modality,T,16,29,1.0,0.5762205253633665,0.6531272042306054,0.5705068781501027,0.6649240526595217
W0-bN-m02,True,modality,T,16,43,1.0,0.57456599598633,0.6428752618227814,0.5705068781501027,0.6649240526595217
W0-bN-m02,True,modality,TA,16,17,0.992445054945055,0.5586947588700835,0.7013358197267295,0.5688204480384006,0.6674712828194954
W0-bN-m02,True,modality,TA,16,29,0.992445054945055,0.5752379792200124,0.6550496544978059,0.5688204480384006,0.6674712828194954
W0-bN-m02,True,modality,TA,16,43,0.992445054945055,0.572528606025106,0.6460283742339509,0.5688204480384006,0.6674712828194954
W0-bN-m02,True,modality,TV,16,17,0.9625686813186813,0.5630230807480124,0.6949629753959256,0.5713965444602015,0.6627497235826495
W0-bN-m02,True,modality,TV,16,29,0.9625686813186813,0.5745323656188285,0.6508868667847792,0.5713965444602015,0.6627497235826495
W0-bN-m02,True,modality,TV,16,43,0.9625686813186813,0.5766341870137637,0.6423993285672436,0.5713965444602015,0.6627497235826495
W0-bN-m02,True,modality,V,16,17,0.9625686813186813,0.5871252363530769,0.6785860256034609,0.5853095213512621,0.6428518047434078
W0-bN-m02,True,modality,V,16,29,0.9625686813186813,0.5797465625865388,0.6231540726503226,0.5853095213512621,0.6428518047434078
W0-bN-m02,True,modality,V,16,43,0.9625686813186813,0.5890567651141706,0.6268153159764398,0.5853095213512621,0.6428518047434078
W0-bN-m02,True,rate,0.1,24,17,0.9809981684981685,0.5834071869406828,0.6807618581019458,0.5816561045485878,0.6451789379128251
W0-bN-m02,True,rate,0.1,24,29,0.9809981684981685,0.5765765761551406,0.6267378338115177,0.5816561045485878,0.6451789379128251
W0-bN-m02,True,rate,0.1,24,43,0.9809981684981685,0.5849845505499404,0.6280371218250117,0.5816561045485878,0.6451789379128251
W0-bN-m02,True,rate,0.3,24,17,0.9809981684981685,0.5759856530996831,0.6857192088952968,0.5802470549163526,0.6502005761046685
W0-bN-m02,True,rate,0.3,24,29,0.9809981684981685,0.5801859739146971,0.632644344937693,0.5802470549163526,0.6502005761046685
W0-bN-m02,True,rate,0.3,24,43,0.9809981684981685,0.5845695377346779,0.6322381744810158,0.5802470549163526,0.6502005761046685
W0-bN-m02,True,rate,0.5,24,17,0.9809981684981685,0.5687743942148663,0.6897214857898054,0.5749296603767164,0.6552492239138114
W0-bN-m02,True,rate,0.5,24,29,0.9809981684981685,0.5756587718588548,0.6397575820659983,0.5749296603767164,0.6552492239138114
W0-bN-m02,True,rate,0.5,24,43,0.9809981684981685,0.5803558150564281,0.6362686038856304,0.5749296603767164,0.6552492239138114
W0-bN-m02,True,rate,0.7,24,17,0.9720695970695972,0.5631834195443841,0.7008893651947092,0.5696258776522504,0.6675265697599836
W0-bN-m02,True,rate,0.7,24,29,0.9720695970695972,0.5724818965026934,0.654619284911863,0.5696258776522504,0.6675265697599836
W0-bN-m02,True,rate,0.7,24,43,0.9720695970695972,0.5732123169096736,0.6470710591733783,0.5696258776522504,0.6675265697599836
W0-bN-m02,True,position,back,24,17,0.9787660256410257,0.5715719752313094,0.693850629031365,0.5733518636631664,0.6561917173342157
W0-bN-m02,True,position,back,24,29,0.9787660256410257,0.5700222984667624,0.6414950143897484,0.5733518636631664,0.6561917173342157
W0-bN-m02,True,position,back,24,43,0.9787660256410257,0.5784613172914274,0.6332295085815335,0.5733518636631664,0.6561917173342157
W0-bN-m02,True,position,front,24,17,0.9787660256410257,0.5668894389910598,0.6936858155208389,0.5713561837482515,0.6610942589881649
W0-bN-m02,True,position,front,24,29,0.9787660256410257,0.5716501284047456,0.6451867655319575,0.5713561837482515,0.6610942589881649
W0-bN-m02,True,position,front,24,43,0.9787660256410257,0.5755289838489491,0.6444101959116982,0.5713561837482515,0.6610942589881649
W0-bN-m02,True,position,middle,24,17,0.9787660256410257,0.5791825426558227,0.6825711508275266,0.584382721126727,0.648050721143393
W0-bN-m02,True,position,middle,24,29,0.9787660256410257,0.5863657720646603,0.6308339610138148,0.584382721126727,0.648050721143393
W0-bN-m02,True,position,middle,24,43,0.9787660256410257,0.5875998486596979,0.6307470515888375,0.584382721126727,0.648050721143393
W0-bN-m02,True,position,random,24,17,0.9787660256410257,0.5737066969214243,0.6869843226020268,0.5773679289557626,0.652818610225515
W0-bN-m02,True,position,random,24,29,0.9787660256410257,0.5768650194952177,0.6362433047915512,0.5773679289557626,0.652818610225515
W0-bN-m02,True,position,random,24,43,0.9787660256410257,0.5815320704506456,0.6352282032829671,0.5773679289557626,0.652818610225515
W0-bN-zero,True,modality,A,16,17,0.992445054945055,0.5888298085674646,0.6806186198643008,0.5962550155056152,0.6445943788764317
W0-bN-zero,True,modality,A,16,29,0.992445054945055,0.601700241498149,0.6244461444764053,0.5962550155056152,0.6445943788764317
W0-bN-zero,True,modality,A,16,43,0.992445054945055,0.5982349964512319,0.6287183722885887,0.5962550155056152,0.6445943788764317
W0-bN-zero,True,modality,AV,16,17,0.9625686813186813,0.5899779795918174,0.6813647444570408,0.5959287383675453,0.6446417188554268
W0-bN-zero,True,modality,AV,16,29,0.9625686813186813,0.5997582996866343,0.6239746259506895,0.5959287383675453,0.6446417188554268
W0-bN-zero,True,modality,AV,16,43,0.9625686813186813,0.5980499358241843,0.62858578615855,0.5959287383675453,0.6446417188554268
W0-bN-zero,True,modality,T,16,17,1.0,0.565258548609851,0.6987696919251782,0.5756401413670128,0.6649240526595217
W0-bN-zero,True,modality,T,16,29,1.0,0.5827288301680383,0.6531272042306054,0.5756401413670128,0.6649240526595217
W0-bN-zero,True,modality,T,16,43,1.0,0.5789330453231493,0.6428752618227814,0.5756401413670128,0.6649240526595217
W0-bN-zero,True,modality,TA,16,17,0.992445054945055,0.5630089338499998,0.7013358197267295,0.5740873301558315,0.6674712828194954
W0-bN-zero,True,modality,TA,16,29,0.992445054945055,0.581493572523347,0.6550496544978059,0.5740873301558315,0.6674712828194954
W0-bN-zero,True,modality,TA,16,43,0.992445054945055,0.5777594840941476,0.6460283742339509,0.5740873301558315,0.6674712828194954
W0-bN-zero,True,modality,TV,16,17,0.9625686813186813,0.569048067268593,0.6949629753959256,0.5763658219369426,0.6627497235826495
W0-bN-zero,True,modality,TV,16,29,0.9625686813186813,0.5826325061683093,0.6508868667847792,0.5763658219369426,0.6627497235826495
W0-bN-zero,True,modality,TV,16,43,0.9625686813186813,0.5774168923739255,0.6423993285672436,0.5763658219369426,0.6627497235826495
W0-bN-zero,True,modality,V,16,17,0.9625686813186813,0.595781793481502,0.6785860256034609,0.5990336578979822,0.6428518047434078
W0-bN-zero,True,modality,V,16,29,0.9625686813186813,0.6036689083688624,0.6231540726503226,0.5990336578979822,0.6428518047434078
W0-bN-zero,True,modality,V,16,43,0.9625686813186813,0.5976502718435824,0.6268153159764398,0.5990336578979822,0.6428518047434078
W0-bN-zero,True,rate,0.1,24,17,0.9809981684981685,0.5914594069650482,0.6807618581019458,0.5952639813992832,0.6451789379128251
W0-bN-zero,True,rate,0.1,24,29,0.9809981684981685,0.5999355184663383,0.6267378338115177,0.5952639813992832,0.6451789379128251
W0-bN-zero,True,rate,0.1,24,43,0.9809981684981685,0.5943970187664631,0.6280371218250117,0.5952639813992832,0.6451789379128251
W0-bN-zero,True,rate,0.3,24,17,0.9809981684981685,0.5839332786756947,0.6857192088952968,0.5906546590871826,0.6502005761046685
W0-bN-zero,True,rate,0.3,24,29,0.9809981684981685,0.5963682305752247,0.632644344937693,0.5906546590871826,0.6502005761046685
W0-bN-zero,True,rate,0.3,24,43,0.9809981684981685,0.5916624680106285,0.6322381744810158,0.5906546590871826,0.6502005761046685
W0-bN-zero,True,rate,0.5,24,17,0.9809981684981685,0.5730981356703165,0.6897214857898054,0.5836578057873497,0.6552492239138114
W0-bN-zero,True,rate,0.5,24,29,0.9809981684981685,0.590152201722546,0.6397575820659983,0.5836578057873497,0.6552492239138114
W0-bN-zero,True,rate,0.5,24,43,0.9809981684981685,0.5877230799691867,0.6362686038856304,0.5836578057873497,0.6552492239138114
W0-bN-zero,True,rate,0.7,24,17,0.9720695970695972,0.5661125996017593,0.7008893651947092,0.5752973572134711,0.6675265697599836
W0-bN-zero,True,rate,0.7,24,29,0.9720695970695972,0.581532288178118,0.654619284911863,0.5752973572134711,0.6675265697599836
W0-bN-zero,True,rate,0.7,24,43,0.9720695970695972,0.5782471838605358,0.6470710591733783,0.5752973572134711,0.6675265697599836
W0-bN-zero,True,position,back,24,17,0.9787660256410257,0.5783548651545894,0.693850629031365,0.5826884833466749,0.6561917173342157
W0-bN-zero,True,position,back,24,29,0.9787660256410257,0.5858041566233237,0.6414950143897484,0.5826884833466749,0.6561917173342157
W0-bN-zero,True,position,back,24,43,0.9787660256410257,0.5839064282621114,0.6332295085815335,0.5826884833466749,0.6561917173342157
W0-bN-zero,True,position,front,24,17,0.9787660256410257,0.5729938381680492,0.6936858155208389,0.5825632689202033,0.6610942589881649
W0-bN-zero,True,position,front,24,29,0.9787660256410257,0.5881737140073066,0.6451867655319575,0.5825632689202033,0.6610942589881649
W0-bN-zero,True,position,front,24,43,0.9787660256410257,0.5865222545852541,0.6444101959116982,0.5825632689202033,0.6610942589881649
W0-bN-zero,True,position,middle,24,17,0.9787660256410257,0.5839691797555709,0.6825711508275266,0.5922276444603614,0.648050721143393
W0-bN-zero,True,position,middle,24,29,0.9787660256410257,0.5995592339472534,0.6308339610138148,0.5922276444603614,0.648050721143393
W0-bN-zero,True,position,middle,24,43,0.9787660256410257,0.5931545196782596,0.6307470515888375,0.5922276444603614,0.648050721143393
W0-bN-zero,True,position,random,24,17,0.9787660256410257,0.579285537834609,0.6869843226020268,0.5873944067600471,0.652818610225515
W0-bN-zero,True,position,random,24,29,0.9787660256410257,0.5944511343643433,0.6362433047915512,0.5873944067600471,0.652818610225515
W0-bN-zero,True,position,random,24,43,0.9787660256410257,0.588446548081189,0.6352282032829671,0.5873944067600471,0.652818610225515
W0-bN-p02,True,modality,A,16,17,0.992445054945055,0.5919548165488439,0.6806186198643008,0.5987457491004903,0.6445943788764317
W0-bN-p02,True,modality,A,16,29,0.992445054945055,0.6075559324692271,0.6244461444764053,0.5987457491004903,0.6445943788764317
W0-bN-p02,True,modality,A,16,43,0.992445054945055,0.5967264982833999,0.6287183722885887,0.5987457491004903,0.6445943788764317
W0-bN-p02,True,modality,AV,16,17,0.9625686813186813,0.5927855378765663,0.6813647444570408,0.5973880846694346,0.6446417188554268
W0-bN-p02,True,modality,AV,16,29,0.9625686813186813,0.6033977835277003,0.6239746259506895,0.5973880846694346,0.6446417188554268
W0-bN-p02,True,modality,AV,16,43,0.9625686813186813,0.5959809326040372,0.62858578615855,0.5973880846694346,0.6446417188554268
W0-bN-p02,True,modality,T,16,17,1.0,0.5651211411454513,0.6987696919251782,0.5768898028732576,0.6649240526595217
W0-bN-p02,True,modality,T,16,29,1.0,0.5858883717088974,0.6531272042306054,0.5768898028732576,0.6649240526595217
W0-bN-p02,True,modality,T,16,43,1.0,0.5796598957654242,0.6428752618227814,0.5768898028732576,0.6649240526595217
W0-bN-p02,True,modality,TA,16,17,0.992445054945055,0.564430309249343,0.7013358197267295,0.5751881176634875,0.6674712828194954
W0-bN-p02,True,modality,TA,16,29,0.992445054945055,0.5834095159528686,0.6550496544978059,0.5751881176634875,0.6674712828194954
W0-bN-p02,True,modality,TA,16,43,0.992445054945055,0.5777245277882509,0.6460283742339509,0.5751881176634875,0.6674712828194954
W0-bN-p02,True,modality,TV,16,17,0.9625686813186813,0.5637609409993005,0.6949629753959256,0.576085113038916,0.6627497235826495
W0-bN-p02,True,modality,TV,16,29,0.9625686813186813,0.5849393331685714,0.6508868667847792,0.576085113038916,0.6627497235826495
W0-bN-p02,True,modality,TV,16,43,0.9625686813186813,0.5795550649488759,0.6423993285672436,0.576085113038916,0.6627497235826495
W0-bN-p02,True,modality,V,16,17,0.9625686813186813,0.5953487453156244,0.6785860256034609,0.5993455917807786,0.6428518047434078
W0-bN-p02,True,modality,V,16,29,0.9625686813186813,0.6061152848520147,0.6231540726503226,0.5993455917807786,0.6428518047434078
W0-bN-p02,True,modality,V,16,43,0.9625686813186813,0.5965727451746967,0.6268153159764398,0.5993455917807786,0.6428518047434078
W0-bN-p02,True,rate,0.1,24,17,0.9809981684981685,0.5908799849948655,0.6807618581019458,0.5978427530384909,0.6451789379128251
W0-bN-p02,True,rate,0.1,24,29,0.9809981684981685,0.6048837470506536,0.6267378338115177,0.5978427530384909,0.6451789379128251
W0-bN-p02,True,rate,0.1,24,43,0.9809981684981685,0.5977645270699535,0.6280371218250117,0.5978427530384909,0.6451789379128251
W0-bN-p02,True,rate,0.3,24,17,0.9809981684981685,0.5854106959648374,0.6857192088952968,0.5934592551275418,0.6502005761046685
W0-bN-p02,True,rate,0.3,24,29,0.9809981684981685,0.6025600165641934,0.632644344937693,0.5934592551275418,0.6502005761046685
W0-bN-p02,True,rate,0.3,24,43,0.9809981684981685,0.5924070528535945,0.6322381744810158,0.5934592551275418,0.6502005761046685
W0-bN-p02,True,rate,0.5,24,17,0.9809981684981685,0.5745588630453565,0.6897214857898054,0.5838018565023878,0.6552492239138114
W0-bN-p02,True,rate,0.5,24,29,0.9809981684981685,0.5936179395247259,0.6397575820659983,0.5838018565023878,0.6552492239138114
W0-bN-p02,True,rate,0.5,24,43,0.9809981684981685,0.583228766937081,0.6362686038856304,0.5838018565023878,0.6552492239138114
W0-bN-p02,True,rate,0.7,24,17,0.9720695970695972,0.5647514500850268,0.7008893651947092,0.5739911080824892,0.6675265697599836
W0-bN-p02,True,rate,0.7,24,29,0.9720695970695972,0.5798091113132802,0.654619284911863,0.5739911080824892,0.6675265697599836
W0-bN-p02,True,rate,0.7,24,43,0.9720695970695972,0.5774127628491608,0.6470710591733783,0.5739911080824892,0.6675265697599836
W0-bN-p02,True,position,back,24,17,0.9787660256410257,0.5774375336331382,0.693850629031365,0.5845561779213128,0.6561917173342157
W0-bN-p02,True,position,back,24,29,0.9787660256410257,0.588804797614609,0.6414950143897484,0.5845561779213128,0.6561917173342157
W0-bN-p02,True,position,back,24,43,0.9787660256410257,0.5874262025161912,0.6332295085815335,0.5845561779213128,0.6561917173342157
W0-bN-p02,True,position,front,24,17,0.9787660256410257,0.575110387061245,0.6936858155208389,0.5872964723173716,0.6610942589881649
W0-bN-p02,True,position,front,24,29,0.9787660256410257,0.5970510837909249,0.6451867655319575,0.5872964723173716,0.6610942589881649
W0-bN-p02,True,position,front,24,43,0.9787660256410257,0.589727946099945,0.6444101959116982,0.5872964723173716,0.6610942589881649
W0-bN-p02,True,position,middle,24,17,0.9787660256410257,0.5838977233931414,0.6825711508275266,0.5901772446297603,0.648050721143393
W0-bN-p02,True,position,middle,24,29,0.9787660256410257,0.5989596236750312,0.6308339610138148,0.5901772446297603,0.648050721143393
W0-bN-p02,True,position,middle,24,43,0.9787660256410257,0.5876743868211083,0.6307470515888375,0.5901772446297603,0.648050721143393
W0-bN-p02,True,position,random,24,17,0.9787660256410257,0.5791553500025617,0.6869843226020268,0.587065077882465,0.652818610225515
W0-bN-p02,True,position,random,24,29,0.9787660256410257,0.596055309372288,0.6362433047915512,0.587065077882465,0.652818610225515
W0-bN-p02,True,position,random,24,43,0.9787660256410257,0.5859845742725454,0.6352282032829671,0.587065077882465,0.652818610225515
W0-bN-p04,True,modality,A,16,17,0.992445054945055,0.5874385475294577,0.6806186198643008,0.5950008515436233,0.6445943788764317
W0-bN-p04,True,modality,A,16,29,0.992445054945055,0.6098418157601672,0.6244461444764053,0.5950008515436233,0.6445943788764317
W0-bN-p04,True,modality,A,16,43,0.992445054945055,0.5877221913412448,0.6287183722885887,0.5950008515436233,0.6445943788764317
W0-bN-p04,True,modality,AV,16,17,0.9625686813186813,0.5885992685273427,0.6813647444570408,0.59538431676987,0.6446417188554268
W0-bN-p04,True,modality,AV,16,29,0.9625686813186813,0.6080612837755749,0.6239746259506895,0.59538431676987,0.6446417188554268
W0-bN-p04,True,modality,AV,16,43,0.9625686813186813,0.5894923980066924,0.62858578615855,0.59538431676987,0.6446417188554268
W0-bN-p04,True,modality,T,16,17,1.0,0.5655870675840817,0.6987696919251782,0.5739304291909998,0.6649240526595217
W0-bN-p04,True,modality,T,16,29,1.0,0.5837748297945788,0.6531272042306054,0.5739304291909998,0.6649240526595217
W0-bN-p04,True,modality,T,16,43,1.0,0.5724293901943388,0.6428752618227814,0.5739304291909998,0.6649240526595217
W0-bN-p04,True,modality,TA,16,17,0.992445054945055,0.5646391292023295,0.7013358197267295,0.572863071165299,0.6674712828194954
W0-bN-p04,True,modality,TA,16,29,0.992445054945055,0.5830327892184576,0.6550496544978059,0.572863071165299,0.6674712828194954
W0-bN-p04,True,modality,TA,16,43,0.992445054945055,0.5709172950751101,0.6460283742339509,0.572863071165299,0.6674712828194954
W0-bN-p04,True,modality,TV,16,17,0.9625686813186813,0.5638571322035782,0.6949629753959256,0.5730916504330951,0.6627497235826495
W0-bN-p04,True,modality,TV,16,29,0.9625686813186813,0.5847852714420656,0.6508868667847792,0.5730916504330951,0.6627497235826495
W0-bN-p04,True,modality,TV,16,43,0.9625686813186813,0.5706325476536411,0.6423993285672436,0.5730916504330951,0.6627497235826495
W0-bN-p04,True,modality,V,16,17,0.9625686813186813,0.5863404227069012,0.6785860256034609,0.5959499439700408,0.6428518047434078
W0-bN-p04,True,modality,V,16,29,0.9625686813186813,0.6129772456550691,0.6231540726503226,0.5959499439700408,0.6428518047434078
W0-bN-p04,True,modality,V,16,43,0.9625686813186813,0.588532163548152,0.6268153159764398,0.5959499439700408,0.6428518047434078
W0-bN-p04,True,rate,0.1,24,17,0.9809981684981685,0.5840282360485497,0.6807618581019458,0.5933946720359119,0.6451789379128251
W0-bN-p04,True,rate,0.1,24,29,0.9809981684981685,0.6090098237809106,0.6267378338115177,0.5933946720359119,0.6451789379128251
W0-bN-p04,True,rate,0.1,24,43,0.9809981684981685,0.5871459562782755,0.6280371218250117,0.5933946720359119,0.6451789379128251
W0-bN-p04,True,rate,0.3,24,17,0.9809981684981685,0.5829676310247616,0.6857192088952968,0.5919238695384739,0.6502005761046685
W0-bN-p04,True,rate,0.3,24,29,0.9809981684981685,0.6059088205978128,0.632644344937693,0.5919238695384739,0.6502005761046685
W0-bN-p04,True,rate,0.3,24,43,0.9809981684981685,0.5868951569928472,0.6322381744810158,0.5919238695384739,0.6502005761046685
W0-bN-p04,True,rate,0.5,24,17,0.9809981684981685,0.5736460517371808,0.6897214857898054,0.5818243068622085,0.6552492239138114
W0-bN-p04,True,rate,0.5,24,29,0.9809981684981685,0.595270664619011,0.6397575820659983,0.5818243068622085,0.6552492239138114
W0-bN-p04,True,rate,0.5,24,43,0.9809981684981685,0.5765562042304336,0.6362686038856304,0.5818243068622085,0.6552492239138114
W0-bN-p04,True,rate,0.7,24,17,0.9720695970695972,0.5636657930253022,0.7008893651947092,0.5703373269453577,0.6675265697599836
W0-bN-p04,True,rate,0.7,24,29,0.9720695970695972,0.5781261814328743,0.654619284911863,0.5703373269453577,0.6675265697599836
W0-bN-p04,True,rate,0.7,24,43,0.9720695970695972,0.5692200063778964,0.6470710591733783,0.5703373269453577,0.6675265697599836
W0-bN-p04,True,position,back,24,17,0.9787660256410257,0.5743574040016343,0.693850629031365,0.5824839348868247,0.6561917173342157
W0-bN-p04,True,position,back,24,29,0.9787660256410257,0.591350446087008,0.6414950143897484,0.5824839348868247,0.6561917173342157
W0-bN-p04,True,position,back,24,43,0.9787660256410257,0.5817439545718319,0.6332295085815335,0.5824839348868247,0.6561917173342157
W0-bN-p04,True,position,front,24,17,0.9787660256410257,0.5742457211943203,0.6936858155208389,0.5870303912130852,0.6610942589881649
W0-bN-p04,True,position,front,24,29,0.9787660256410257,0.6028854012181462,0.6451867655319575,0.5870303912130852,0.6610942589881649
W0-bN-p04,True,position,front,24,43,0.9787660256410257,0.5839600512267892,0.6444101959116982,0.5870303912130852,0.6610942589881649
W0-bN-p04,True,position,middle,24,17,0.9787660256410257,0.57925149399891,0.6825711508275266,0.584126216416828,0.648050721143393
W0-bN-p04,True,position,middle,24,29,0.9787660256410257,0.5976888097317058,0.6308339610138148,0.584126216416828,0.648050721143393
W0-bN-p04,True,position,middle,24,43,0.9787660256410257,0.5754383455198685,0.6307470515888375,0.584126216416828,0.648050721143393
W0-bN-p04,True,position,random,24,17,0.9787660256410257,0.5764530926409297,0.6869843226020268,0.5838396328652139,0.652818610225515
W0-bN-p04,True,position,random,24,29,0.9787660256410257,0.5963908333937488,0.6362433047915512,0.5838396328652139,0.652818610225515
W0-bN-p04,True,position,random,24,43,0.9787660256410257,0.5786749725609633,0.6352282032829671,0.5838396328652139,0.652818610225515
W1-bN-m04,True,modality,A,16,17,0.992445054945055,0.5728946880248951,0.6184329031589236,0.5671185154177658,0.6139217321751891
W1-bN-m04,True,modality,A,16,29,0.992445054945055,0.56160443731746,0.6130139361664008,0.5671185154177658,0.6139217321751891
W1-bN-m04,True,modality,A,16,43,0.992445054945055,0.5668564209109423,0.6103183572002429,0.5671185154177658,0.6139217321751891
W1-bN-m04,True,modality,AV,16,17,0.9625686813186813,0.5684664754895118,0.6184329031512479,0.5663896227390008,0.6139217321270025
W1-bN-m04,True,modality,AV,16,29,0.9625686813186813,0.5629287472583555,0.6130139361817523,0.5663896227390008,0.6139217321270025
W1-bN-m04,True,modality,AV,16,43,0.9625686813186813,0.5677736454691353,0.6103183570480074,0.5663896227390008,0.6139217321270025
W1-bN-m04,True,modality,T,16,17,1.0,0.5558888033888978,0.639340677828461,0.5599716131917788,0.6402069909629664
W1-bN-m04,True,modality,T,16,29,1.0,0.564717152365514,0.6372074867249833,0.5599716131917788,0.6402069909629664
W1-bN-m04,True,modality,T,16,43,1.0,0.5593088838209246,0.644072808335455,0.5599716131917788,0.6402069909629664
W1-bN-m04,True,modality,TA,16,17,0.992445054945055,0.5548353125279105,0.6385017712964627,0.5602016966347301,0.6388863670694135
W1-bN-m04,True,modality,TA,16,29,0.992445054945055,0.5656199872158139,0.6365266089874057,0.5602016966347301,0.6388863670694135
W1-bN-m04,True,modality,TA,16,43,0.992445054945055,0.5601497901604658,0.641630720924372,0.5602016966347301,0.6388863670694135
W1-bN-m04,True,modality,TV,16,17,0.9625686813186813,0.5578269742969577,0.6352105802837056,0.5607111460936754,0.6365797930611434
W1-bN-m04,True,modality,TV,16,29,0.9625686813186813,0.5627022425765822,0.6342419503933863,0.5607111460936754,0.6365797930611434
W1-bN-m04,True,modality,TV,16,43,0.9625686813186813,0.5616042214074863,0.6402868485063384,0.5607111460936754,0.6365797930611434
W1-bN-m04,True,modality,V,16,17,0.9625686813186813,0.5747044620063523,0.6184329031512479,0.5698889634216403,0.6139217321270025
W1-bN-m04,True,modality,V,16,29,0.9625686813186813,0.5661796806629871,0.6130139361817523,0.5698889634216403,0.6139217321270025
W1-bN-m04,True,modality,V,16,43,0.9625686813186813,0.5687827475955813,0.6103183570480074,0.5698889634216403,0.6139217321270025
W1-bN-m04,True,rate,0.1,24,17,0.9809981684981685,0.5679569590894139,0.6217894645266576,0.5652505858288746,0.6171981057895908
W1-bN-m04,True,rate,0.1,24,29,0.9809981684981685,0.5617915451545862,0.6170272291605509,0.5652505858288746,0.6171981057895908
W1-bN-m04,True,rate,0.1,24,43,0.9809981684981685,0.5660032532426237,0.6127776236815639,0.5652505858288746,0.6171981057895908
W1-bN-m04,True,rate,0.3,24,17,0.9809981684981685,0.5677759828804368,0.6233135709973308,0.566394751729599,0.6205768941549871
W1-bN-m04,True,rate,0.3,24,29,0.9809981684981685,0.5658154720120971,0.6204900153154821,0.566394751729599,0.6205768941549871
W1-bN-m04,True,rate,0.3,24,43,0.9809981684981685,0.5655928002962628,0.6179270961521482,0.566394751729599,0.6205768941549871
W1-bN-m04,True,rate,0.5,24,17,0.9809981684981685,0.562870464846139,0.6267433865748729,0.5633486537271221,0.6254251695845663
W1-bN-m04,True,rate,0.5,24,29,0.9809981684981685,0.5641927049385472,0.6243949500839778,0.5633486537271221,0.6254251695845663
W1-bN-m04,True,rate,0.5,24,43,0.9809981684981685,0.5629827913966801,0.6251371720948481,0.5633486537271221,0.6254251695845663
W1-bN-m04,True,rate,0.7,24,17,0.9720695970695972,0.557807737007027,0.6403880704811711,0.5611937137134652,0.6417587288193342
W1-bN-m04,True,rate,0.7,24,29,0.9720695970695972,0.5640351094925781,0.636099708530443,0.5611937137134652,0.6417587288193342
W1-bN-m04,True,rate,0.7,24,43,0.9720695970695972,0.5617382946407906,0.6487884074463887,0.5611937137134652,0.6417587288193342
W1-bN-m04,True,position,back,24,17,0.9787660256410257,0.5630532393693753,0.6301156505091817,0.5622346263074425,0.6285991767093974
W1-bN-m04,True,position,back,24,29,0.9787660256410257,0.5603859104296506,0.630888156889741,0.5622346263074425,0.6285991767093974
W1-bN-m04,True,position,back,24,43,0.9787660256410257,0.5632647291233015,0.6247937227292694,0.5622346263074425,0.6285991767093974
W1-bN-m04,True,position,front,24,17,0.9787660256410257,0.5573056275539828,0.6331554310601839,0.5554401746878602,0.6297040039035993
W1-bN-m04,True,position,front,24,29,0.9787660256410257,0.5543691394637932,0.6280949865163815,0.5554401746878602,0.6297040039035993
W1-bN-m04,True,position,front,24,43,0.9787660256410257,0.5546457570458049,0.6278615941342324,0.5554401746878602,0.6297040039035993
W1-bN-m04,True,position,middle,24,17,0.9787660256410257,0.5700104818561275,0.6226174504790833,0.5727475128989322,0.6218815071744105
W1-bN-m04,True,position,middle,24,29,0.9787660256410257,0.5756936448708231,0.6172083064257394,0.5727475128989322,0.6218815071744105
W1-bN-m04,True,position,middle,24,43,0.9787660256410257,0.5725384119698459,0.6258187646184085,0.5727475128989322,0.6218815071744105
W1-bN-m04,True,position,random,24,17,0.9787660256410257,0.5660417950435311,0.6263459605315835,0.5657653911048258,0.6247742105610713
W1-bN-m04,True,position,random,24,29,0.9787660256410257,0.5653861368335416,0.6218204532585917,0.5657653911048258,0.6247742105610713
W1-bN-m04,True,position,random,24,43,0.9787660256410257,0.565868241437405,0.6261562178930385,0.5657653911048258,0.6247742105610713
W1-bN-m02,True,modality,A,16,17,0.992445054945055,0.5847682898033504,0.6184329031589236,0.5817100727601621,0.6139217321751891
W1-bN-m02,True,modality,A,16,29,0.992445054945055,0.5748085834934367,0.6130139361664008,0.5817100727601621,0.6139217321751891
W1-bN-m02,True,modality,A,16,43,0.992445054945055,0.5855533449836993,0.6103183572002429,0.5817100727601621,0.6139217321751891
W1-bN-m02,True,modality,AV,16,17,0.9625686813186813,0.5826805018242895,0.6184329031512479,0.5819445814807319,0.6139217321270025
W1-bN-m02,True,modality,AV,16,29,0.9625686813186813,0.576808811364896,0.6130139361817523,0.5819445814807319,0.6139217321270025
W1-bN-m02,True,modality,AV,16,43,0.9625686813186813,0.5863444312530103,0.6103183570480074,0.5819445814807319,0.6139217321270025
W1-bN-m02,True,modality,T,16,17,1.0,0.5607341131006117,0.639340677828461,0.5705068781501027,0.6402069909629664
W1-bN-m02,True,modality,T,16,29,1.0,0.5762205253633665,0.6372074867249833,0.5705068781501027,0.6402069909629664
W1-bN-m02,True,modality,T,16,43,1.0,0.57456599598633,0.644072808335455,0.5705068781501027,0.6402069909629664
W1-bN-m02,True,modality,TA,16,17,0.992445054945055,0.5586947588700835,0.6385017712964627,0.5688204480384006,0.6388863670694135
W1-bN-m02,True,modality,TA,16,29,0.992445054945055,0.5752379792200124,0.6365266089874057,0.5688204480384006,0.6388863670694135
W1-bN-m02,True,modality,TA,16,43,0.992445054945055,0.572528606025106,0.641630720924372,0.5688204480384006,0.6388863670694135
W1-bN-m02,True,modality,TV,16,17,0.9625686813186813,0.5630230807480124,0.6352105802837056,0.5713965444602015,0.6365797930611434
W1-bN-m02,True,modality,TV,16,29,0.9625686813186813,0.5745323656188285,0.6342419503933863,0.5713965444602015,0.6365797930611434
W1-bN-m02,True,modality,TV,16,43,0.9625686813186813,0.5766341870137637,0.6402868485063384,0.5713965444602015,0.6365797930611434
W1-bN-m02,True,modality,V,16,17,0.9625686813186813,0.5871252363530769,0.6184329031512479,0.5853095213512621,0.6139217321270025
W1-bN-m02,True,modality,V,16,29,0.9625686813186813,0.5797465625865388,0.6130139361817523,0.5853095213512621,0.6139217321270025
W1-bN-m02,True,modality,V,16,43,0.9625686813186813,0.5890567651141706,0.6103183570480074,0.5853095213512621,0.6139217321270025
W1-bN-m02,True,rate,0.1,24,17,0.9809981684981685,0.5834071869406828,0.6217894645266576,0.5816561045485878,0.6171981057895908
W1-bN-m02,True,rate,0.1,24,29,0.9809981684981685,0.5765765761551406,0.6170272291605509,0.5816561045485878,0.6171981057895908
W1-bN-m02,True,rate,0.1,24,43,0.9809981684981685,0.5849845505499404,0.6127776236815639,0.5816561045485878,0.6171981057895908
W1-bN-m02,True,rate,0.3,24,17,0.9809981684981685,0.5759856530996831,0.6233135709973308,0.5802470549163526,0.6205768941549871
W1-bN-m02,True,rate,0.3,24,29,0.9809981684981685,0.5801859739146971,0.6204900153154821,0.5802470549163526,0.6205768941549871
W1-bN-m02,True,rate,0.3,24,43,0.9809981684981685,0.5845695377346779,0.6179270961521482,0.5802470549163526,0.6205768941549871
W1-bN-m02,True,rate,0.5,24,17,0.9809981684981685,0.5687743942148663,0.6267433865748729,0.5749296603767164,0.6254251695845663
W1-bN-m02,True,rate,0.5,24,29,0.9809981684981685,0.5756587718588548,0.6243949500839778,0.5749296603767164,0.6254251695845663
W1-bN-m02,True,rate,0.5,24,43,0.9809981684981685,0.5803558150564281,0.6251371720948481,0.5749296603767164,0.6254251695845663
W1-bN-m02,True,rate,0.7,24,17,0.9720695970695972,0.5631834195443841,0.6403880704811711,0.5696258776522504,0.6417587288193342
W1-bN-m02,True,rate,0.7,24,29,0.9720695970695972,0.5724818965026934,0.636099708530443,0.5696258776522504,0.6417587288193342
W1-bN-m02,True,rate,0.7,24,43,0.9720695970695972,0.5732123169096736,0.6487884074463887,0.5696258776522504,0.6417587288193342
W1-bN-m02,True,position,back,24,17,0.9787660256410257,0.5715719752313094,0.6301156505091817,0.5733518636631664,0.6285991767093974
W1-bN-m02,True,position,back,24,29,0.9787660256410257,0.5700222984667624,0.630888156889741,0.5733518636631664,0.6285991767093974
W1-bN-m02,True,position,back,24,43,0.9787660256410257,0.5784613172914274,0.6247937227292694,0.5733518636631664,0.6285991767093974
W1-bN-m02,True,position,front,24,17,0.9787660256410257,0.5668894389910598,0.6331554310601839,0.5713561837482515,0.6297040039035993
W1-bN-m02,True,position,front,24,29,0.9787660256410257,0.5716501284047456,0.6280949865163815,0.5713561837482515,0.6297040039035993
W1-bN-m02,True,position,front,24,43,0.9787660256410257,0.5755289838489491,0.6278615941342324,0.5713561837482515,0.6297040039035993
W1-bN-m02,True,position,middle,24,17,0.9787660256410257,0.5791825426558227,0.6226174504790833,0.584382721126727,0.6218815071744105
W1-bN-m02,True,position,middle,24,29,0.9787660256410257,0.5863657720646603,0.6172083064257394,0.584382721126727,0.6218815071744105
W1-bN-m02,True,position,middle,24,43,0.9787660256410257,0.5875998486596979,0.6258187646184085,0.584382721126727,0.6218815071744105
W1-bN-m02,True,position,random,24,17,0.9787660256410257,0.5737066969214243,0.6263459605315835,0.5773679289557626,0.6247742105610713
W1-bN-m02,True,position,random,24,29,0.9787660256410257,0.5768650194952177,0.6218204532585917,0.5773679289557626,0.6247742105610713
W1-bN-m02,True,position,random,24,43,0.9787660256410257,0.5815320704506456,0.6261562178930385,0.5773679289557626,0.6247742105610713
W1-bN-zero,True,modality,A,16,17,0.992445054945055,0.5888298085674646,0.6184329031589236,0.5962550155056152,0.6139217321751891
W1-bN-zero,True,modality,A,16,29,0.992445054945055,0.601700241498149,0.6130139361664008,0.5962550155056152,0.6139217321751891
W1-bN-zero,True,modality,A,16,43,0.992445054945055,0.5982349964512319,0.6103183572002429,0.5962550155056152,0.6139217321751891
W1-bN-zero,True,modality,AV,16,17,0.9625686813186813,0.5899779795918174,0.6184329031512479,0.5959287383675453,0.6139217321270025
W1-bN-zero,True,modality,AV,16,29,0.9625686813186813,0.5997582996866343,0.6130139361817523,0.5959287383675453,0.6139217321270025
W1-bN-zero,True,modality,AV,16,43,0.9625686813186813,0.5980499358241843,0.6103183570480074,0.5959287383675453,0.6139217321270025
W1-bN-zero,True,modality,T,16,17,1.0,0.565258548609851,0.639340677828461,0.5756401413670128,0.6402069909629664
W1-bN-zero,True,modality,T,16,29,1.0,0.5827288301680383,0.6372074867249833,0.5756401413670128,0.6402069909629664
W1-bN-zero,True,modality,T,16,43,1.0,0.5789330453231493,0.644072808335455,0.5756401413670128,0.6402069909629664
W1-bN-zero,True,modality,TA,16,17,0.992445054945055,0.5630089338499998,0.6385017712964627,0.5740873301558315,0.6388863670694135
W1-bN-zero,True,modality,TA,16,29,0.992445054945055,0.581493572523347,0.6365266089874057,0.5740873301558315,0.6388863670694135
W1-bN-zero,True,modality,TA,16,43,0.992445054945055,0.5777594840941476,0.641630720924372,0.5740873301558315,0.6388863670694135
W1-bN-zero,True,modality,TV,16,17,0.9625686813186813,0.569048067268593,0.6352105802837056,0.5763658219369426,0.6365797930611434
W1-bN-zero,True,modality,TV,16,29,0.9625686813186813,0.5826325061683093,0.6342419503933863,0.5763658219369426,0.6365797930611434
W1-bN-zero,True,modality,TV,16,43,0.9625686813186813,0.5774168923739255,0.6402868485063384,0.5763658219369426,0.6365797930611434
W1-bN-zero,True,modality,V,16,17,0.9625686813186813,0.595781793481502,0.6184329031512479,0.5990336578979822,0.6139217321270025
W1-bN-zero,True,modality,V,16,29,0.9625686813186813,0.6036689083688624,0.6130139361817523,0.5990336578979822,0.6139217321270025
W1-bN-zero,True,modality,V,16,43,0.9625686813186813,0.5976502718435824,0.6103183570480074,0.5990336578979822,0.6139217321270025
W1-bN-zero,True,rate,0.1,24,17,0.9809981684981685,0.5914594069650482,0.6217894645266576,0.5952639813992832,0.6171981057895908
W1-bN-zero,True,rate,0.1,24,29,0.9809981684981685,0.5999355184663383,0.6170272291605509,0.5952639813992832,0.6171981057895908
W1-bN-zero,True,rate,0.1,24,43,0.9809981684981685,0.5943970187664631,0.6127776236815639,0.5952639813992832,0.6171981057895908
W1-bN-zero,True,rate,0.3,24,17,0.9809981684981685,0.5839332786756947,0.6233135709973308,0.5906546590871826,0.6205768941549871
W1-bN-zero,True,rate,0.3,24,29,0.9809981684981685,0.5963682305752247,0.6204900153154821,0.5906546590871826,0.6205768941549871
W1-bN-zero,True,rate,0.3,24,43,0.9809981684981685,0.5916624680106285,0.6179270961521482,0.5906546590871826,0.6205768941549871
W1-bN-zero,True,rate,0.5,24,17,0.9809981684981685,0.5730981356703165,0.6267433865748729,0.5836578057873497,0.6254251695845663
W1-bN-zero,True,rate,0.5,24,29,0.9809981684981685,0.590152201722546,0.6243949500839778,0.5836578057873497,0.6254251695845663
W1-bN-zero,True,rate,0.5,24,43,0.9809981684981685,0.5877230799691867,0.6251371720948481,0.5836578057873497,0.6254251695845663
W1-bN-zero,True,rate,0.7,24,17,0.9720695970695972,0.5661125996017593,0.6403880704811711,0.5752973572134711,0.6417587288193342
W1-bN-zero,True,rate,0.7,24,29,0.9720695970695972,0.581532288178118,0.636099708530443,0.5752973572134711,0.6417587288193342
W1-bN-zero,True,rate,0.7,24,43,0.9720695970695972,0.5782471838605358,0.6487884074463887,0.5752973572134711,0.6417587288193342
W1-bN-zero,True,position,back,24,17,0.9787660256410257,0.5783548651545894,0.6301156505091817,0.5826884833466749,0.6285991767093974
W1-bN-zero,True,position,back,24,29,0.9787660256410257,0.5858041566233237,0.630888156889741,0.5826884833466749,0.6285991767093974
W1-bN-zero,True,position,back,24,43,0.9787660256410257,0.5839064282621114,0.6247937227292694,0.5826884833466749,0.6285991767093974
W1-bN-zero,True,position,front,24,17,0.9787660256410257,0.5729938381680492,0.6331554310601839,0.5825632689202033,0.6297040039035993
W1-bN-zero,True,position,front,24,29,0.9787660256410257,0.5881737140073066,0.6280949865163815,0.5825632689202033,0.6297040039035993
W1-bN-zero,True,position,front,24,43,0.9787660256410257,0.5865222545852541,0.6278615941342324,0.5825632689202033,0.6297040039035993
W1-bN-zero,True,position,middle,24,17,0.9787660256410257,0.5839691797555709,0.6226174504790833,0.5922276444603614,0.6218815071744105
W1-bN-zero,True,position,middle,24,29,0.9787660256410257,0.5995592339472534,0.6172083064257394,0.5922276444603614,0.6218815071744105
W1-bN-zero,True,position,middle,24,43,0.9787660256410257,0.5931545196782596,0.6258187646184085,0.5922276444603614,0.6218815071744105
W1-bN-zero,True,position,random,24,17,0.9787660256410257,0.579285537834609,0.6263459605315835,0.5873944067600471,0.6247742105610713
W1-bN-zero,True,position,random,24,29,0.9787660256410257,0.5944511343643433,0.6218204532585917,0.5873944067600471,0.6247742105610713
W1-bN-zero,True,position,random,24,43,0.9787660256410257,0.588446548081189,0.6261562178930385,0.5873944067600471,0.6247742105610713
W1-bN-p02,True,modality,A,16,17,0.992445054945055,0.5919548165488439,0.6184329031589236,0.5987457491004903,0.6139217321751891
W1-bN-p02,True,modality,A,16,29,0.992445054945055,0.6075559324692271,0.6130139361664008,0.5987457491004903,0.6139217321751891
W1-bN-p02,True,modality,A,16,43,0.992445054945055,0.5967264982833999,0.6103183572002429,0.5987457491004903,0.6139217321751891
W1-bN-p02,True,modality,AV,16,17,0.9625686813186813,0.5927855378765663,0.6184329031512479,0.5973880846694346,0.6139217321270025
W1-bN-p02,True,modality,AV,16,29,0.9625686813186813,0.6033977835277003,0.6130139361817523,0.5973880846694346,0.6139217321270025
W1-bN-p02,True,modality,AV,16,43,0.9625686813186813,0.5959809326040372,0.6103183570480074,0.5973880846694346,0.6139217321270025
W1-bN-p02,True,modality,T,16,17,1.0,0.5651211411454513,0.639340677828461,0.5768898028732576,0.6402069909629664
W1-bN-p02,True,modality,T,16,29,1.0,0.5858883717088974,0.6372074867249833,0.5768898028732576,0.6402069909629664
W1-bN-p02,True,modality,T,16,43,1.0,0.5796598957654242,0.644072808335455,0.5768898028732576,0.6402069909629664
W1-bN-p02,True,modality,TA,16,17,0.992445054945055,0.564430309249343,0.6385017712964627,0.5751881176634875,0.6388863670694135
W1-bN-p02,True,modality,TA,16,29,0.992445054945055,0.5834095159528686,0.6365266089874057,0.5751881176634875,0.6388863670694135
W1-bN-p02,True,modality,TA,16,43,0.992445054945055,0.5777245277882509,0.641630720924372,0.5751881176634875,0.6388863670694135
W1-bN-p02,True,modality,TV,16,17,0.9625686813186813,0.5637609409993005,0.6352105802837056,0.576085113038916,0.6365797930611434
W1-bN-p02,True,modality,TV,16,29,0.9625686813186813,0.5849393331685714,0.6342419503933863,0.576085113038916,0.6365797930611434
W1-bN-p02,True,modality,TV,16,43,0.9625686813186813,0.5795550649488759,0.6402868485063384,0.576085113038916,0.6365797930611434
W1-bN-p02,True,modality,V,16,17,0.9625686813186813,0.5953487453156244,0.6184329031512479,0.5993455917807786,0.6139217321270025
W1-bN-p02,True,modality,V,16,29,0.9625686813186813,0.6061152848520147,0.6130139361817523,0.5993455917807786,0.6139217321270025
W1-bN-p02,True,modality,V,16,43,0.9625686813186813,0.5965727451746967,0.6103183570480074,0.5993455917807786,0.6139217321270025
W1-bN-p02,True,rate,0.1,24,17,0.9809981684981685,0.5908799849948655,0.6217894645266576,0.5978427530384909,0.6171981057895908
W1-bN-p02,True,rate,0.1,24,29,0.9809981684981685,0.6048837470506536,0.6170272291605509,0.5978427530384909,0.6171981057895908
W1-bN-p02,True,rate,0.1,24,43,0.9809981684981685,0.5977645270699535,0.6127776236815639,0.5978427530384909,0.6171981057895908
W1-bN-p02,True,rate,0.3,24,17,0.9809981684981685,0.5854106959648374,0.6233135709973308,0.5934592551275418,0.6205768941549871
W1-bN-p02,True,rate,0.3,24,29,0.9809981684981685,0.6025600165641934,0.6204900153154821,0.5934592551275418,0.6205768941549871
W1-bN-p02,True,rate,0.3,24,43,0.9809981684981685,0.5924070528535945,0.6179270961521482,0.5934592551275418,0.6205768941549871
W1-bN-p02,True,rate,0.5,24,17,0.9809981684981685,0.5745588630453565,0.6267433865748729,0.5838018565023878,0.6254251695845663
W1-bN-p02,True,rate,0.5,24,29,0.9809981684981685,0.5936179395247259,0.6243949500839778,0.5838018565023878,0.6254251695845663
W1-bN-p02,True,rate,0.5,24,43,0.9809981684981685,0.583228766937081,0.6251371720948481,0.5838018565023878,0.6254251695845663
W1-bN-p02,True,rate,0.7,24,17,0.9720695970695972,0.5647514500850268,0.6403880704811711,0.5739911080824892,0.6417587288193342
W1-bN-p02,True,rate,0.7,24,29,0.9720695970695972,0.5798091113132802,0.636099708530443,0.5739911080824892,0.6417587288193342
W1-bN-p02,True,rate,0.7,24,43,0.9720695970695972,0.5774127628491608,0.6487884074463887,0.5739911080824892,0.6417587288193342
W1-bN-p02,True,position,back,24,17,0.9787660256410257,0.5774375336331382,0.6301156505091817,0.5845561779213128,0.6285991767093974
W1-bN-p02,True,position,back,24,29,0.9787660256410257,0.588804797614609,0.630888156889741,0.5845561779213128,0.6285991767093974
W1-bN-p02,True,position,back,24,43,0.9787660256410257,0.5874262025161912,0.6247937227292694,0.5845561779213128,0.6285991767093974
W1-bN-p02,True,position,front,24,17,0.9787660256410257,0.575110387061245,0.6331554310601839,0.5872964723173716,0.6297040039035993
W1-bN-p02,True,position,front,24,29,0.9787660256410257,0.5970510837909249,0.6280949865163815,0.5872964723173716,0.6297040039035993
W1-bN-p02,True,position,front,24,43,0.9787660256410257,0.589727946099945,0.6278615941342324,0.5872964723173716,0.6297040039035993
W1-bN-p02,True,position,middle,24,17,0.9787660256410257,0.5838977233931414,0.6226174504790833,0.5901772446297603,0.6218815071744105
W1-bN-p02,True,position,middle,24,29,0.9787660256410257,0.5989596236750312,0.6172083064257394,0.5901772446297603,0.6218815071744105
W1-bN-p02,True,position,middle,24,43,0.9787660256410257,0.5876743868211083,0.6258187646184085,0.5901772446297603,0.6218815071744105
W1-bN-p02,True,position,random,24,17,0.9787660256410257,0.5791553500025617,0.6263459605315835,0.587065077882465,0.6247742105610713
W1-bN-p02,True,position,random,24,29,0.9787660256410257,0.596055309372288,0.6218204532585917,0.587065077882465,0.6247742105610713
W1-bN-p02,True,position,random,24,43,0.9787660256410257,0.5859845742725454,0.6261562178930385,0.587065077882465,0.6247742105610713
W1-bN-p04,True,modality,A,16,17,0.992445054945055,0.5874385475294577,0.6184329031589236,0.5950008515436233,0.6139217321751891
W1-bN-p04,True,modality,A,16,29,0.992445054945055,0.6098418157601672,0.6130139361664008,0.5950008515436233,0.6139217321751891
W1-bN-p04,True,modality,A,16,43,0.992445054945055,0.5877221913412448,0.6103183572002429,0.5950008515436233,0.6139217321751891
W1-bN-p04,True,modality,AV,16,17,0.9625686813186813,0.5885992685273427,0.6184329031512479,0.59538431676987,0.6139217321270025
W1-bN-p04,True,modality,AV,16,29,0.9625686813186813,0.6080612837755749,0.6130139361817523,0.59538431676987,0.6139217321270025
W1-bN-p04,True,modality,AV,16,43,0.9625686813186813,0.5894923980066924,0.6103183570480074,0.59538431676987,0.6139217321270025
W1-bN-p04,True,modality,T,16,17,1.0,0.5655870675840817,0.639340677828461,0.5739304291909998,0.6402069909629664
W1-bN-p04,True,modality,T,16,29,1.0,0.5837748297945788,0.6372074867249833,0.5739304291909998,0.6402069909629664
W1-bN-p04,True,modality,T,16,43,1.0,0.5724293901943388,0.644072808335455,0.5739304291909998,0.6402069909629664
W1-bN-p04,True,modality,TA,16,17,0.992445054945055,0.5646391292023295,0.6385017712964627,0.572863071165299,0.6388863670694135
W1-bN-p04,True,modality,TA,16,29,0.992445054945055,0.5830327892184576,0.6365266089874057,0.572863071165299,0.6388863670694135
W1-bN-p04,True,modality,TA,16,43,0.992445054945055,0.5709172950751101,0.641630720924372,0.572863071165299,0.6388863670694135
W1-bN-p04,True,modality,TV,16,17,0.9625686813186813,0.5638571322035782,0.6352105802837056,0.5730916504330951,0.6365797930611434
W1-bN-p04,True,modality,TV,16,29,0.9625686813186813,0.5847852714420656,0.6342419503933863,0.5730916504330951,0.6365797930611434
W1-bN-p04,True,modality,TV,16,43,0.9625686813186813,0.5706325476536411,0.6402868485063384,0.5730916504330951,0.6365797930611434
W1-bN-p04,True,modality,V,16,17,0.9625686813186813,0.5863404227069012,0.6184329031512479,0.5959499439700408,0.6139217321270025
W1-bN-p04,True,modality,V,16,29,0.9625686813186813,0.6129772456550691,0.6130139361817523,0.5959499439700408,0.6139217321270025
W1-bN-p04,True,modality,V,16,43,0.9625686813186813,0.588532163548152,0.6103183570480074,0.5959499439700408,0.6139217321270025
W1-bN-p04,True,rate,0.1,24,17,0.9809981684981685,0.5840282360485497,0.6217894645266576,0.5933946720359119,0.6171981057895908
W1-bN-p04,True,rate,0.1,24,29,0.9809981684981685,0.6090098237809106,0.6170272291605509,0.5933946720359119,0.6171981057895908
W1-bN-p04,True,rate,0.1,24,43,0.9809981684981685,0.5871459562782755,0.6127776236815639,0.5933946720359119,0.6171981057895908
W1-bN-p04,True,rate,0.3,24,17,0.9809981684981685,0.5829676310247616,0.6233135709973308,0.5919238695384739,0.6205768941549871
W1-bN-p04,True,rate,0.3,24,29,0.9809981684981685,0.6059088205978128,0.6204900153154821,0.5919238695384739,0.6205768941549871
W1-bN-p04,True,rate,0.3,24,43,0.9809981684981685,0.5868951569928472,0.6179270961521482,0.5919238695384739,0.6205768941549871
W1-bN-p04,True,rate,0.5,24,17,0.9809981684981685,0.5736460517371808,0.6267433865748729,0.5818243068622085,0.6254251695845663
W1-bN-p04,True,rate,0.5,24,29,0.9809981684981685,0.595270664619011,0.6243949500839778,0.5818243068622085,0.6254251695845663
W1-bN-p04,True,rate,0.5,24,43,0.9809981684981685,0.5765562042304336,0.6251371720948481,0.5818243068622085,0.6254251695845663
W1-bN-p04,True,rate,0.7,24,17,0.9720695970695972,0.5636657930253022,0.6403880704811711,0.5703373269453577,0.6417587288193342
W1-bN-p04,True,rate,0.7,24,29,0.9720695970695972,0.5781261814328743,0.636099708530443,0.5703373269453577,0.6417587288193342
W1-bN-p04,True,rate,0.7,24,43,0.9720695970695972,0.5692200063778964,0.6487884074463887,0.5703373269453577,0.6417587288193342
W1-bN-p04,True,position,back,24,17,0.9787660256410257,0.5743574040016343,0.6301156505091817,0.5824839348868247,0.6285991767093974
W1-bN-p04,True,position,back,24,29,0.9787660256410257,0.591350446087008,0.630888156889741,0.5824839348868247,0.6285991767093974
W1-bN-p04,True,position,back,24,43,0.9787660256410257,0.5817439545718319,0.6247937227292694,0.5824839348868247,0.6285991767093974
W1-bN-p04,True,position,front,24,17,0.9787660256410257,0.5742457211943203,0.6331554310601839,0.5870303912130852,0.6297040039035993
W1-bN-p04,True,position,front,24,29,0.9787660256410257,0.6028854012181462,0.6280949865163815,0.5870303912130852,0.6297040039035993
W1-bN-p04,True,position,front,24,43,0.9787660256410257,0.5839600512267892,0.6278615941342324,0.5870303912130852,0.6297040039035993
W1-bN-p04,True,position,middle,24,17,0.9787660256410257,0.57925149399891,0.6226174504790833,0.584126216416828,0.6218815071744105
W1-bN-p04,True,position,middle,24,29,0.9787660256410257,0.5976888097317058,0.6172083064257394,0.584126216416828,0.6218815071744105
W1-bN-p04,True,position,middle,24,43,0.9787660256410257,0.5754383455198685,0.6258187646184085,0.584126216416828,0.6218815071744105
W1-bN-p04,True,position,random,24,17,0.9787660256410257,0.5764530926409297,0.6263459605315835,0.5838396328652139,0.6247742105610713
W1-bN-p04,True,position,random,24,29,0.9787660256410257,0.5963908333937488,0.6218204532585917,0.5838396328652139,0.6247742105610713
W1-bN-p04,True,position,random,24,43,0.9787660256410257,0.5786749725609633,0.6261562178930385,0.5838396328652139,0.6247742105610713
W2-bN-m04,True,modality,A,16,17,0.992445054945055,0.5685330451515388,0.6209392651558735,0.5654738605066564,0.6068303743637028
W2-bN-m04,True,modality,A,16,29,0.992445054945055,0.5564236534756899,0.5974292152692354,0.5654738605066564,0.6068303743637028
W2-bN-m04,True,modality,A,16,43,0.992445054945055,0.5714648828927402,0.6021226426659995,0.5654738605066564,0.6068303743637028
W2-bN-m04,True,modality,AV,16,17,0.9625686813186813,0.5687218398194284,0.6212050392001708,0.5652382385125918,0.6067814450106752
W2-bN-m04,True,modality,AV,16,29,0.9625686813186813,0.5548931955328017,0.5971446165597264,0.5652382385125918,0.6067814450106752
W2-bN-m04,True,modality,AV,16,43,0.9625686813186813,0.5720996801855454,0.6019946792721285,0.5652382385125918,0.6067814450106752
W2-bN-m04,True,modality,T,16,17,1.0,0.5532385678555308,0.6368276355517678,0.5579076698523752,0.6286810024438408
W2-bN-m04,True,modality,T,16,29,1.0,0.5551703938258047,0.624781217495563,0.5579076698523752,0.6286810024438408
W2-bN-m04,True,modality,T,16,43,1.0,0.5653140478757901,0.6244341542841916,0.5579076698523752,0.6286810024438408
W2-bN-m04,True,modality,TA,16,17,0.992445054945055,0.5532672951091059,0.6379244953654645,0.5591564540524564,0.628974096374236
W2-bN-m04,True,modality,TA,16,29,0.992445054945055,0.5564316088975396,0.6249466225469201,0.5591564540524564,0.628974096374236
W2-bN-m04,True,modality,TA,16,43,0.992445054945055,0.5677704581507236,0.6240511712103232,0.5591564540524564,0.628974096374236
W2-bN-m04,True,modality,TV,16,17,0.9625686813186813,0.5552922668734013,0.6349007849387621,0.561996755261777,0.626598125140435
W2-bN-m04,True,modality,TV,16,29,0.9625686813186813,0.558949993751465,0.622185392336984,0.561996755261777,0.626598125140435
W2-bN-m04,True,modality,TV,16,43,0.9625686813186813,0.5717480051604645,0.622708198145559,0.561996755261777,0.626598125140435
W2-bN-m04,True,modality,V,16,17,0.9625686813186813,0.5698822268612991,0.6207799147718299,0.567156975857308,0.6064617645928997
W2-bN-m04,True,modality,V,16,29,0.9625686813186813,0.5549144427143855,0.5970585845603543,0.567156975857308,0.6064617645928997
W2-bN-m04,True,modality,V,16,43,0.9625686813186813,0.5766742579962393,0.6015467944465148,0.567156975857308,0.6064617645928997
W2-bN-m04,True,rate,0.1,24,17,0.9809981684981685,0.5623711990744763,0.6227398782530811,0.5620839243258072,0.6090339760419367
W2-bN-m04,True,rate,0.1,24,29,0.9809981684981685,0.5527477863902609,0.6011535365925985,0.5620839243258072,0.6090339760419367
W2-bN-m04,True,rate,0.1,24,43,0.9809981684981685,0.5711327875126843,0.6032085132801301,0.5620839243258072,0.6090339760419367
W2-bN-m04,True,rate,0.3,24,17,0.9809981684981685,0.5603556013766328,0.6251003507377024,0.5628388970072385,0.6125917259254778
W2-bN-m04,True,rate,0.3,24,29,0.9809981684981685,0.5577173410692166,0.6055166786971088,0.5628388970072385,0.6125917259254778
W2-bN-m04,True,rate,0.3,24,43,0.9809981684981685,0.5704437485758664,0.6071581483416223,0.5628388970072385,0.6125917259254778
W2-bN-m04,True,rate,0.5,24,17,0.9809981684981685,0.5626584482539262,0.6279244963484666,0.5623981158150517,0.6171204582309975
W2-bN-m04,True,rate,0.5,24,29,0.9809981684981685,0.555451801636881,0.6109148089676643,0.5623981158150517,0.6171204582309975
W2-bN-m04,True,rate,0.5,24,43,0.9809981684981685,0.5690840975543479,0.6125220693768617,0.5623981158150517,0.6171204582309975
W2-bN-m04,True,rate,0.7,24,17,0.9720695970695972,0.5605715790751676,0.639286697983329,0.563965698880679,0.6308050450854478
W2-bN-m04,True,rate,0.7,24,29,0.9720695970695972,0.5586052630354326,0.6247787415884839,0.563965698880679,0.6308050450854478
W2-bN-m04,True,rate,0.7,24,43,0.9720695970695972,0.5727202545314367,0.6283496956845301,0.563965698880679,0.6308050450854478
W2-bN-m04,True,position,back,24,17,0.9787660256410257,0.5601374420039242,0.6294823563483798,0.5601361446578247,0.6179397213843077
W2-bN-m04,True,position,back,24,29,0.9787660256410257,0.5512789547352669,0.6149955519602092,0.5601361446578247,0.6179397213843077
W2-bN-m04,True,position,back,24,43,0.9787660256410257,0.5689920372342829,0.6093412558443344,0.5601361446578247,0.6179397213843077
W2-bN-m04,True,position,front,24,17,0.9787660256410257,0.5519069103402648,0.6337438723690673,0.5554849480500351,0.6225109539261907
W2-bN-m04,True,position,front,24,29,0.9787660256410257,0.5514080382138409,0.6151781368671003,0.5554849480500351,0.6225109539261907
W2-bN-m04,True,position,front,24,43,0.9787660256410257,0.5631398955959995,0.6186108525424047,0.5554849480500351,0.6225109539261907
W2-bN-m04,True,position,middle,24,17,0.9787660256410257,0.5701693006399323,0.6244307159063033,0.5708035270838213,0.6130100366572973
W2-bN-m04,True,position,middle,24,29,0.9787660256410257,0.5634537764247444,0.603943201175596,0.5708035270838213,0.6130100366572973
W2-bN-m04,True,position,middle,24,43,0.9787660256410257,0.5787875041867875,0.6106561928899925,0.5708035270838213,0.6130100366572973
W2-bN-m04,True,position,random,24,17,0.9787660256410257,0.5637431747960814,0.6273944786988287,0.5648620162370953,0.6160904933160638
W2-bN-m04,True,position,random,24,29,0.9787660256410257,0.558381422757939,0.6082468758429499,0.5648620162370953,0.6160904933160638
W2-bN-m04,True,position,random,24,43,0.9787660256410257,0.5724614511572653,0.6126301254064127,0.5648620162370953,0.6160904933160638
W2-bN-m02,True,modality,A,16,17,0.992445054945055,0.5713267910983844,0.6209392651558735,0.5805078233211391,0.6068303743637028
W2-bN-m02,True,modality,A,16,29,0.992445054945055,0.5775276484469755,0.5974292152692354,0.5805078233211391,0.6068303743637028
W2-bN-m02,True,modality,A,16,43,0.992445054945055,0.5926690304180576,0.6021226426659995,0.5805078233211391,0.6068303743637028
W2-bN-m02,True,modality,AV,16,17,0.9625686813186813,0.5683423761796537,0.6212050392001708,0.580263395687703,0.6067814450106752
W2-bN-m02,True,modality,AV,16,29,0.9625686813186813,0.578921705697607,0.5971446165597264,0.580263395687703,0.6067814450106752
W2-bN-m02,True,modality,AV,16,43,0.9625686813186813,0.5935261051858484,0.6019946792721285,0.580263395687703,0.6067814450106752
W2-bN-m02,True,modality,T,16,17,1.0,0.5622906902707009,0.6368276355517678,0.571752999567163,0.6286810024438408
W2-bN-m02,True,modality,T,16,29,1.0,0.5721137675488186,0.624781217495563,0.571752999567163,0.6286810024438408
W2-bN-m02,True,modality,T,16,43,1.0,0.5808545408819694,0.6244341542841916,0.571752999567163,0.6286810024438408
W2-bN-m02,True,modality,TA,16,17,0.992445054945055,0.5626855545474866,0.6379244953654645,0.5723365956276996,0.628974096374236
W2-bN-m02,True,modality,TA,16,29,0.992445054945055,0.5714236634181568,0.6249466225469201,0.5723365956276996,0.628974096374236
W2-bN-m02,True,modality,TA,16,43,0.992445054945055,0.5829005689174552,0.6240511712103232,0.5723365956276996,0.628974096374236
W2-bN-m02,True,modality,TV,16,17,0.9625686813186813,0.5625635518490788,0.6349007849387621,0.5741261964994483,0.626598125140435
W2-bN-m02,True,modality,TV,16,29,0.9625686813186813,0.5719189882974516,0.622185392336984,0.5741261964994483,0.626598125140435
W2-bN-m02,True,modality,TV,16,43,0.9625686813186813,0.5878960493518144,0.622708198145559,0.5741261964994483,0.626598125140435
W2-bN-m02,True,modality,V,16,17,0.9625686813186813,0.5686607038309979,0.6207799147718299,0.5789919267852811,0.6064617645928997
W2-bN-m02,True,modality,V,16,29,0.9625686813186813,0.5768731353472831,0.5970585845603543,0.5789919267852811,0.6064617645928997
W2-bN-m02,True,modality,V,16,43,0.9625686813186813,0.5914419411775622,0.6015467944465148,0.5789919267852811,0.6064617645928997
W2-bN-m02,True,rate,0.1,24,17,0.9809981684981685,0.5663475799356704,0.6227398782530811,0.576798834827048,0.6090339760419367
W2-bN-m02,True,rate,0.1,24,29,0.9809981684981685,0.5760698301728006,0.6011535365925985,0.576798834827048,0.6090339760419367
W2-bN-m02,True,rate,0.1,24,43,0.9809981684981685,0.587979094372673,0.6032085132801301,0.576798834827048,0.6090339760419367
W2-bN-m02,True,rate,0.3,24,17,0.9809981684981685,0.5655878249629651,0.6251003507377024,0.5775709672577243,0.6125917259254778
W2-bN-m02,True,rate,0.3,24,29,0.9809981684981685,0.5768151867398587,0.6055166786971088,0.5775709672577243,0.6125917259254778
W2-bN-m02,True,rate,0.3,24,43,0.9809981684981685,0.5903098900703491,0.6071581483416223,0.5775709672577243,0.6125917259254778
W2-bN-m02,True,rate,0.5,24,17,0.9809981684981685,0.5679113370162311,0.6279244963484666,0.5769772670652014,0.6171204582309975
W2-bN-m02,True,rate,0.5,24,29,0.9809981684981685,0.573447642526656,0.6109148089676643,0.5769772670652014,0.6171204582309975
W2-bN-m02,True,rate,0.5,24,43,0.9809981684981685,0.5895728216527171,0.6125220693768617,0.5769772670652014,0.6171204582309975
W2-bN-m02,True,rate,0.7,24,17,0.9720695970695972,0.5640663699360013,0.639286697983329,0.5739722225089823,0.6308050450854478
W2-bN-m02,True,rate,0.7,24,29,0.9720695970695972,0.5728532797315465,0.6247787415884839,0.5739722225089823,0.6308050450854478
W2-bN-m02,True,rate,0.7,24,43,0.9720695970695972,0.584997017859399,0.6283496956845301,0.5739722225089823,0.6308050450854478
W2-bN-m02,True,position,back,24,17,0.9787660256410257,0.5638574665724165,0.6294823563483798,0.572833345695288,0.6179397213843077
W2-bN-m02,True,position,back,24,29,0.9787660256410257,0.5705418591884582,0.6149955519602092,0.572833345695288,0.6179397213843077
W2-bN-m02,True,position,back,24,43,0.9787660256410257,0.5841007113249891,0.6093412558443344,0.572833345695288,0.6179397213843077
W2-bN-m02,True,position,front,24,17,0.9787660256410257,0.5593502943403894,0.6337438723690673,0.5709327219123911,0.6225109539261907
W2-bN-m02,True,position,front,24,29,0.9787660256410257,0.5699673453409386,0.6151781368671003,0.5709327219123911,0.6225109539261907
W2-bN-m02,True,position,front,24,43,0.9787660256410257,0.583480526055845,0.6186108525424047,0.5709327219123911,0.6225109539261907
W2-bN-m02,True,position,middle,24,17,0.9787660256410257,0.5723238601444584,0.6244307159063033,0.58303881922991,0.6130100366572973
W2-bN-m02,True,position,middle,24,29,0.9787660256410257,0.5824049346450014,0.603943201175596,0.58303881922991,0.6130100366572973
W2-bN-m02,True,position,middle,24,43,0.9787660256410257,0.5943876629002703,0.6106561928899925,0.58303881922991,0.6130100366572973
W2-bN-m02,True,position,random,24,17,0.9787660256410257,0.5683814907936038,0.6273944786988287,0.578514404821367,0.6160904933160638
W2-bN-m02,True,position,random,24,29,0.9787660256410257,0.5762717999964634,0.6082468758429499,0.578514404821367,0.6160904933160638
W2-bN-m02,True,position,random,24,43,0.9787660256410257,0.5908899236740339,0.6126301254064127,0.578514404821367,0.6160904933160638
W2-bN-zero,True,modality,A,16,17,0.992445054945055,0.5790477607245779,0.6209392651558735,0.5956181294504335,0.6068303743637028
W2-bN-zero,True,modality,A,16,29,0.992445054945055,0.5965320251852575,0.5974292152692354,0.5956181294504335,0.6068303743637028
W2-bN-zero,True,modality,A,16,43,0.992445054945055,0.6112746024414651,0.6021226426659995,0.5956181294504335,0.6068303743637028
W2-bN-zero,True,modality,AV,16,17,0.9625686813186813,0.5768320874418263,0.6212050392001708,0.5934097814867382,0.6067814450106752
W2-bN-zero,True,modality,AV,16,29,0.9625686813186813,0.5929054530654394,0.5971446165597264,0.5934097814867382,0.6067814450106752
W2-bN-zero,True,modality,AV,16,43,0.9625686813186813,0.6104918039529487,0.6019946792721285,0.5934097814867382,0.6067814450106752
W2-bN-zero,True,modality,T,16,17,1.0,0.5721506752454613,0.6368276355517678,0.5830936387939669,0.6286810024438408
W2-bN-zero,True,modality,T,16,29,1.0,0.5818103851894861,0.624781217495563,0.5830936387939669,0.6286810024438408
W2-bN-zero,True,modality,T,16,43,1.0,0.5953198559469534,0.6244341542841916,0.5830936387939669,0.6286810024438408
W2-bN-zero,True,modality,TA,16,17,0.992445054945055,0.5723612614888471,0.6379244953654645,0.5814003565860322,0.628974096374236
W2-bN-zero,True,modality,TA,16,29,0.992445054945055,0.5787358534042972,0.6249466225469201,0.5814003565860322,0.628974096374236
W2-bN-zero,True,modality,TA,16,43,0.992445054945055,0.5931039548649523,0.6240511712103232,0.5814003565860322,0.628974096374236
W2-bN-zero,True,modality,TV,16,17,0.9625686813186813,0.5706734350051299,0.6349007849387621,0.5816636511967204,0.626598125140435
W2-bN-zero,True,modality,TV,16,29,0.9625686813186813,0.5791966761947855,0.622185392336984,0.5816636511967204,0.626598125140435
W2-bN-zero,True,modality,TV,16,43,0.9625686813186813,0.5951208423902457,0.622708198145559,0.5816636511967204,0.626598125140435
W2-bN-zero,True,modality,V,16,17,0.9625686813186813,0.5787829571293337,0.6207799147718299,0.5945517878085601,0.6064617645928997
W2-bN-zero,True,modality,V,16,29,0.9625686813186813,0.5931190962926107,0.5970585845603543,0.5945517878085601,0.6064617645928997
W2-bN-zero,True,modality,V,16,43,0.9625686813186813,0.611753310003736,0.6015467944465148,0.5945517878085601,0.6064617645928997
W2-bN-zero,True,rate,0.1,24,17,0.9809981684981685,0.5783346914148657,0.6227398782530811,0.5925915685879554,0.6090339760419367
W2-bN-zero,True,rate,0.1,24,29,0.9809981684981685,0.5921718654103857,0.6011535365925985,0.5925915685879554,0.6090339760419367
W2-bN-zero,True,rate,0.1,24,43,0.9809981684981685,0.6072681489386148,0.6032085132801301,0.5925915685879554,0.6090339760419367
W2-bN-zero,True,rate,0.3,24,17,0.9809981684981685,0.5784999877628155,0.6251003507377024,0.5930601069731017,0.6125917259254778
W2-bN-zero,True,rate,0.3,24,29,0.9809981684981685,0.5918674014414013,0.6055166786971088,0.5930601069731017,0.6125917259254778
W2-bN-zero,True,rate,0.3,24,43,0.9809981684981685,0.6088129317150884,0.6071581483416223,0.5930601069731017,0.6125917259254778
W2-bN-zero,True,rate,0.5,24,17,0.9809981684981685,0.5741178233256145,0.6279244963484666,0.5870561922559309,0.6171204582309975
W2-bN-zero,True,rate,0.5,24,29,0.9809981684981685,0.5844454862218361,0.6109148089676643,0.5870561922559309,0.6171204582309975
W2-bN-zero,True,rate,0.5,24,43,0.9809981684981685,0.6026052672203422,0.6125220693768617,0.5870561922559309,0.6171204582309975
W2-bN-zero,True,rate,0.7,24,17,0.9720695970695972,0.5689462821868218,0.639286697983329,0.5804503623979794,0.6308050450854478
W2-bN-zero,True,rate,0.7,24,29,0.9720695970695972,0.5797149064809611,0.6247787415884839,0.5804503623979794,0.6308050450854478
W2-bN-zero,True,rate,0.7,24,43,0.9720695970695972,0.5926898985261553,0.6283496956845301,0.5804503623979794,0.6308050450854478
W2-bN-zero,True,position,back,24,17,0.9787660256410257,0.5724019378539557,0.6294823563483798,0.584402735308933,0.6179397213843077
W2-bN-zero,True,position,back,24,29,0.9787660256410257,0.5826567994700482,0.6149955519602092,0.584402735308933,0.6179397213843077
W2-bN-zero,True,position,back,24,43,0.9787660256410257,0.5981494686027952,0.6093412558443344,0.584402735308933,0.6179397213843077
W2-bN-zero,True,position,front,24,17,0.9787660256410257,0.5714621161604002,0.6337438723690673,0.5858660085539901,0.6225109539261907
W2-bN-zero,True,position,front,24,29,0.9787660256410257,0.5836813593532887,0.6151781368671003,0.5858660085539901,0.6225109539261907
W2-bN-zero,True,position,front,24,43,0.9787660256410257,0.6024545501482812,0.6186108525424047,0.5858660085539901,0.6225109539261907
W2-bN-zero,True,position,middle,24,17,0.9787660256410257,0.5796415450276091,0.6244307159063033,0.5936477927220757,0.6130100366572973
W2-bN-zero,True,position,middle,24,29,0.9787660256410257,0.5936902784688695,0.603943201175596,0.5936477927220757,0.6130100366572973
W2-bN-zero,True,position,middle,24,43,0.9787660256410257,0.6076115546697486,0.6106561928899925,0.5936477927220757,0.6130100366572973
W2-bN-zero,True,position,random,24,17,0.9787660256410257,0.5763931856481525,0.6273944786988287,0.5892416936299687,0.6160904933160638
W2-bN-zero,True,position,random,24,29,0.9787660256410257,0.5881712222623778,0.6082468758429499,0.5892416936299687,0.6160904933160638
W2-bN-zero,True,position,random,24,43,0.9787660256410257,0.6031606729793758,0.6126301254064127,0.5892416936299687,0.6160904933160638
W2-bN-p02,True,modality,A,16,17,0.992445054945055,0.5894805519008214,0.6209392651558735,0.5983053383137603,0.6068303743637028
W2-bN-p02,True,modality,A,16,29,0.992445054945055,0.5999642983341708,0.5974292152692354,0.5983053383137603,0.6068303743637028
W2-bN-p02,True,modality,A,16,43,0.992445054945055,0.6054711647062888,0.6021226426659995,0.5983053383137603,0.6068303743637028
W2-bN-p02,True,modality,AV,16,17,0.9625686813186813,0.588957628555979,0.6212050392001708,0.5972035247525053,0.6067814450106752
W2-bN-p02,True,modality,AV,16,29,0.9625686813186813,0.5990925899769828,0.5971446165597264,0.5972035247525053,0.6067814450106752
W2-bN-p02,True,modality,AV,16,43,0.9625686813186813,0.603560355724554,0.6019946792721285,0.5972035247525053,0.6067814450106752
W2-bN-p02,True,modality,T,16,17,1.0,0.575690592528418,0.6368276355517678,0.5859956374815469,0.6286810024438408
W2-bN-p02,True,modality,T,16,29,1.0,0.5856086170648903,0.624781217495563,0.5859956374815469,0.6286810024438408
W2-bN-p02,True,modality,T,16,43,1.0,0.5966877028513324,0.6244341542841916,0.5859956374815469,0.6286810024438408
W2-bN-p02,True,modality,TA,16,17,0.992445054945055,0.5712254259249073,0.6379244953654645,0.5836977978401512,0.628974096374236
W2-bN-p02,True,modality,TA,16,29,0.992445054945055,0.5844420117917973,0.6249466225469201,0.5836977978401512,0.628974096374236
W2-bN-p02,True,modality,TA,16,43,0.992445054945055,0.595425955803749,0.6240511712103232,0.5836977978401512,0.628974096374236
W2-bN-p02,True,modality,TV,16,17,0.9625686813186813,0.5749593338053721,0.6349007849387621,0.5845162513551975,0.626598125140435
W2-bN-p02,True,modality,TV,16,29,0.9625686813186813,0.5830812707276608,0.622185392336984,0.5845162513551975,0.626598125140435
W2-bN-p02,True,modality,TV,16,43,0.9625686813186813,0.5955081495325594,0.622708198145559,0.5845162513551975,0.626598125140435
W2-bN-p02,True,modality,V,16,17,0.9625686813186813,0.5887085615791591,0.6207799147718299,0.5968762524319652,0.6064617645928997
W2-bN-p02,True,modality,V,16,29,0.9625686813186813,0.6002802441611922,0.5970585845603543,0.5968762524319652,0.6064617645928997
W2-bN-p02,True,modality,V,16,43,0.9625686813186813,0.6016399515555445,0.6015467944465148,0.5968762524319652,0.6064617645928997
W2-bN-p02,True,rate,0.1,24,17,0.9809981684981685,0.5862457427851091,0.6227398782530811,0.5955182419384676,0.6090339760419367
W2-bN-p02,True,rate,0.1,24,29,0.9809981684981685,0.5971192542744974,0.6011535365925985,0.5955182419384676,0.6090339760419367
W2-bN-p02,True,rate,0.1,24,43,0.9809981684981685,0.603189728755796,0.6032085132801301,0.5955182419384676,0.6090339760419367
W2-bN-p02,True,rate,0.3,24,17,0.9809981684981685,0.58579690833834,0.6251003507377024,0.5961987925764833,0.6125917259254778
W2-bN-p02,True,rate,0.3,24,29,0.9809981684981685,0.5981058057887753,0.6055166786971088,0.5961987925764833,0.6125917259254778
W2-bN-p02,True,rate,0.3,24,43,0.9809981684981685,0.6046936636023349,0.6071581483416223,0.5961987925764833,0.6125917259254778
W2-bN-p02,True,rate,0.5,24,17,0.9809981684981685,0.5811616984170571,0.6279244963484666,0.5910886645004345,0.6171204582309975
W2-bN-p02,True,rate,0.5,24,29,0.9809981684981685,0.5917703808085265,0.6109148089676643,0.5910886645004345,0.6171204582309975
W2-bN-p02,True,rate,0.5,24,43,0.9809981684981685,0.6003339142757199,0.6125220693768617,0.5910886645004345,0.6171204582309975
W2-bN-p02,True,rate,0.7,24,17,0.9720695970695972,0.572810379989265,0.639286697983329,0.5815908357680322,0.6308050450854478
W2-bN-p02,True,rate,0.7,24,29,0.9720695970695972,0.581317247165997,0.6247787415884839,0.5815908357680322,0.6308050450854478
W2-bN-p02,True,rate,0.7,24,43,0.9720695970695972,0.5906448801488345,0.6283496956845301,0.5815908357680322,0.6308050450854478
W2-bN-p02,True,position,back,24,17,0.9787660256410257,0.5791168706531274,0.6294823563483798,0.5891014155960957,0.6179397213843077
W2-bN-p02,True,position,back,24,29,0.9787660256410257,0.5880434315566047,0.6149955519602092,0.5891014155960957,0.6179397213843077
W2-bN-p02,True,position,back,24,43,0.9787660256410257,0.6001439445785554,0.6093412558443344,0.5891014155960957,0.6179397213843077
W2-bN-p02,True,position,front,24,17,0.9787660256410257,0.5796773946547596,0.6337438723690673,0.5910242913958964,0.6225109539261907
W2-bN-p02,True,position,front,24,29,0.9787660256410257,0.592241664239444,0.6151781368671003,0.5910242913958964,0.6225109539261907
W2-bN-p02,True,position,front,24,43,0.9787660256410257,0.6011538152934857,0.6186108525424047,0.5910242913958964,0.6225109539261907
W2-bN-p02,True,position,middle,24,17,0.9787660256410257,0.585042154722264,0.6244307159063033,0.592703564878462,0.6130100366572973
W2-bN-p02,True,position,middle,24,29,0.9787660256410257,0.5949141191723429,0.603943201175596,0.592703564878462,0.6130100366572973
W2-bN-p02,True,position,middle,24,43,0.9787660256410257,0.5981544207407791,0.6106561928899925,0.592703564878462,0.6130100366572973
W2-bN-p02,True,position,random,24,17,0.9787660256410257,0.5821783094996201,0.6273944786988287,0.5915672629129634,0.6160904933160638
W2-bN-p02,True,position,random,24,29,0.9787660256410257,0.5931134730694045,0.6082468758429499,0.5915672629129634,0.6160904933160638
W2-bN-p02,True,position,random,24,43,0.9787660256410257,0.5994100061698654,0.6126301254064127,0.5915672629129634,0.6160904933160638
W2-bN-p04,True,modality,A,16,17,0.992445054945055,0.5964336479731956,0.6209392651558735,0.6035872231398131,0.6068303743637028
W2-bN-p04,True,modality,A,16,29,0.992445054945055,0.6062179689875308,0.5974292152692354,0.6035872231398131,0.6068303743637028
W2-bN-p04,True,modality,A,16,43,0.992445054945055,0.6081100524587127,0.6021226426659995,0.6035872231398131,0.6068303743637028
W2-bN-p04,True,modality,AV,16,17,0.9625686813186813,0.5931860443269443,0.6212050392001708,0.6024735130675993,0.6067814450106752
W2-bN-p04,True,modality,AV,16,29,0.9625686813186813,0.6060098748995602,0.5971446165597264,0.6024735130675993,0.6067814450106752
W2-bN-p04,True,modality,AV,16,43,0.9625686813186813,0.6082246199762934,0.6019946792721285,0.6024735130675993,0.6067814450106752
W2-bN-p04,True,modality,T,16,17,1.0,0.5756531731271189,0.6368276355517678,0.5842484805355291,0.6286810024438408
W2-bN-p04,True,modality,T,16,29,1.0,0.5864023650323981,0.624781217495563,0.5842484805355291,0.6286810024438408
W2-bN-p04,True,modality,T,16,43,1.0,0.5906899034470704,0.6244341542841916,0.5842484805355291,0.6286810024438408
W2-bN-p04,True,modality,TA,16,17,0.992445054945055,0.5771057567166027,0.6379244953654645,0.5839748832630571,0.628974096374236
W2-bN-p04,True,modality,TA,16,29,0.992445054945055,0.5856052733546772,0.6249466225469201,0.5839748832630571,0.628974096374236
W2-bN-p04,True,modality,TA,16,43,0.992445054945055,0.5892136197178915,0.6240511712103232,0.5839748832630571,0.628974096374236
W2-bN-p04,True,modality,TV,16,17,0.9625686813186813,0.574327674201641,0.6349007849387621,0.5848722136307124,0.626598125140435
W2-bN-p04,True,modality,TV,16,29,0.9625686813186813,0.5884400531954627,0.622185392336984,0.5848722136307124,0.626598125140435
W2-bN-p04,True,modality,TV,16,43,0.9625686813186813,0.5918489134950334,0.622708198145559,0.5848722136307124,0.626598125140435
W2-bN-p04,True,modality,V,16,17,0.9625686813186813,0.5953044946359539,0.6207799147718299,0.6027029851339022,0.6064617645928997
W2-bN-p04,True,modality,V,16,29,0.9625686813186813,0.6066778587496405,0.5970585845603543,0.6027029851339022,0.6064617645928997
W2-bN-p04,True,modality,V,16,43,0.9625686813186813,0.6061266020161121,0.6015467944465148,0.6027029851339022,0.6064617645928997
W2-bN-p04,True,rate,0.1,24,17,0.9809981684981685,0.5940884853813971,0.6227398782530811,0.6014092521920847,0.6090339760419367
W2-bN-p04,True,rate,0.1,24,29,0.9809981684981685,0.604759300676717,0.6011535365925985,0.6014092521920847,0.6090339760419367
W2-bN-p04,True,rate,0.1,24,43,0.9809981684981685,0.6053799705181401,0.6032085132801301,0.6014092521920847,0.6090339760419367
W2-bN-p04,True,rate,0.3,24,17,0.9809981684981685,0.5932285368708409,0.6251003507377024,0.6011203974526622,0.6125917259254778
W2-bN-p04,True,rate,0.3,24,29,0.9809981684981685,0.6047433794117204,0.6055166786971088,0.6011203974526622,0.6125917259254778
W2-bN-p04,True,rate,0.3,24,43,0.9809981684981685,0.6053892760754253,0.6071581483416223,0.6011203974526622,0.6125917259254778
W2-bN-p04,True,rate,0.5,24,17,0.9809981684981685,0.5826163655987985,0.6279244963484666,0.5914708750329912,0.6171204582309975
W2-bN-p04,True,rate,0.5,24,29,0.9809981684981685,0.5947598012426069,0.6109148089676643,0.5914708750329912,0.6171204582309975
W2-bN-p04,True,rate,0.5,24,43,0.9809981684981685,0.5970364582575683,0.6125220693768617,0.5914708750329912,0.6171204582309975
W2-bN-p04,True,rate,0.7,24,17,0.9720695970695972,0.5714071394699346,0.639286697983329,0.5805723411693374,0.6308050450854478
W2-bN-p04,True,rate,0.7,24,29,0.9720695970695972,0.5819731148151354,0.6247787415884839,0.5805723411693374,0.6308050450854478
W2-bN-p04,True,rate,0.7,24,43,0.9720695970695972,0.5883367692229423,0.6283496956845301,0.5805723411693374,0.6308050450854478
W2-bN-p04,True,position,back,24,17,0.9787660256410257,0.5831911140488691,0.6294823563483798,0.5929810881068226,0.6179397213843077
W2-bN-p04,True,position,back,24,29,0.9787660256410257,0.5925323122928124,0.6149955519602092,0.5929810881068226,0.6179397213843077
W2-bN-p04,True,position,back,24,43,0.9787660256410257,0.603219837978786,0.6093412558443344,0.5929810881068226,0.6179397213843077
W2-bN-p04,True,position,front,24,17,0.9787660256410257,0.5879807563316873,0.6337438723690673,0.5972231811497465,0.6225109539261907
W2-bN-p04,True,position,front,24,29,0.9787660256410257,0.6010102465649848,0.6151781368671003,0.5972231811497465,0.6225109539261907
W2-bN-p04,True,position,front,24,43,0.9787660256410257,0.6026785405525675,0.6186108525424047,0.5972231811497465,0.6225109539261907
W2-bN-p04,True,position,middle,24,17,0.9787660256410257,0.5857594167318938,0.6244307159063033,0.591672311626775,0.6130100366572973
W2-bN-p04,True,position,middle,24,29,0.9787660256410257,0.5965326531221297,0.603943201175596,0.591672311626775,0.6130100366572973
W2-bN-p04,True,position,middle,24,43,0.9787660256410257,0.5927248650263015,0.6106561928899925,0.591672311626775,0.6130100366572973
W2-bN-p04,True,position,random,24,17,0.9787660256410257,0.5844092402085209,0.6273944786988287,0.5926962849637315,0.6160904933160638
W2-bN-p04,True,position,random,24,29,0.9787660256410257,0.5961603841662526,0.6082468758429499,0.5926962849637315,0.6160904933160638
W2-bN-p04,True,position,random,24,43,0.9787660256410257,0.5975192305164209,0.6126301254064127,0.5926962849637315,0.6160904933160638
